Command line invocation:
    /Applications/Xcode.app/Contents/Developer/usr/bin/xcodebuild build -project Morsel.xcodeproj -scheme Morsel -destination "platform=iOS Simulator,id=59DDC0C5-891E-4EC0-91AF-4F50DF68D793" -derivedDataPath /Volumes/NVMe2TB/BuildCaches/herdr-build-cache/morsel-bd5866df7b69c0b0/DerivedData CODE_SIGNING_ALLOWED=NO

Build settings from command line:
    CODE_SIGNING_ALLOWED = NO

Resolve Package Graph


Resolved source packages:
  swift-concurrency-extras: https://github.com/pointfreeco/swift-concurrency-extras @ 1.4.1
  swift-asn1: https://github.com/apple/swift-asn1.git @ 1.7.1
  swift-clocks: https://github.com/pointfreeco/swift-clocks @ 1.1.1
  Supabase: https://github.com/supabase/supabase-swift.git @ 2.55.1
  swift-crypto: https://github.com/apple/swift-crypto.git @ 4.5.1
  swift-http-types: https://github.com/apple/swift-http-types.git @ 1.6.0
  xctest-dynamic-overlay: https://github.com/pointfreeco/xctest-dynamic-overlay @ 1.13.1

ComputePackagePrebuildTargetDependencyGraph

Prepare packages

CreateBuildRequest

SendProjectDescription

CreateBuildOperation

ComputeTargetDependencyGraph
note: Building targets in dependency order
note: Target dependency graph (23 targets)
    Target 'Morsel' in project 'Morsel'
        ➜ Explicit dependency on target 'Supabase' in project 'Supabase'
    Target 'Supabase' in project 'Supabase'
        ➜ Explicit dependency on target 'Supabase' in project 'Supabase'
        ➜ Explicit dependency on target 'Helpers' in project 'Supabase'
        ➜ Explicit dependency on target 'Auth' in project 'Supabase'
        ➜ Explicit dependency on target 'Functions' in project 'Supabase'
        ➜ Explicit dependency on target 'PostgREST' in project 'Supabase'
        ➜ Explicit dependency on target 'RealtimeV2' in project 'Supabase'
        ➜ Explicit dependency on target 'Realtime' in project 'Supabase'
        ➜ Explicit dependency on target 'Storage' in project 'Supabase'
        ➜ Explicit dependency on target 'ConcurrencyExtras' in project 'swift-concurrency-extras'
        ➜ Explicit dependency on target 'HTTPTypes' in project 'swift-http-types'
        ➜ Explicit dependency on target 'Clocks' in project 'swift-clocks'
        ➜ Explicit dependency on target 'XCTestDynamicOverlay' in project 'xctest-dynamic-overlay'
        ➜ Explicit dependency on target 'IssueReporting' in project 'xctest-dynamic-overlay'
        ➜ Explicit dependency on target 'Crypto' in project 'swift-crypto'
    Target 'Supabase' in project 'Supabase'
        ➜ Explicit dependency on target 'Helpers' in project 'Supabase'
        ➜ Explicit dependency on target 'Auth' in project 'Supabase'
        ➜ Explicit dependency on target 'Functions' in project 'Supabase'
        ➜ Explicit dependency on target 'PostgREST' in project 'Supabase'
        ➜ Explicit dependency on target 'RealtimeV2' in project 'Supabase'
        ➜ Explicit dependency on target 'Realtime' in project 'Supabase'
        ➜ Explicit dependency on target 'Storage' in project 'Supabase'
        ➜ Explicit dependency on target 'ConcurrencyExtras' in project 'swift-concurrency-extras'
        ➜ Explicit dependency on target 'HTTPTypes' in project 'swift-http-types'
        ➜ Explicit dependency on target 'Clocks' in project 'swift-clocks'
        ➜ Explicit dependency on target 'XCTestDynamicOverlay' in project 'xctest-dynamic-overlay'
        ➜ Explicit dependency on target 'IssueReporting' in project 'xctest-dynamic-overlay'
        ➜ Explicit dependency on target 'Crypto' in project 'swift-crypto'
    Target 'Storage' in project 'Supabase'
        ➜ Explicit dependency on target 'Helpers' in project 'Supabase'
        ➜ Explicit dependency on target 'ConcurrencyExtras' in project 'swift-concurrency-extras'
        ➜ Explicit dependency on target 'HTTPTypes' in project 'swift-http-types'
        ➜ Explicit dependency on target 'Clocks' in project 'swift-clocks'
        ➜ Explicit dependency on target 'XCTestDynamicOverlay' in project 'xctest-dynamic-overlay'
        ➜ Explicit dependency on target 'IssueReporting' in project 'xctest-dynamic-overlay'
    Target 'Realtime' in project 'Supabase'
        ➜ Explicit dependency on target 'Helpers' in project 'Supabase'
        ➜ Explicit dependency on target 'RealtimeV2' in project 'Supabase'
        ➜ Explicit dependency on target 'ConcurrencyExtras' in project 'swift-concurrency-extras'
        ➜ Explicit dependency on target 'HTTPTypes' in project 'swift-http-types'
        ➜ Explicit dependency on target 'Clocks' in project 'swift-clocks'
        ➜ Explicit dependency on target 'XCTestDynamicOverlay' in project 'xctest-dynamic-overlay'
        ➜ Explicit dependency on target 'IssueReporting' in project 'xctest-dynamic-overlay'
    Target 'RealtimeV2' in project 'Supabase'
        ➜ Explicit dependency on target 'Helpers' in project 'Supabase'
        ➜ Explicit dependency on target 'ConcurrencyExtras' in project 'swift-concurrency-extras'
        ➜ Explicit dependency on target 'HTTPTypes' in project 'swift-http-types'
        ➜ Explicit dependency on target 'Clocks' in project 'swift-clocks'
        ➜ Explicit dependency on target 'XCTestDynamicOverlay' in project 'xctest-dynamic-overlay'
        ➜ Explicit dependency on target 'IssueReporting' in project 'xctest-dynamic-overlay'
    Target 'PostgREST' in project 'Supabase'
        ➜ Explicit dependency on target 'Helpers' in project 'Supabase'
        ➜ Explicit dependency on target 'ConcurrencyExtras' in project 'swift-concurrency-extras'
        ➜ Explicit dependency on target 'HTTPTypes' in project 'swift-http-types'
        ➜ Explicit dependency on target 'Clocks' in project 'swift-clocks'
        ➜ Explicit dependency on target 'XCTestDynamicOverlay' in project 'xctest-dynamic-overlay'
        ➜ Explicit dependency on target 'IssueReporting' in project 'xctest-dynamic-overlay'
    Target 'Functions' in project 'Supabase'
        ➜ Explicit dependency on target 'Helpers' in project 'Supabase'
        ➜ Explicit dependency on target 'ConcurrencyExtras' in project 'swift-concurrency-extras'
        ➜ Explicit dependency on target 'HTTPTypes' in project 'swift-http-types'
        ➜ Explicit dependency on target 'Clocks' in project 'swift-clocks'
        ➜ Explicit dependency on target 'XCTestDynamicOverlay' in project 'xctest-dynamic-overlay'
        ➜ Explicit dependency on target 'IssueReporting' in project 'xctest-dynamic-overlay'
    Target 'Auth' in project 'Supabase'
        ➜ Explicit dependency on target 'Helpers' in project 'Supabase'
        ➜ Explicit dependency on target 'ConcurrencyExtras' in project 'swift-concurrency-extras'
        ➜ Explicit dependency on target 'HTTPTypes' in project 'swift-http-types'
        ➜ Explicit dependency on target 'Clocks' in project 'swift-clocks'
        ➜ Explicit dependency on target 'XCTestDynamicOverlay' in project 'xctest-dynamic-overlay'
        ➜ Explicit dependency on target 'IssueReporting' in project 'xctest-dynamic-overlay'
        ➜ Explicit dependency on target 'Crypto' in project 'swift-crypto'
    Target 'Crypto' in project 'swift-crypto'
        ➜ Explicit dependency on target 'Crypto' in project 'swift-crypto'
        ➜ Explicit dependency on target 'swift-crypto_Crypto' in project 'swift-crypto'
    Target 'Crypto' in project 'swift-crypto'
        ➜ Explicit dependency on target 'swift-crypto_Crypto' in project 'swift-crypto'
    Target 'swift-crypto_Crypto' in project 'swift-crypto' (no dependencies)
    Target 'Helpers' in project 'Supabase'
        ➜ Explicit dependency on target 'ConcurrencyExtras' in project 'swift-concurrency-extras'
        ➜ Explicit dependency on target 'HTTPTypes' in project 'swift-http-types'
        ➜ Explicit dependency on target 'Clocks' in project 'swift-clocks'
        ➜ Explicit dependency on target 'XCTestDynamicOverlay' in project 'xctest-dynamic-overlay'
        ➜ Explicit dependency on target 'IssueReporting' in project 'xctest-dynamic-overlay'
    Target 'XCTestDynamicOverlay' in project 'xctest-dynamic-overlay'
        ➜ Explicit dependency on target 'XCTestDynamicOverlay' in project 'xctest-dynamic-overlay'
        ➜ Explicit dependency on target 'IssueReporting' in project 'xctest-dynamic-overlay'
    Target 'XCTestDynamicOverlay' in project 'xctest-dynamic-overlay'
        ➜ Explicit dependency on target 'IssueReporting' in project 'xctest-dynamic-overlay'
    Target 'Clocks' in project 'swift-clocks'
        ➜ Explicit dependency on target 'Clocks' in project 'swift-clocks'
        ➜ Explicit dependency on target 'ConcurrencyExtras' in project 'swift-concurrency-extras'
        ➜ Explicit dependency on target 'IssueReporting' in project 'xctest-dynamic-overlay'
    Target 'Clocks' in project 'swift-clocks'
        ➜ Explicit dependency on target 'ConcurrencyExtras' in project 'swift-concurrency-extras'
        ➜ Explicit dependency on target 'IssueReporting' in project 'xctest-dynamic-overlay'
    Target 'IssueReporting' in project 'xctest-dynamic-overlay'
        ➜ Explicit dependency on target 'IssueReporting' in project 'xctest-dynamic-overlay'
    Target 'IssueReporting' in project 'xctest-dynamic-overlay' (no dependencies)
    Target 'HTTPTypes' in project 'swift-http-types'
        ➜ Explicit dependency on target 'HTTPTypes' in project 'swift-http-types'
    Target 'HTTPTypes' in project 'swift-http-types' (no dependencies)
    Target 'ConcurrencyExtras' in project 'swift-concurrency-extras'
        ➜ Explicit dependency on target 'ConcurrencyExtras' in project 'swift-concurrency-extras'
    Target 'ConcurrencyExtras' in project 'swift-concurrency-extras' (no dependencies)

GatherProvisioningInputs

CreateBuildDescription

ExecuteExternalTool /Applications/Xcode.app/Contents/Developer/Toolchains/XcodeDefault.xctoolchain/usr/bin/swiftc --version

ExecuteExternalTool /Applications/Xcode.app/Contents/Developer/Toolchains/XcodeDefault.xctoolchain/usr/bin/clang -v -E -dM -isysroot /Applications/Xcode.app/Contents/Developer/Platforms/iPhoneSimulator.platform/Developer/SDKs/iPhoneSimulator26.5.sdk -x c -c /dev/null

ExecuteExternalTool /Applications/Xcode.app/Contents/Developer/usr/bin/actool --print-asset-tag-combinations --output-format xml1 /Users/jirathip/.herdr/worktrees/morsel/issue-110-settings-theme/app/Assets.xcassets

ExecuteExternalTool /Applications/Xcode.app/Contents/Developer/Toolchains/XcodeDefault.xctoolchain/usr/bin/ld -version_details

ReadFileContents /Applications/Xcode.app/Contents/Developer/Toolchains/XcodeDefault.xctoolchain/usr/share/docc/features.json

ExecuteExternalTool /Applications/Xcode.app/Contents/Developer/usr/bin/actool --version --output-format xml1

Build description signature: 90357d3543835891302a62780fb5a577
Build description path: /Volumes/NVMe2TB/BuildCaches/herdr-build-cache/morsel-bd5866df7b69c0b0/DerivedData/Build/Intermediates.noindex/XCBuildData/90357d3543835891302a62780fb5a577.xcbuilddata
ClangStatCache /Applications/Xcode.app/Contents/Developer/Toolchains/XcodeDefault.xctoolchain/usr/bin/clang-stat-cache /Applications/Xcode.app/Contents/Developer/Platforms/iPhoneSimulator.platform/Developer/SDKs/iPhoneSimulator26.5.sdk /Volumes/NVMe2TB/BuildCaches/herdr-build-cache/morsel-bd5866df7b69c0b0/DerivedData/SDKStatCaches.noindex/iphonesimulator26.5-23F81a-6cfe768891a92b912361537c460fe42b.sdkstatcache
    cd /Users/jirathip/.herdr/worktrees/morsel/issue-110-settings-theme/app/Morsel.xcodeproj
    /Applications/Xcode.app/Contents/Developer/Toolchains/XcodeDefault.xctoolchain/usr/bin/clang-stat-cache /Applications/Xcode.app/Contents/Developer/Platforms/iPhoneSimulator.platform/Developer/SDKs/iPhoneSimulator26.5.sdk -o /Volumes/NVMe2TB/BuildCaches/herdr-build-cache/morsel-bd5866df7b69c0b0/DerivedData/SDKStatCaches.noindex/iphonesimulator26.5-23F81a-6cfe768891a92b912361537c460fe42b.sdkstatcache

ProcessInfoPlistFile /Volumes/NVMe2TB/BuildCaches/herdr-build-cache/morsel-bd5866df7b69c0b0/DerivedData/Build/Products/Debug-iphonesimulator/swift-crypto_Crypto.bundle/Info.plist /Volumes/NVMe2TB/BuildCaches/herdr-build-cache/morsel-bd5866df7b69c0b0/DerivedData/Build/Intermediates.noindex/swift-crypto.build/Debug-iphonesimulator/swift-crypto_Crypto.build/empty-swift-crypto_Crypto.plist (in target 'swift-crypto_Crypto' from project 'swift-crypto')
    cd /Volumes/NVMe2TB/BuildCaches/herdr-build-cache/morsel-bd5866df7b69c0b0/DerivedData/SourcePackages/checkouts/swift-crypto
    builtin-infoPlistUtility /Volumes/NVMe2TB/BuildCaches/herdr-build-cache/morsel-bd5866df7b69c0b0/DerivedData/Build/Intermediates.noindex/swift-crypto.build/Debug-iphonesimulator/swift-crypto_Crypto.build/empty-swift-crypto_Crypto.plist -producttype com.apple.product-type.bundle -expandbuildsettings -format binary -platform iphonesimulator -o /Volumes/NVMe2TB/BuildCaches/herdr-build-cache/morsel-bd5866df7b69c0b0/DerivedData/Build/Products/Debug-iphonesimulator/swift-crypto_Crypto.bundle/Info.plist

Ld /Volumes/NVMe2TB/BuildCaches/herdr-build-cache/morsel-bd5866df7b69c0b0/DerivedData/Build/Products/Debug-iphonesimulator/HTTPTypes.o normal (in target 'HTTPTypes' from project 'swift-http-types')
    cd /Volumes/NVMe2TB/BuildCaches/herdr-build-cache/morsel-bd5866df7b69c0b0/DerivedData/SourcePackages/checkouts/swift-http-types
    /Applications/Xcode.app/Contents/Developer/Toolchains/XcodeDefault.xctoolchain/usr/bin/clang -Xlinker -reproducible -target arm64-apple-ios12.0-simulator -r -isysroot /Applications/Xcode.app/Contents/Developer/Platforms/iPhoneSimulator.platform/Developer/SDKs/iPhoneSimulator26.5.sdk -O0 -w -F/Volumes/NVMe2TB/BuildCaches/herdr-build-cache/morsel-bd5866df7b69c0b0/DerivedData/Build/Intermediates.noindex/EagerLinkingTBDs/Debug-iphonesimulator -F/Volumes/NVMe2TB/BuildCaches/herdr-build-cache/morsel-bd5866df7b69c0b0/DerivedData/Build/Products/Debug-iphonesimulator -iframework /Applications/Xcode.app/Contents/Developer/Platforms/iPhoneSimulator.platform/Developer/Library/Frameworks -iframework /Applications/Xcode.app/Contents/Developer/Platforms/iPhoneSimulator.platform/Developer/SDKs/iPhoneSimulator26.5.sdk/Developer/Library/Frameworks -filelist /Volumes/NVMe2TB/BuildCaches/herdr-build-cache/morsel-bd5866df7b69c0b0/DerivedData/Build/Intermediates.noindex/swift-http-types.build/Debug-iphonesimulator/HTTPTypes.build/Objects-normal/arm64/HTTPTypes.LinkFileList -nostdlib -Xlinker -object_path_lto -Xlinker /Volumes/NVMe2TB/BuildCaches/herdr-build-cache/morsel-bd5866df7b69c0b0/DerivedData/Build/Intermediates.noindex/swift-http-types.build/Debug-iphonesimulator/HTTPTypes.build/Objects-normal/arm64/HTTPTypes_lto.o -Xlinker -no_deduplicate -Xlinker -objc_abi_version -Xlinker 2 -Xlinker -dependency_info -Xlinker /Volumes/NVMe2TB/BuildCaches/herdr-build-cache/morsel-bd5866df7b69c0b0/DerivedData/Build/Intermediates.noindex/swift-http-types.build/Debug-iphonesimulator/HTTPTypes.build/Objects-normal/arm64/HTTPTypes_dependency_info.dat -fobjc-link-runtime -L/Applications/Xcode.app/Contents/Developer/Toolchains/XcodeDefault.xctoolchain/usr/lib/swift/iphonesimulator -L/usr/lib/swift -Xlinker -add_ast_path -Xlinker /Volumes/NVMe2TB/BuildCaches/herdr-build-cache/morsel-bd5866df7b69c0b0/DerivedData/Build/Intermediates.noindex/swift-http-types.build/Debug-iphonesimulator/HTTPTypes.build/Objects-normal/arm64/HTTPTypes.swiftmodule @/Volumes/NVMe2TB/BuildCaches/herdr-build-cache/morsel-bd5866df7b69c0b0/DerivedData/Build/Intermediates.noindex/swift-http-types.build/Debug-iphonesimulator/HTTPTypes.build/Objects-normal/arm64/HTTPTypes-linker-args.resp -o /Volumes/NVMe2TB/BuildCaches/herdr-build-cache/morsel-bd5866df7b69c0b0/DerivedData/Build/Products/Debug-iphonesimulator/HTTPTypes.o

Ld /Volumes/NVMe2TB/BuildCaches/herdr-build-cache/morsel-bd5866df7b69c0b0/DerivedData/Build/Products/Debug-iphonesimulator/Crypto.o normal (in target 'Crypto' from project 'swift-crypto')
    cd /Volumes/NVMe2TB/BuildCaches/herdr-build-cache/morsel-bd5866df7b69c0b0/DerivedData/SourcePackages/checkouts/swift-crypto
    /Applications/Xcode.app/Contents/Developer/Toolchains/XcodeDefault.xctoolchain/usr/bin/clang -Xlinker -reproducible -target arm64-apple-ios12.0-simulator -r -isysroot /Applications/Xcode.app/Contents/Developer/Platforms/iPhoneSimulator.platform/Developer/SDKs/iPhoneSimulator26.5.sdk -O0 -w -F/Volumes/NVMe2TB/BuildCaches/herdr-build-cache/morsel-bd5866df7b69c0b0/DerivedData/Build/Intermediates.noindex/EagerLinkingTBDs/Debug-iphonesimulator -F/Volumes/NVMe2TB/BuildCaches/herdr-build-cache/morsel-bd5866df7b69c0b0/DerivedData/Build/Products/Debug-iphonesimulator -iframework /Applications/Xcode.app/Contents/Developer/Platforms/iPhoneSimulator.platform/Developer/Library/Frameworks -iframework /Applications/Xcode.app/Contents/Developer/Platforms/iPhoneSimulator.platform/Developer/SDKs/iPhoneSimulator26.5.sdk/Developer/Library/Frameworks -filelist /Volumes/NVMe2TB/BuildCaches/herdr-build-cache/morsel-bd5866df7b69c0b0/DerivedData/Build/Intermediates.noindex/swift-crypto.build/Debug-iphonesimulator/Crypto.build/Objects-normal/arm64/Crypto.LinkFileList -nostdlib -Xlinker -object_path_lto -Xlinker /Volumes/NVMe2TB/BuildCaches/herdr-build-cache/morsel-bd5866df7b69c0b0/DerivedData/Build/Intermediates.noindex/swift-crypto.build/Debug-iphonesimulator/Crypto.build/Objects-normal/arm64/Crypto_lto.o -Xlinker -no_deduplicate -Xlinker -objc_abi_version -Xlinker 2 -Xlinker -dependency_info -Xlinker /Volumes/NVMe2TB/BuildCaches/herdr-build-cache/morsel-bd5866df7b69c0b0/DerivedData/Build/Intermediates.noindex/swift-crypto.build/Debug-iphonesimulator/Crypto.build/Objects-normal/arm64/Crypto_dependency_info.dat -fobjc-link-runtime -L/Applications/Xcode.app/Contents/Developer/Toolchains/XcodeDefault.xctoolchain/usr/lib/swift/iphonesimulator -L/usr/lib/swift -Xlinker -add_ast_path -Xlinker /Volumes/NVMe2TB/BuildCaches/herdr-build-cache/morsel-bd5866df7b69c0b0/DerivedData/Build/Intermediates.noindex/swift-crypto.build/Debug-iphonesimulator/Crypto.build/Objects-normal/arm64/Crypto.swiftmodule @/Volumes/NVMe2TB/BuildCaches/herdr-build-cache/morsel-bd5866df7b69c0b0/DerivedData/Build/Intermediates.noindex/swift-crypto.build/Debug-iphonesimulator/Crypto.build/Objects-normal/arm64/Crypto-linker-args.resp -o /Volumes/NVMe2TB/BuildCaches/herdr-build-cache/morsel-bd5866df7b69c0b0/DerivedData/Build/Products/Debug-iphonesimulator/Crypto.o

Ld /Volumes/NVMe2TB/BuildCaches/herdr-build-cache/morsel-bd5866df7b69c0b0/DerivedData/Build/Products/Debug-iphonesimulator/IssueReporting.o normal (in target 'IssueReporting' from project 'xctest-dynamic-overlay')
    cd /Volumes/NVMe2TB/BuildCaches/herdr-build-cache/morsel-bd5866df7b69c0b0/DerivedData/SourcePackages/checkouts/xctest-dynamic-overlay
    /Applications/Xcode.app/Contents/Developer/Toolchains/XcodeDefault.xctoolchain/usr/bin/clang -Xlinker -reproducible -target arm64-apple-ios13.0-simulator -r -isysroot /Applications/Xcode.app/Contents/Developer/Platforms/iPhoneSimulator.platform/Developer/SDKs/iPhoneSimulator26.5.sdk -O0 -w -F/Volumes/NVMe2TB/BuildCaches/herdr-build-cache/morsel-bd5866df7b69c0b0/DerivedData/Build/Intermediates.noindex/EagerLinkingTBDs/Debug-iphonesimulator -F/Volumes/NVMe2TB/BuildCaches/herdr-build-cache/morsel-bd5866df7b69c0b0/DerivedData/Build/Products/Debug-iphonesimulator -iframework /Applications/Xcode.app/Contents/Developer/Platforms/iPhoneSimulator.platform/Developer/Library/Frameworks -iframework /Applications/Xcode.app/Contents/Developer/Platforms/iPhoneSimulator.platform/Developer/SDKs/iPhoneSimulator26.5.sdk/Developer/Library/Frameworks -filelist /Volumes/NVMe2TB/BuildCaches/herdr-build-cache/morsel-bd5866df7b69c0b0/DerivedData/Build/Intermediates.noindex/xctest-dynamic-overlay.build/Debug-iphonesimulator/IssueReporting.build/Objects-normal/arm64/IssueReporting.LinkFileList -nostdlib -Xlinker -object_path_lto -Xlinker /Volumes/NVMe2TB/BuildCaches/herdr-build-cache/morsel-bd5866df7b69c0b0/DerivedData/Build/Intermediates.noindex/xctest-dynamic-overlay.build/Debug-iphonesimulator/IssueReporting.build/Objects-normal/arm64/IssueReporting_lto.o -Xlinker -no_deduplicate -Xlinker -objc_abi_version -Xlinker 2 -Xlinker -dependency_info -Xlinker /Volumes/NVMe2TB/BuildCaches/herdr-build-cache/morsel-bd5866df7b69c0b0/DerivedData/Build/Intermediates.noindex/xctest-dynamic-overlay.build/Debug-iphonesimulator/IssueReporting.build/Objects-normal/arm64/IssueReporting_dependency_info.dat -fobjc-link-runtime -L/Applications/Xcode.app/Contents/Developer/Toolchains/XcodeDefault.xctoolchain/usr/lib/swift/iphonesimulator -L/usr/lib/swift -Xlinker -add_ast_path -Xlinker /Volumes/NVMe2TB/BuildCaches/herdr-build-cache/morsel-bd5866df7b69c0b0/DerivedData/Build/Intermediates.noindex/xctest-dynamic-overlay.build/Debug-iphonesimulator/IssueReporting.build/Objects-normal/arm64/IssueReporting.swiftmodule @/Volumes/NVMe2TB/BuildCaches/herdr-build-cache/morsel-bd5866df7b69c0b0/DerivedData/Build/Intermediates.noindex/xctest-dynamic-overlay.build/Debug-iphonesimulator/IssueReporting.build/Objects-normal/arm64/IssueReporting-linker-args.resp -o /Volumes/NVMe2TB/BuildCaches/herdr-build-cache/morsel-bd5866df7b69c0b0/DerivedData/Build/Products/Debug-iphonesimulator/IssueReporting.o

Ld /Volumes/NVMe2TB/BuildCaches/herdr-build-cache/morsel-bd5866df7b69c0b0/DerivedData/Build/Products/Debug-iphonesimulator/ConcurrencyExtras.o normal (in target 'ConcurrencyExtras' from project 'swift-concurrency-extras')
    cd /Volumes/NVMe2TB/BuildCaches/herdr-build-cache/morsel-bd5866df7b69c0b0/DerivedData/SourcePackages/checkouts/swift-concurrency-extras
    /Applications/Xcode.app/Contents/Developer/Toolchains/XcodeDefault.xctoolchain/usr/bin/clang -Xlinker -reproducible -target arm64-apple-ios13.0-simulator -r -isysroot /Applications/Xcode.app/Contents/Developer/Platforms/iPhoneSimulator.platform/Developer/SDKs/iPhoneSimulator26.5.sdk -O0 -w -F/Volumes/NVMe2TB/BuildCaches/herdr-build-cache/morsel-bd5866df7b69c0b0/DerivedData/Build/Intermediates.noindex/EagerLinkingTBDs/Debug-iphonesimulator -F/Volumes/NVMe2TB/BuildCaches/herdr-build-cache/morsel-bd5866df7b69c0b0/DerivedData/Build/Products/Debug-iphonesimulator -iframework /Applications/Xcode.app/Contents/Developer/Platforms/iPhoneSimulator.platform/Developer/Library/Frameworks -iframework /Applications/Xcode.app/Contents/Developer/Platforms/iPhoneSimulator.platform/Developer/SDKs/iPhoneSimulator26.5.sdk/Developer/Library/Frameworks -filelist /Volumes/NVMe2TB/BuildCaches/herdr-build-cache/morsel-bd5866df7b69c0b0/DerivedData/Build/Intermediates.noindex/swift-concurrency-extras.build/Debug-iphonesimulator/ConcurrencyExtras.build/Objects-normal/arm64/ConcurrencyExtras.LinkFileList -nostdlib -Xlinker -object_path_lto -Xlinker /Volumes/NVMe2TB/BuildCaches/herdr-build-cache/morsel-bd5866df7b69c0b0/DerivedData/Build/Intermediates.noindex/swift-concurrency-extras.build/Debug-iphonesimulator/ConcurrencyExtras.build/Objects-normal/arm64/ConcurrencyExtras_lto.o -Xlinker -no_deduplicate -Xlinker -objc_abi_version -Xlinker 2 -Xlinker -dependency_info -Xlinker /Volumes/NVMe2TB/BuildCaches/herdr-build-cache/morsel-bd5866df7b69c0b0/DerivedData/Build/Intermediates.noindex/swift-concurrency-extras.build/Debug-iphonesimulator/ConcurrencyExtras.build/Objects-normal/arm64/ConcurrencyExtras_dependency_info.dat -fobjc-link-runtime -L/Applications/Xcode.app/Contents/Developer/Toolchains/XcodeDefault.xctoolchain/usr/lib/swift/iphonesimulator -L/usr/lib/swift -Xlinker -add_ast_path -Xlinker /Volumes/NVMe2TB/BuildCaches/herdr-build-cache/morsel-bd5866df7b69c0b0/DerivedData/Build/Intermediates.noindex/swift-concurrency-extras.build/Debug-iphonesimulator/ConcurrencyExtras.build/Objects-normal/arm64/ConcurrencyExtras.swiftmodule @/Volumes/NVMe2TB/BuildCaches/herdr-build-cache/morsel-bd5866df7b69c0b0/DerivedData/Build/Intermediates.noindex/swift-concurrency-extras.build/Debug-iphonesimulator/ConcurrencyExtras.build/Objects-normal/arm64/ConcurrencyExtras-linker-args.resp -o /Volumes/NVMe2TB/BuildCaches/herdr-build-cache/morsel-bd5866df7b69c0b0/DerivedData/Build/Products/Debug-iphonesimulator/ConcurrencyExtras.o

SwiftDriver Morsel normal arm64 com.apple.xcode.tools.swift.compiler (in target 'Morsel' from project 'Morsel')
    cd /Users/jirathip/.herdr/worktrees/morsel/issue-110-settings-theme/app
    builtin-SwiftDriver -- /Applications/Xcode.app/Contents/Developer/Toolchains/XcodeDefault.xctoolchain/usr/bin/swiftc -module-name Morsel -Onone @/Volumes/NVMe2TB/BuildCaches/herdr-build-cache/morsel-bd5866df7b69c0b0/DerivedData/Build/Intermediates.noindex/Morsel.build/Debug-iphonesimulator/Morsel.build/Objects-normal/arm64/Morsel.SwiftFileList -DDEBUG -enable-bare-slash-regex -enable-experimental-feature DebugDescriptionMacro -sdk /Applications/Xcode.app/Contents/Developer/Platforms/iPhoneSimulator.platform/Developer/SDKs/iPhoneSimulator26.5.sdk -target arm64-apple-ios17.0-simulator -g -module-cache-path /Volumes/NVMe2TB/BuildCaches/herdr-build-cache/morsel-bd5866df7b69c0b0/DerivedData/ModuleCache.noindex -Xfrontend -serialize-debugging-options -enable-testing -index-store-path /Volumes/NVMe2TB/BuildCaches/herdr-build-cache/morsel-bd5866df7b69c0b0/DerivedData/Index.noindex/DataStore -Xcc -D_LIBCPP_HARDENING_MODE\=_LIBCPP_HARDENING_MODE_DEBUG -swift-version 5 -I /Volumes/NVMe2TB/BuildCaches/herdr-build-cache/morsel-bd5866df7b69c0b0/DerivedData/Build/Products/Debug-iphonesimulator -F /Volumes/NVMe2TB/BuildCaches/herdr-build-cache/morsel-bd5866df7b69c0b0/DerivedData/Build/Products/Debug-iphonesimulator/PackageFrameworks -F /Volumes/NVMe2TB/BuildCaches/herdr-build-cache/morsel-bd5866df7b69c0b0/DerivedData/Build/Products/Debug-iphonesimulator/PackageFrameworks -F /Volumes/NVMe2TB/BuildCaches/herdr-build-cache/morsel-bd5866df7b69c0b0/DerivedData/Build/Products/Debug-iphonesimulator/PackageFrameworks -F /Volumes/NVMe2TB/BuildCaches/herdr-build-cache/morsel-bd5866df7b69c0b0/DerivedData/Build/Products/Debug-iphonesimulator/PackageFrameworks -F /Volumes/NVMe2TB/BuildCaches/herdr-build-cache/morsel-bd5866df7b69c0b0/DerivedData/Build/Products/Debug-iphonesimulator/PackageFrameworks -F /Volumes/NVMe2TB/BuildCaches/herdr-build-cache/morsel-bd5866df7b69c0b0/DerivedData/Build/Products/Debug-iphonesimulator/PackageFrameworks -F /Volumes/NVMe2TB/BuildCaches/herdr-build-cache/morsel-bd5866df7b69c0b0/DerivedData/Build/Products/Debug-iphonesimulator/PackageFrameworks -F /Volumes/NVMe2TB/BuildCaches/herdr-build-cache/morsel-bd5866df7b69c0b0/DerivedData/Build/Products/Debug-iphonesimulator/PackageFrameworks -F /Volumes/NVMe2TB/BuildCaches/herdr-build-cache/morsel-bd5866df7b69c0b0/DerivedData/Build/Products/Debug-iphonesimulator/PackageFrameworks -F /Volumes/NVMe2TB/BuildCaches/herdr-build-cache/morsel-bd5866df7b69c0b0/DerivedData/Build/Products/Debug-iphonesimulator/PackageFrameworks -F /Volumes/NVMe2TB/BuildCaches/herdr-build-cache/morsel-bd5866df7b69c0b0/DerivedData/Build/Products/Debug-iphonesimulator/PackageFrameworks -F /Volumes/NVMe2TB/BuildCaches/herdr-build-cache/morsel-bd5866df7b69c0b0/DerivedData/Build/Products/Debug-iphonesimulator/PackageFrameworks -F /Volumes/NVMe2TB/BuildCaches/herdr-build-cache/morsel-bd5866df7b69c0b0/DerivedData/Build/Products/Debug-iphonesimulator/PackageFrameworks -F /Volumes/NVMe2TB/BuildCaches/herdr-build-cache/morsel-bd5866df7b69c0b0/DerivedData/Build/Products/Debug-iphonesimulator/PackageFrameworks -F /Volumes/NVMe2TB/BuildCaches/herdr-build-cache/morsel-bd5866df7b69c0b0/DerivedData/Build/Products/Debug-iphonesimulator -c -j10 -enable-batch-mode -incremental -Xcc -ivfsstatcache -Xcc /Volumes/NVMe2TB/BuildCaches/herdr-build-cache/morsel-bd5866df7b69c0b0/DerivedData/SDKStatCaches.noindex/iphonesimulator26.5-23F81a-6cfe768891a92b912361537c460fe42b.sdkstatcache -output-file-map /Volumes/NVMe2TB/BuildCaches/herdr-build-cache/morsel-bd5866df7b69c0b0/DerivedData/Build/Intermediates.noindex/Morsel.build/Debug-iphonesimulator/Morsel.build/Objects-normal/arm64/Morsel-OutputFileMap.json -use-frontend-parseable-output -save-temps -no-color-diagnostics -explicit-module-build -module-cache-path /Volumes/NVMe2TB/BuildCaches/herdr-build-cache/morsel-bd5866df7b69c0b0/DerivedData/Build/Intermediates.noindex/SwiftExplicitPrecompiledModules -clang-scanner-module-cache-path /Volumes/NVMe2TB/BuildCaches/herdr-build-cache/morsel-bd5866df7b69c0b0/DerivedData/ModuleCache.noindex -sdk-module-cache-path /Volumes/NVMe2TB/BuildCaches/herdr-build-cache/morsel-bd5866df7b69c0b0/DerivedData/ModuleCache.noindex -serialize-diagnostics -emit-dependencies -emit-module -emit-module-path /Volumes/NVMe2TB/BuildCaches/herdr-build-cache/morsel-bd5866df7b69c0b0/DerivedData/Build/Intermediates.noindex/Morsel.build/Debug-iphonesimulator/Morsel.build/Objects-normal/arm64/Morsel.swiftmodule -validate-clang-modules-once -clang-build-session-file /Volumes/NVMe2TB/BuildCaches/herdr-build-cache/morsel-bd5866df7b69c0b0/DerivedData/ModuleCache.noindex/Session.modulevalidation -Xcc -I/Volumes/NVMe2TB/BuildCaches/herdr-build-cache/morsel-bd5866df7b69c0b0/DerivedData/Build/Intermediates.noindex/Morsel.build/Debug-iphonesimulator/Morsel.build/swift-overrides.hmap -emit-const-values -Xfrontend -const-gather-protocols-file -Xfrontend /Volumes/NVMe2TB/BuildCaches/herdr-build-cache/morsel-bd5866df7b69c0b0/DerivedData/Build/Intermediates.noindex/Morsel.build/Debug-iphonesimulator/Morsel.build/Objects-normal/arm64/Morsel_const_extract_protocols.json -Xcc -iquote -Xcc /Volumes/NVMe2TB/BuildCaches/herdr-build-cache/morsel-bd5866df7b69c0b0/DerivedData/Build/Intermediates.noindex/Morsel.build/Debug-iphonesimulator/Morsel.build/Morsel-generated-files.hmap -Xcc -I/Volumes/NVMe2TB/BuildCaches/herdr-build-cache/morsel-bd5866df7b69c0b0/DerivedData/Build/Intermediates.noindex/Morsel.build/Debug-iphonesimulator/Morsel.build/Morsel-own-target-headers.hmap -Xcc -I/Volumes/NVMe2TB/BuildCaches/herdr-build-cache/morsel-bd5866df7b69c0b0/DerivedData/Build/Intermediates.noindex/Morsel.build/Debug-iphonesimulator/Morsel.build/Morsel-all-non-framework-target-headers.hmap -Xcc -ivfsoverlay -Xcc /Volumes/NVMe2TB/BuildCaches/herdr-build-cache/morsel-bd5866df7b69c0b0/DerivedData/Build/Intermediates.noindex/Morsel.build/Debug-iphonesimulator/Morsel-17248c3624f98dc6f156c39ec7fad702-VFS-iphonesimulator/all-product-headers.yaml -Xcc -iquote -Xcc /Volumes/NVMe2TB/BuildCaches/herdr-build-cache/morsel-bd5866df7b69c0b0/DerivedData/Build/Intermediates.noindex/Morsel.build/Debug-iphonesimulator/Morsel.build/Morsel-project-headers.hmap -Xcc -I/Volumes/NVMe2TB/BuildCaches/herdr-build-cache/morsel-bd5866df7b69c0b0/DerivedData/Build/Products/Debug-iphonesimulator/include -Xcc -I/Volumes/NVMe2TB/BuildCaches/herdr-build-cache/morsel-bd5866df7b69c0b0/DerivedData/Build/Intermediates.noindex/Morsel.build/Debug-iphonesimulator/Morsel.build/DerivedSources-normal/arm64 -Xcc -I/Volumes/NVMe2TB/BuildCaches/herdr-build-cache/morsel-bd5866df7b69c0b0/DerivedData/Build/Intermediates.noindex/Morsel.build/Debug-iphonesimulator/Morsel.build/DerivedSources/arm64 -Xcc -I/Volumes/NVMe2TB/BuildCaches/herdr-build-cache/morsel-bd5866df7b69c0b0/DerivedData/Build/Intermediates.noindex/Morsel.build/Debug-iphonesimulator/Morsel.build/DerivedSources -Xcc -DDEBUG\=1 -emit-objc-header -emit-objc-header-path /Volumes/NVMe2TB/BuildCaches/herdr-build-cache/morsel-bd5866df7b69c0b0/DerivedData/Build/Intermediates.noindex/Morsel.build/Debug-iphonesimulator/Morsel.build/Objects-normal/arm64/Morsel-Swift.h -working-directory /Users/jirathip/.herdr/worktrees/morsel/issue-110-settings-theme/app -experimental-emit-module-separately -disable-cmo

ExtractAppIntentsMetadata (in target 'HTTPTypes' from project 'swift-http-types')
    cd /Volumes/NVMe2TB/BuildCaches/herdr-build-cache/morsel-bd5866df7b69c0b0/DerivedData/SourcePackages/checkouts/swift-http-types
    /Applications/Xcode.app/Contents/Developer/Toolchains/XcodeDefault.xctoolchain/usr/bin/appintentsmetadataprocessor --toolchain-dir /Applications/Xcode.app/Contents/Developer/Toolchains/XcodeDefault.xctoolchain --module-name HTTPTypes --sdk-root /Applications/Xcode.app/Contents/Developer/Platforms/iPhoneSimulator.platform/Developer/SDKs/iPhoneSimulator26.5.sdk --xcode-version 17F113 --platform-family iOS --deployment-target 12.0 --bundle-identifier swift-http-types.HTTPTypes --output /Volumes/NVMe2TB/BuildCaches/herdr-build-cache/morsel-bd5866df7b69c0b0/DerivedData/Build/Products/Debug-iphonesimulator/HTTPTypes.appintents --target-triple arm64-apple-ios12.0-simulator --binary-file /Volumes/NVMe2TB/BuildCaches/herdr-build-cache/morsel-bd5866df7b69c0b0/DerivedData/Build/Products/Debug-iphonesimulator/HTTPTypes.o --dependency-file /Volumes/NVMe2TB/BuildCaches/herdr-build-cache/morsel-bd5866df7b69c0b0/DerivedData/Build/Intermediates.noindex/swift-http-types.build/Debug-iphonesimulator/HTTPTypes.build/Objects-normal/arm64/HTTPTypes_dependency_info.dat --stringsdata-file /Volumes/NVMe2TB/BuildCaches/herdr-build-cache/morsel-bd5866df7b69c0b0/DerivedData/Build/Intermediates.noindex/swift-http-types.build/Debug-iphonesimulator/HTTPTypes.build/Objects-normal/arm64/ExtractedAppShortcutsMetadata.stringsdata --source-file-list /Volumes/NVMe2TB/BuildCaches/herdr-build-cache/morsel-bd5866df7b69c0b0/DerivedData/Build/Intermediates.noindex/swift-http-types.build/Debug-iphonesimulator/HTTPTypes.build/Objects-normal/arm64/HTTPTypes.SwiftFileList --metadata-file-list /Volumes/NVMe2TB/BuildCaches/herdr-build-cache/morsel-bd5866df7b69c0b0/DerivedData/Build/Intermediates.noindex/swift-http-types.build/Debug-iphonesimulator/HTTPTypes.build/HTTPTypes.DependencyMetadataFileList --static-metadata-file-list /Volumes/NVMe2TB/BuildCaches/herdr-build-cache/morsel-bd5866df7b69c0b0/DerivedData/Build/Intermediates.noindex/swift-http-types.build/Debug-iphonesimulator/HTTPTypes.build/HTTPTypes.DependencyStaticMetadataFileList --swift-const-vals-list /Volumes/NVMe2TB/BuildCaches/herdr-build-cache/morsel-bd5866df7b69c0b0/DerivedData/Build/Intermediates.noindex/swift-http-types.build/Debug-iphonesimulator/HTTPTypes.build/Objects-normal/arm64/HTTPTypes.SwiftConstValuesFileList --force --compile-time-extraction --deployment-aware-processing --validate-assistant-intents --no-app-shortcuts-localization
2026-09-05 08:38:03.662 appintentsmetadataprocessor[92458:21394289] Starting appintentsmetadataprocessor export
2026-09-05 08:38:03.897 appintentsmetadataprocessor[92458:21394289] Extracted no relevant App Intents symbols, skipping writing output

ExtractAppIntentsMetadata (in target 'ConcurrencyExtras' from project 'swift-concurrency-extras')
    cd /Volumes/NVMe2TB/BuildCaches/herdr-build-cache/morsel-bd5866df7b69c0b0/DerivedData/SourcePackages/checkouts/swift-concurrency-extras
    /Applications/Xcode.app/Contents/Developer/Toolchains/XcodeDefault.xctoolchain/usr/bin/appintentsmetadataprocessor --toolchain-dir /Applications/Xcode.app/Contents/Developer/Toolchains/XcodeDefault.xctoolchain --module-name ConcurrencyExtras --sdk-root /Applications/Xcode.app/Contents/Developer/Platforms/iPhoneSimulator.platform/Developer/SDKs/iPhoneSimulator26.5.sdk --xcode-version 17F113 --platform-family iOS --deployment-target 13.0 --bundle-identifier swift-concurrency-extras.ConcurrencyExtras --output /Volumes/NVMe2TB/BuildCaches/herdr-build-cache/morsel-bd5866df7b69c0b0/DerivedData/Build/Products/Debug-iphonesimulator/ConcurrencyExtras.appintents --target-triple arm64-apple-ios13.0-simulator --binary-file /Volumes/NVMe2TB/BuildCaches/herdr-build-cache/morsel-bd5866df7b69c0b0/DerivedData/Build/Products/Debug-iphonesimulator/ConcurrencyExtras.o --dependency-file /Volumes/NVMe2TB/BuildCaches/herdr-build-cache/morsel-bd5866df7b69c0b0/DerivedData/Build/Intermediates.noindex/swift-concurrency-extras.build/Debug-iphonesimulator/ConcurrencyExtras.build/Objects-normal/arm64/ConcurrencyExtras_dependency_info.dat --stringsdata-file /Volumes/NVMe2TB/BuildCaches/herdr-build-cache/morsel-bd5866df7b69c0b0/DerivedData/Build/Intermediates.noindex/swift-concurrency-extras.build/Debug-iphonesimulator/ConcurrencyExtras.build/Objects-normal/arm64/ExtractedAppShortcutsMetadata.stringsdata --source-file-list /Volumes/NVMe2TB/BuildCaches/herdr-build-cache/morsel-bd5866df7b69c0b0/DerivedData/Build/Intermediates.noindex/swift-concurrency-extras.build/Debug-iphonesimulator/ConcurrencyExtras.build/Objects-normal/arm64/ConcurrencyExtras.SwiftFileList --metadata-file-list /Volumes/NVMe2TB/BuildCaches/herdr-build-cache/morsel-bd5866df7b69c0b0/DerivedData/Build/Intermediates.noindex/swift-concurrency-extras.build/Debug-iphonesimulator/ConcurrencyExtras.build/ConcurrencyExtras.DependencyMetadataFileList --static-metadata-file-list /Volumes/NVMe2TB/BuildCaches/herdr-build-cache/morsel-bd5866df7b69c0b0/DerivedData/Build/Intermediates.noindex/swift-concurrency-extras.build/Debug-iphonesimulator/ConcurrencyExtras.build/ConcurrencyExtras.DependencyStaticMetadataFileList --swift-const-vals-list /Volumes/NVMe2TB/BuildCaches/herdr-build-cache/morsel-bd5866df7b69c0b0/DerivedData/Build/Intermediates.noindex/swift-concurrency-extras.build/Debug-iphonesimulator/ConcurrencyExtras.build/Objects-normal/arm64/ConcurrencyExtras.SwiftConstValuesFileList --force --compile-time-extraction --deployment-aware-processing --validate-assistant-intents --no-app-shortcuts-localization
2026-09-05 08:38:03.662 appintentsmetadataprocessor[92459:21394290] Starting appintentsmetadataprocessor export
2026-09-05 08:38:03.896 appintentsmetadataprocessor[92459:21394290] Extracted no relevant App Intents symbols, skipping writing output

ExtractAppIntentsMetadata (in target 'IssueReporting' from project 'xctest-dynamic-overlay')
    cd /Volumes/NVMe2TB/BuildCaches/herdr-build-cache/morsel-bd5866df7b69c0b0/DerivedData/SourcePackages/checkouts/xctest-dynamic-overlay
    /Applications/Xcode.app/Contents/Developer/Toolchains/XcodeDefault.xctoolchain/usr/bin/appintentsmetadataprocessor --toolchain-dir /Applications/Xcode.app/Contents/Developer/Toolchains/XcodeDefault.xctoolchain --module-name IssueReporting --sdk-root /Applications/Xcode.app/Contents/Developer/Platforms/iPhoneSimulator.platform/Developer/SDKs/iPhoneSimulator26.5.sdk --xcode-version 17F113 --platform-family iOS --deployment-target 13.0 --bundle-identifier xctest-dynamic-overlay.IssueReporting --output /Volumes/NVMe2TB/BuildCaches/herdr-build-cache/morsel-bd5866df7b69c0b0/DerivedData/Build/Products/Debug-iphonesimulator/IssueReporting.appintents --target-triple arm64-apple-ios13.0-simulator --binary-file /Volumes/NVMe2TB/BuildCaches/herdr-build-cache/morsel-bd5866df7b69c0b0/DerivedData/Build/Products/Debug-iphonesimulator/IssueReporting.o --dependency-file /Volumes/NVMe2TB/BuildCaches/herdr-build-cache/morsel-bd5866df7b69c0b0/DerivedData/Build/Intermediates.noindex/xctest-dynamic-overlay.build/Debug-iphonesimulator/IssueReporting.build/Objects-normal/arm64/IssueReporting_dependency_info.dat --stringsdata-file /Volumes/NVMe2TB/BuildCaches/herdr-build-cache/morsel-bd5866df7b69c0b0/DerivedData/Build/Intermediates.noindex/xctest-dynamic-overlay.build/Debug-iphonesimulator/IssueReporting.build/Objects-normal/arm64/ExtractedAppShortcutsMetadata.stringsdata --source-file-list /Volumes/NVMe2TB/BuildCaches/herdr-build-cache/morsel-bd5866df7b69c0b0/DerivedData/Build/Intermediates.noindex/xctest-dynamic-overlay.build/Debug-iphonesimulator/IssueReporting.build/Objects-normal/arm64/IssueReporting.SwiftFileList --metadata-file-list /Volumes/NVMe2TB/BuildCaches/herdr-build-cache/morsel-bd5866df7b69c0b0/DerivedData/Build/Intermediates.noindex/xctest-dynamic-overlay.build/Debug-iphonesimulator/IssueReporting.build/IssueReporting.DependencyMetadataFileList --static-metadata-file-list /Volumes/NVMe2TB/BuildCaches/herdr-build-cache/morsel-bd5866df7b69c0b0/DerivedData/Build/Intermediates.noindex/xctest-dynamic-overlay.build/Debug-iphonesimulator/IssueReporting.build/IssueReporting.DependencyStaticMetadataFileList --swift-const-vals-list /Volumes/NVMe2TB/BuildCaches/herdr-build-cache/morsel-bd5866df7b69c0b0/DerivedData/Build/Intermediates.noindex/xctest-dynamic-overlay.build/Debug-iphonesimulator/IssueReporting.build/Objects-normal/arm64/IssueReporting.SwiftConstValuesFileList --force --compile-time-extraction --deployment-aware-processing --validate-assistant-intents --no-app-shortcuts-localization
2026-09-05 08:38:03.662 appintentsmetadataprocessor[92460:21394291] Starting appintentsmetadataprocessor export
2026-09-05 08:38:03.896 appintentsmetadataprocessor[92460:21394291] Extracted no relevant App Intents symbols, skipping writing output

ExtractAppIntentsMetadata (in target 'Crypto' from project 'swift-crypto')
    cd /Volumes/NVMe2TB/BuildCaches/herdr-build-cache/morsel-bd5866df7b69c0b0/DerivedData/SourcePackages/checkouts/swift-crypto
    /Applications/Xcode.app/Contents/Developer/Toolchains/XcodeDefault.xctoolchain/usr/bin/appintentsmetadataprocessor --toolchain-dir /Applications/Xcode.app/Contents/Developer/Toolchains/XcodeDefault.xctoolchain --module-name Crypto --sdk-root /Applications/Xcode.app/Contents/Developer/Platforms/iPhoneSimulator.platform/Developer/SDKs/iPhoneSimulator26.5.sdk --xcode-version 17F113 --platform-family iOS --deployment-target 12.0 --bundle-identifier swift-crypto.Crypto --output /Volumes/NVMe2TB/BuildCaches/herdr-build-cache/morsel-bd5866df7b69c0b0/DerivedData/Build/Products/Debug-iphonesimulator/Crypto.appintents --target-triple arm64-apple-ios12.0-simulator --binary-file /Volumes/NVMe2TB/BuildCaches/herdr-build-cache/morsel-bd5866df7b69c0b0/DerivedData/Build/Products/Debug-iphonesimulator/Crypto.o --dependency-file /Volumes/NVMe2TB/BuildCaches/herdr-build-cache/morsel-bd5866df7b69c0b0/DerivedData/Build/Intermediates.noindex/swift-crypto.build/Debug-iphonesimulator/Crypto.build/Objects-normal/arm64/Crypto_dependency_info.dat --stringsdata-file /Volumes/NVMe2TB/BuildCaches/herdr-build-cache/morsel-bd5866df7b69c0b0/DerivedData/Build/Intermediates.noindex/swift-crypto.build/Debug-iphonesimulator/Crypto.build/Objects-normal/arm64/ExtractedAppShortcutsMetadata.stringsdata --source-file-list /Volumes/NVMe2TB/BuildCaches/herdr-build-cache/morsel-bd5866df7b69c0b0/DerivedData/Build/Intermediates.noindex/swift-crypto.build/Debug-iphonesimulator/Crypto.build/Objects-normal/arm64/Crypto.SwiftFileList --metadata-file-list /Volumes/NVMe2TB/BuildCaches/herdr-build-cache/morsel-bd5866df7b69c0b0/DerivedData/Build/Intermediates.noindex/swift-crypto.build/Debug-iphonesimulator/Crypto.build/Crypto.DependencyMetadataFileList --static-metadata-file-list /Volumes/NVMe2TB/BuildCaches/herdr-build-cache/morsel-bd5866df7b69c0b0/DerivedData/Build/Intermediates.noindex/swift-crypto.build/Debug-iphonesimulator/Crypto.build/Crypto.DependencyStaticMetadataFileList --swift-const-vals-list /Volumes/NVMe2TB/BuildCaches/herdr-build-cache/morsel-bd5866df7b69c0b0/DerivedData/Build/Intermediates.noindex/swift-crypto.build/Debug-iphonesimulator/Crypto.build/Objects-normal/arm64/Crypto.SwiftConstValuesFileList --force --compile-time-extraction --deployment-aware-processing --validate-assistant-intents --no-app-shortcuts-localization
2026-09-05 08:38:03.662 appintentsmetadataprocessor[92461:21394292] Starting appintentsmetadataprocessor export
2026-09-05 08:38:03.897 appintentsmetadataprocessor[92461:21394292] Extracted no relevant App Intents symbols, skipping writing output

RegisterExecutionPolicyException /Volumes/NVMe2TB/BuildCaches/herdr-build-cache/morsel-bd5866df7b69c0b0/DerivedData/Build/Products/Debug-iphonesimulator/IssueReporting.o (in target 'IssueReporting' from project 'xctest-dynamic-overlay')
    cd /Volumes/NVMe2TB/BuildCaches/herdr-build-cache/morsel-bd5866df7b69c0b0/DerivedData/SourcePackages/checkouts/xctest-dynamic-overlay
    builtin-RegisterExecutionPolicyException /Volumes/NVMe2TB/BuildCaches/herdr-build-cache/morsel-bd5866df7b69c0b0/DerivedData/Build/Products/Debug-iphonesimulator/IssueReporting.o

RegisterExecutionPolicyException /Volumes/NVMe2TB/BuildCaches/herdr-build-cache/morsel-bd5866df7b69c0b0/DerivedData/Build/Products/Debug-iphonesimulator/Crypto.o (in target 'Crypto' from project 'swift-crypto')
    cd /Volumes/NVMe2TB/BuildCaches/herdr-build-cache/morsel-bd5866df7b69c0b0/DerivedData/SourcePackages/checkouts/swift-crypto
    builtin-RegisterExecutionPolicyException /Volumes/NVMe2TB/BuildCaches/herdr-build-cache/morsel-bd5866df7b69c0b0/DerivedData/Build/Products/Debug-iphonesimulator/Crypto.o

RegisterExecutionPolicyException /Volumes/NVMe2TB/BuildCaches/herdr-build-cache/morsel-bd5866df7b69c0b0/DerivedData/Build/Products/Debug-iphonesimulator/HTTPTypes.o (in target 'HTTPTypes' from project 'swift-http-types')
    cd /Volumes/NVMe2TB/BuildCaches/herdr-build-cache/morsel-bd5866df7b69c0b0/DerivedData/SourcePackages/checkouts/swift-http-types
    builtin-RegisterExecutionPolicyException /Volumes/NVMe2TB/BuildCaches/herdr-build-cache/morsel-bd5866df7b69c0b0/DerivedData/Build/Products/Debug-iphonesimulator/HTTPTypes.o

RegisterExecutionPolicyException /Volumes/NVMe2TB/BuildCaches/herdr-build-cache/morsel-bd5866df7b69c0b0/DerivedData/Build/Products/Debug-iphonesimulator/ConcurrencyExtras.o (in target 'ConcurrencyExtras' from project 'swift-concurrency-extras')
    cd /Volumes/NVMe2TB/BuildCaches/herdr-build-cache/morsel-bd5866df7b69c0b0/DerivedData/SourcePackages/checkouts/swift-concurrency-extras
    builtin-RegisterExecutionPolicyException /Volumes/NVMe2TB/BuildCaches/herdr-build-cache/morsel-bd5866df7b69c0b0/DerivedData/Build/Products/Debug-iphonesimulator/ConcurrencyExtras.o

Ld /Volumes/NVMe2TB/BuildCaches/herdr-build-cache/morsel-bd5866df7b69c0b0/DerivedData/Build/Products/Debug-iphonesimulator/XCTestDynamicOverlay.o normal (in target 'XCTestDynamicOverlay' from project 'xctest-dynamic-overlay')
    cd /Volumes/NVMe2TB/BuildCaches/herdr-build-cache/morsel-bd5866df7b69c0b0/DerivedData/SourcePackages/checkouts/xctest-dynamic-overlay
    /Applications/Xcode.app/Contents/Developer/Toolchains/XcodeDefault.xctoolchain/usr/bin/clang -Xlinker -reproducible -target arm64-apple-ios13.0-simulator -r -isysroot /Applications/Xcode.app/Contents/Developer/Platforms/iPhoneSimulator.platform/Developer/SDKs/iPhoneSimulator26.5.sdk -O0 -w -F/Volumes/NVMe2TB/BuildCaches/herdr-build-cache/morsel-bd5866df7b69c0b0/DerivedData/Build/Intermediates.noindex/EagerLinkingTBDs/Debug-iphonesimulator -F/Volumes/NVMe2TB/BuildCaches/herdr-build-cache/morsel-bd5866df7b69c0b0/DerivedData/Build/Products/Debug-iphonesimulator/PackageFrameworks -F/Volumes/NVMe2TB/BuildCaches/herdr-build-cache/morsel-bd5866df7b69c0b0/DerivedData/Build/Products/Debug-iphonesimulator -iframework /Applications/Xcode.app/Contents/Developer/Platforms/iPhoneSimulator.platform/Developer/Library/Frameworks -iframework /Applications/Xcode.app/Contents/Developer/Platforms/iPhoneSimulator.platform/Developer/SDKs/iPhoneSimulator26.5.sdk/Developer/Library/Frameworks -filelist /Volumes/NVMe2TB/BuildCaches/herdr-build-cache/morsel-bd5866df7b69c0b0/DerivedData/Build/Intermediates.noindex/xctest-dynamic-overlay.build/Debug-iphonesimulator/XCTestDynamicOverlay.build/Objects-normal/arm64/XCTestDynamicOverlay.LinkFileList -nostdlib -Xlinker -object_path_lto -Xlinker /Volumes/NVMe2TB/BuildCaches/herdr-build-cache/morsel-bd5866df7b69c0b0/DerivedData/Build/Intermediates.noindex/xctest-dynamic-overlay.build/Debug-iphonesimulator/XCTestDynamicOverlay.build/Objects-normal/arm64/XCTestDynamicOverlay_lto.o -Xlinker -no_deduplicate -Xlinker -objc_abi_version -Xlinker 2 -Xlinker -dependency_info -Xlinker /Volumes/NVMe2TB/BuildCaches/herdr-build-cache/morsel-bd5866df7b69c0b0/DerivedData/Build/Intermediates.noindex/xctest-dynamic-overlay.build/Debug-iphonesimulator/XCTestDynamicOverlay.build/Objects-normal/arm64/XCTestDynamicOverlay_dependency_info.dat -fobjc-link-runtime -L/Applications/Xcode.app/Contents/Developer/Toolchains/XcodeDefault.xctoolchain/usr/lib/swift/iphonesimulator -L/usr/lib/swift -Xlinker -add_ast_path -Xlinker /Volumes/NVMe2TB/BuildCaches/herdr-build-cache/morsel-bd5866df7b69c0b0/DerivedData/Build/Intermediates.noindex/xctest-dynamic-overlay.build/Debug-iphonesimulator/XCTestDynamicOverlay.build/Objects-normal/arm64/XCTestDynamicOverlay.swiftmodule @/Volumes/NVMe2TB/BuildCaches/herdr-build-cache/morsel-bd5866df7b69c0b0/DerivedData/Build/Intermediates.noindex/xctest-dynamic-overlay.build/Debug-iphonesimulator/XCTestDynamicOverlay.build/Objects-normal/arm64/XCTestDynamicOverlay-linker-args.resp -o /Volumes/NVMe2TB/BuildCaches/herdr-build-cache/morsel-bd5866df7b69c0b0/DerivedData/Build/Products/Debug-iphonesimulator/XCTestDynamicOverlay.o

Ld /Volumes/NVMe2TB/BuildCaches/herdr-build-cache/morsel-bd5866df7b69c0b0/DerivedData/Build/Products/Debug-iphonesimulator/Clocks.o normal (in target 'Clocks' from project 'swift-clocks')
    cd /Volumes/NVMe2TB/BuildCaches/herdr-build-cache/morsel-bd5866df7b69c0b0/DerivedData/SourcePackages/checkouts/swift-clocks
    /Applications/Xcode.app/Contents/Developer/Toolchains/XcodeDefault.xctoolchain/usr/bin/clang -Xlinker -reproducible -target arm64-apple-ios13.0-simulator -r -isysroot /Applications/Xcode.app/Contents/Developer/Platforms/iPhoneSimulator.platform/Developer/SDKs/iPhoneSimulator26.5.sdk -O0 -w -F/Volumes/NVMe2TB/BuildCaches/herdr-build-cache/morsel-bd5866df7b69c0b0/DerivedData/Build/Intermediates.noindex/EagerLinkingTBDs/Debug-iphonesimulator -F/Volumes/NVMe2TB/BuildCaches/herdr-build-cache/morsel-bd5866df7b69c0b0/DerivedData/Build/Products/Debug-iphonesimulator/PackageFrameworks -F/Volumes/NVMe2TB/BuildCaches/herdr-build-cache/morsel-bd5866df7b69c0b0/DerivedData/Build/Products/Debug-iphonesimulator/PackageFrameworks -F/Volumes/NVMe2TB/BuildCaches/herdr-build-cache/morsel-bd5866df7b69c0b0/DerivedData/Build/Products/Debug-iphonesimulator -iframework /Applications/Xcode.app/Contents/Developer/Platforms/iPhoneSimulator.platform/Developer/Library/Frameworks -iframework /Applications/Xcode.app/Contents/Developer/Platforms/iPhoneSimulator.platform/Developer/SDKs/iPhoneSimulator26.5.sdk/Developer/Library/Frameworks -filelist /Volumes/NVMe2TB/BuildCaches/herdr-build-cache/morsel-bd5866df7b69c0b0/DerivedData/Build/Intermediates.noindex/swift-clocks.build/Debug-iphonesimulator/Clocks.build/Objects-normal/arm64/Clocks.LinkFileList -nostdlib -Xlinker -object_path_lto -Xlinker /Volumes/NVMe2TB/BuildCaches/herdr-build-cache/morsel-bd5866df7b69c0b0/DerivedData/Build/Intermediates.noindex/swift-clocks.build/Debug-iphonesimulator/Clocks.build/Objects-normal/arm64/Clocks_lto.o -Xlinker -no_deduplicate -Xlinker -objc_abi_version -Xlinker 2 -Xlinker -dependency_info -Xlinker /Volumes/NVMe2TB/BuildCaches/herdr-build-cache/morsel-bd5866df7b69c0b0/DerivedData/Build/Intermediates.noindex/swift-clocks.build/Debug-iphonesimulator/Clocks.build/Objects-normal/arm64/Clocks_dependency_info.dat -fobjc-link-runtime -L/Applications/Xcode.app/Contents/Developer/Toolchains/XcodeDefault.xctoolchain/usr/lib/swift/iphonesimulator -L/usr/lib/swift -Xlinker -add_ast_path -Xlinker /Volumes/NVMe2TB/BuildCaches/herdr-build-cache/morsel-bd5866df7b69c0b0/DerivedData/Build/Intermediates.noindex/swift-clocks.build/Debug-iphonesimulator/Clocks.build/Objects-normal/arm64/Clocks.swiftmodule @/Volumes/NVMe2TB/BuildCaches/herdr-build-cache/morsel-bd5866df7b69c0b0/DerivedData/Build/Intermediates.noindex/swift-clocks.build/Debug-iphonesimulator/Clocks.build/Objects-normal/arm64/Clocks-linker-args.resp -o /Volumes/NVMe2TB/BuildCaches/herdr-build-cache/morsel-bd5866df7b69c0b0/DerivedData/Build/Products/Debug-iphonesimulator/Clocks.o

ExtractAppIntentsMetadata (in target 'XCTestDynamicOverlay' from project 'xctest-dynamic-overlay')
    cd /Volumes/NVMe2TB/BuildCaches/herdr-build-cache/morsel-bd5866df7b69c0b0/DerivedData/SourcePackages/checkouts/xctest-dynamic-overlay
    /Applications/Xcode.app/Contents/Developer/Toolchains/XcodeDefault.xctoolchain/usr/bin/appintentsmetadataprocessor --toolchain-dir /Applications/Xcode.app/Contents/Developer/Toolchains/XcodeDefault.xctoolchain --module-name XCTestDynamicOverlay --sdk-root /Applications/Xcode.app/Contents/Developer/Platforms/iPhoneSimulator.platform/Developer/SDKs/iPhoneSimulator26.5.sdk --xcode-version 17F113 --platform-family iOS --deployment-target 13.0 --bundle-identifier xctest-dynamic-overlay.XCTestDynamicOverlay --output /Volumes/NVMe2TB/BuildCaches/herdr-build-cache/morsel-bd5866df7b69c0b0/DerivedData/Build/Products/Debug-iphonesimulator/XCTestDynamicOverlay.appintents --target-triple arm64-apple-ios13.0-simulator --binary-file /Volumes/NVMe2TB/BuildCaches/herdr-build-cache/morsel-bd5866df7b69c0b0/DerivedData/Build/Products/Debug-iphonesimulator/XCTestDynamicOverlay.o --dependency-file /Volumes/NVMe2TB/BuildCaches/herdr-build-cache/morsel-bd5866df7b69c0b0/DerivedData/Build/Intermediates.noindex/xctest-dynamic-overlay.build/Debug-iphonesimulator/XCTestDynamicOverlay.build/Objects-normal/arm64/XCTestDynamicOverlay_dependency_info.dat --stringsdata-file /Volumes/NVMe2TB/BuildCaches/herdr-build-cache/morsel-bd5866df7b69c0b0/DerivedData/Build/Intermediates.noindex/xctest-dynamic-overlay.build/Debug-iphonesimulator/XCTestDynamicOverlay.build/Objects-normal/arm64/ExtractedAppShortcutsMetadata.stringsdata --source-file-list /Volumes/NVMe2TB/BuildCaches/herdr-build-cache/morsel-bd5866df7b69c0b0/DerivedData/Build/Intermediates.noindex/xctest-dynamic-overlay.build/Debug-iphonesimulator/XCTestDynamicOverlay.build/Objects-normal/arm64/XCTestDynamicOverlay.SwiftFileList --metadata-file-list /Volumes/NVMe2TB/BuildCaches/herdr-build-cache/morsel-bd5866df7b69c0b0/DerivedData/Build/Intermediates.noindex/xctest-dynamic-overlay.build/Debug-iphonesimulator/XCTestDynamicOverlay.build/XCTestDynamicOverlay.DependencyMetadataFileList --static-metadata-file-list /Volumes/NVMe2TB/BuildCaches/herdr-build-cache/morsel-bd5866df7b69c0b0/DerivedData/Build/Intermediates.noindex/xctest-dynamic-overlay.build/Debug-iphonesimulator/XCTestDynamicOverlay.build/XCTestDynamicOverlay.DependencyStaticMetadataFileList --swift-const-vals-list /Volumes/NVMe2TB/BuildCaches/herdr-build-cache/morsel-bd5866df7b69c0b0/DerivedData/Build/Intermediates.noindex/xctest-dynamic-overlay.build/Debug-iphonesimulator/XCTestDynamicOverlay.build/Objects-normal/arm64/XCTestDynamicOverlay.SwiftConstValuesFileList --force --compile-time-extraction --deployment-aware-processing --validate-assistant-intents --no-app-shortcuts-localization
2026-09-05 08:38:04.016 appintentsmetadataprocessor[92490:21394426] Starting appintentsmetadataprocessor export
2026-09-05 08:38:04.036 appintentsmetadataprocessor[92490:21394426] Extracted no relevant App Intents symbols, skipping writing output

ExtractAppIntentsMetadata (in target 'Clocks' from project 'swift-clocks')
    cd /Volumes/NVMe2TB/BuildCaches/herdr-build-cache/morsel-bd5866df7b69c0b0/DerivedData/SourcePackages/checkouts/swift-clocks
    /Applications/Xcode.app/Contents/Developer/Toolchains/XcodeDefault.xctoolchain/usr/bin/appintentsmetadataprocessor --toolchain-dir /Applications/Xcode.app/Contents/Developer/Toolchains/XcodeDefault.xctoolchain --module-name Clocks --sdk-root /Applications/Xcode.app/Contents/Developer/Platforms/iPhoneSimulator.platform/Developer/SDKs/iPhoneSimulator26.5.sdk --xcode-version 17F113 --platform-family iOS --deployment-target 13.0 --bundle-identifier swift-clocks.Clocks --output /Volumes/NVMe2TB/BuildCaches/herdr-build-cache/morsel-bd5866df7b69c0b0/DerivedData/Build/Products/Debug-iphonesimulator/Clocks.appintents --target-triple arm64-apple-ios13.0-simulator --binary-file /Volumes/NVMe2TB/BuildCaches/herdr-build-cache/morsel-bd5866df7b69c0b0/DerivedData/Build/Products/Debug-iphonesimulator/Clocks.o --dependency-file /Volumes/NVMe2TB/BuildCaches/herdr-build-cache/morsel-bd5866df7b69c0b0/DerivedData/Build/Intermediates.noindex/swift-clocks.build/Debug-iphonesimulator/Clocks.build/Objects-normal/arm64/Clocks_dependency_info.dat --stringsdata-file /Volumes/NVMe2TB/BuildCaches/herdr-build-cache/morsel-bd5866df7b69c0b0/DerivedData/Build/Intermediates.noindex/swift-clocks.build/Debug-iphonesimulator/Clocks.build/Objects-normal/arm64/ExtractedAppShortcutsMetadata.stringsdata --source-file-list /Volumes/NVMe2TB/BuildCaches/herdr-build-cache/morsel-bd5866df7b69c0b0/DerivedData/Build/Intermediates.noindex/swift-clocks.build/Debug-iphonesimulator/Clocks.build/Objects-normal/arm64/Clocks.SwiftFileList --metadata-file-list /Volumes/NVMe2TB/BuildCaches/herdr-build-cache/morsel-bd5866df7b69c0b0/DerivedData/Build/Intermediates.noindex/swift-clocks.build/Debug-iphonesimulator/Clocks.build/Clocks.DependencyMetadataFileList --static-metadata-file-list /Volumes/NVMe2TB/BuildCaches/herdr-build-cache/morsel-bd5866df7b69c0b0/DerivedData/Build/Intermediates.noindex/swift-clocks.build/Debug-iphonesimulator/Clocks.build/Clocks.DependencyStaticMetadataFileList --swift-const-vals-list /Volumes/NVMe2TB/BuildCaches/herdr-build-cache/morsel-bd5866df7b69c0b0/DerivedData/Build/Intermediates.noindex/swift-clocks.build/Debug-iphonesimulator/Clocks.build/Objects-normal/arm64/Clocks.SwiftConstValuesFileList --force --compile-time-extraction --deployment-aware-processing --validate-assistant-intents --no-app-shortcuts-localization
2026-09-05 08:38:04.013 appintentsmetadataprocessor[92491:21394427] Starting appintentsmetadataprocessor export
2026-09-05 08:38:04.032 appintentsmetadataprocessor[92491:21394427] Extracted no relevant App Intents symbols, skipping writing output

RegisterExecutionPolicyException /Volumes/NVMe2TB/BuildCaches/herdr-build-cache/morsel-bd5866df7b69c0b0/DerivedData/Build/Products/Debug-iphonesimulator/Clocks.o (in target 'Clocks' from project 'swift-clocks')
    cd /Volumes/NVMe2TB/BuildCaches/herdr-build-cache/morsel-bd5866df7b69c0b0/DerivedData/SourcePackages/checkouts/swift-clocks
    builtin-RegisterExecutionPolicyException /Volumes/NVMe2TB/BuildCaches/herdr-build-cache/morsel-bd5866df7b69c0b0/DerivedData/Build/Products/Debug-iphonesimulator/Clocks.o

RegisterExecutionPolicyException /Volumes/NVMe2TB/BuildCaches/herdr-build-cache/morsel-bd5866df7b69c0b0/DerivedData/Build/Products/Debug-iphonesimulator/XCTestDynamicOverlay.o (in target 'XCTestDynamicOverlay' from project 'xctest-dynamic-overlay')
    cd /Volumes/NVMe2TB/BuildCaches/herdr-build-cache/morsel-bd5866df7b69c0b0/DerivedData/SourcePackages/checkouts/xctest-dynamic-overlay
    builtin-RegisterExecutionPolicyException /Volumes/NVMe2TB/BuildCaches/herdr-build-cache/morsel-bd5866df7b69c0b0/DerivedData/Build/Products/Debug-iphonesimulator/XCTestDynamicOverlay.o

Ld /Volumes/NVMe2TB/BuildCaches/herdr-build-cache/morsel-bd5866df7b69c0b0/DerivedData/Build/Products/Debug-iphonesimulator/Helpers.o normal (in target 'Helpers' from project 'Supabase')
    cd /Volumes/NVMe2TB/BuildCaches/herdr-build-cache/morsel-bd5866df7b69c0b0/DerivedData/SourcePackages/checkouts/supabase-swift
    /Applications/Xcode.app/Contents/Developer/Toolchains/XcodeDefault.xctoolchain/usr/bin/clang -Xlinker -reproducible -target arm64-apple-ios16.0-simulator -r -isysroot /Applications/Xcode.app/Contents/Developer/Platforms/iPhoneSimulator.platform/Developer/SDKs/iPhoneSimulator26.5.sdk -O0 -w -F/Volumes/NVMe2TB/BuildCaches/herdr-build-cache/morsel-bd5866df7b69c0b0/DerivedData/Build/Intermediates.noindex/EagerLinkingTBDs/Debug-iphonesimulator -F/Volumes/NVMe2TB/BuildCaches/herdr-build-cache/morsel-bd5866df7b69c0b0/DerivedData/Build/Products/Debug-iphonesimulator/PackageFrameworks -F/Volumes/NVMe2TB/BuildCaches/herdr-build-cache/morsel-bd5866df7b69c0b0/DerivedData/Build/Products/Debug-iphonesimulator/PackageFrameworks -F/Volumes/NVMe2TB/BuildCaches/herdr-build-cache/morsel-bd5866df7b69c0b0/DerivedData/Build/Products/Debug-iphonesimulator/PackageFrameworks -F/Volumes/NVMe2TB/BuildCaches/herdr-build-cache/morsel-bd5866df7b69c0b0/DerivedData/Build/Products/Debug-iphonesimulator/PackageFrameworks -F/Volumes/NVMe2TB/BuildCaches/herdr-build-cache/morsel-bd5866df7b69c0b0/DerivedData/Build/Products/Debug-iphonesimulator/PackageFrameworks -F/Volumes/NVMe2TB/BuildCaches/herdr-build-cache/morsel-bd5866df7b69c0b0/DerivedData/Build/Products/Debug-iphonesimulator -iframework /Applications/Xcode.app/Contents/Developer/Platforms/iPhoneSimulator.platform/Developer/Library/Frameworks -iframework /Applications/Xcode.app/Contents/Developer/Platforms/iPhoneSimulator.platform/Developer/SDKs/iPhoneSimulator26.5.sdk/Developer/Library/Frameworks -filelist /Volumes/NVMe2TB/BuildCaches/herdr-build-cache/morsel-bd5866df7b69c0b0/DerivedData/Build/Intermediates.noindex/Supabase.build/Debug-iphonesimulator/Helpers.build/Objects-normal/arm64/Helpers.LinkFileList -nostdlib -Xlinker -object_path_lto -Xlinker /Volumes/NVMe2TB/BuildCaches/herdr-build-cache/morsel-bd5866df7b69c0b0/DerivedData/Build/Intermediates.noindex/Supabase.build/Debug-iphonesimulator/Helpers.build/Objects-normal/arm64/Helpers_lto.o -Xlinker -no_deduplicate -Xlinker -objc_abi_version -Xlinker 2 -Xlinker -dependency_info -Xlinker /Volumes/NVMe2TB/BuildCaches/herdr-build-cache/morsel-bd5866df7b69c0b0/DerivedData/Build/Intermediates.noindex/Supabase.build/Debug-iphonesimulator/Helpers.build/Objects-normal/arm64/Helpers_dependency_info.dat -fobjc-link-runtime -L/Applications/Xcode.app/Contents/Developer/Toolchains/XcodeDefault.xctoolchain/usr/lib/swift/iphonesimulator -L/usr/lib/swift -Xlinker -add_ast_path -Xlinker /Volumes/NVMe2TB/BuildCaches/herdr-build-cache/morsel-bd5866df7b69c0b0/DerivedData/Build/Intermediates.noindex/Supabase.build/Debug-iphonesimulator/Helpers.build/Objects-normal/arm64/Helpers.swiftmodule @/Volumes/NVMe2TB/BuildCaches/herdr-build-cache/morsel-bd5866df7b69c0b0/DerivedData/Build/Intermediates.noindex/Supabase.build/Debug-iphonesimulator/Helpers.build/Objects-normal/arm64/Helpers-linker-args.resp -o /Volumes/NVMe2TB/BuildCaches/herdr-build-cache/morsel-bd5866df7b69c0b0/DerivedData/Build/Products/Debug-iphonesimulator/Helpers.o

ExtractAppIntentsMetadata (in target 'Helpers' from project 'Supabase')
    cd /Volumes/NVMe2TB/BuildCaches/herdr-build-cache/morsel-bd5866df7b69c0b0/DerivedData/SourcePackages/checkouts/supabase-swift
    /Applications/Xcode.app/Contents/Developer/Toolchains/XcodeDefault.xctoolchain/usr/bin/appintentsmetadataprocessor --toolchain-dir /Applications/Xcode.app/Contents/Developer/Toolchains/XcodeDefault.xctoolchain --module-name Helpers --sdk-root /Applications/Xcode.app/Contents/Developer/Platforms/iPhoneSimulator.platform/Developer/SDKs/iPhoneSimulator26.5.sdk --xcode-version 17F113 --platform-family iOS --deployment-target 16.0 --bundle-identifier supabase-swift.Helpers --output /Volumes/NVMe2TB/BuildCaches/herdr-build-cache/morsel-bd5866df7b69c0b0/DerivedData/Build/Products/Debug-iphonesimulator/Helpers.appintents --target-triple arm64-apple-ios16.0-simulator --binary-file /Volumes/NVMe2TB/BuildCaches/herdr-build-cache/morsel-bd5866df7b69c0b0/DerivedData/Build/Products/Debug-iphonesimulator/Helpers.o --dependency-file /Volumes/NVMe2TB/BuildCaches/herdr-build-cache/morsel-bd5866df7b69c0b0/DerivedData/Build/Intermediates.noindex/Supabase.build/Debug-iphonesimulator/Helpers.build/Objects-normal/arm64/Helpers_dependency_info.dat --stringsdata-file /Volumes/NVMe2TB/BuildCaches/herdr-build-cache/morsel-bd5866df7b69c0b0/DerivedData/Build/Intermediates.noindex/Supabase.build/Debug-iphonesimulator/Helpers.build/Objects-normal/arm64/ExtractedAppShortcutsMetadata.stringsdata --source-file-list /Volumes/NVMe2TB/BuildCaches/herdr-build-cache/morsel-bd5866df7b69c0b0/DerivedData/Build/Intermediates.noindex/Supabase.build/Debug-iphonesimulator/Helpers.build/Objects-normal/arm64/Helpers.SwiftFileList --metadata-file-list /Volumes/NVMe2TB/BuildCaches/herdr-build-cache/morsel-bd5866df7b69c0b0/DerivedData/Build/Intermediates.noindex/Supabase.build/Debug-iphonesimulator/Helpers.build/Helpers.DependencyMetadataFileList --static-metadata-file-list /Volumes/NVMe2TB/BuildCaches/herdr-build-cache/morsel-bd5866df7b69c0b0/DerivedData/Build/Intermediates.noindex/Supabase.build/Debug-iphonesimulator/Helpers.build/Helpers.DependencyStaticMetadataFileList --swift-const-vals-list /Volumes/NVMe2TB/BuildCaches/herdr-build-cache/morsel-bd5866df7b69c0b0/DerivedData/Build/Intermediates.noindex/Supabase.build/Debug-iphonesimulator/Helpers.build/Objects-normal/arm64/Helpers.SwiftConstValuesFileList --force --compile-time-extraction --deployment-aware-processing --validate-assistant-intents --no-app-shortcuts-localization
2026-09-05 08:38:04.145 appintentsmetadataprocessor[92495:21394447] Starting appintentsmetadataprocessor export
2026-09-05 08:38:04.164 appintentsmetadataprocessor[92495:21394447] Extracted no relevant App Intents symbols, skipping writing output

RegisterExecutionPolicyException /Volumes/NVMe2TB/BuildCaches/herdr-build-cache/morsel-bd5866df7b69c0b0/DerivedData/Build/Products/Debug-iphonesimulator/Helpers.o (in target 'Helpers' from project 'Supabase')
    cd /Volumes/NVMe2TB/BuildCaches/herdr-build-cache/morsel-bd5866df7b69c0b0/DerivedData/SourcePackages/checkouts/supabase-swift
    builtin-RegisterExecutionPolicyException /Volumes/NVMe2TB/BuildCaches/herdr-build-cache/morsel-bd5866df7b69c0b0/DerivedData/Build/Products/Debug-iphonesimulator/Helpers.o

Ld /Volumes/NVMe2TB/BuildCaches/herdr-build-cache/morsel-bd5866df7b69c0b0/DerivedData/Build/Products/Debug-iphonesimulator/Storage.o normal (in target 'Storage' from project 'Supabase')
    cd /Volumes/NVMe2TB/BuildCaches/herdr-build-cache/morsel-bd5866df7b69c0b0/DerivedData/SourcePackages/checkouts/supabase-swift
    /Applications/Xcode.app/Contents/Developer/Toolchains/XcodeDefault.xctoolchain/usr/bin/clang -Xlinker -reproducible -target arm64-apple-ios16.0-simulator -r -isysroot /Applications/Xcode.app/Contents/Developer/Platforms/iPhoneSimulator.platform/Developer/SDKs/iPhoneSimulator26.5.sdk -O0 -w -F/Volumes/NVMe2TB/BuildCaches/herdr-build-cache/morsel-bd5866df7b69c0b0/DerivedData/Build/Intermediates.noindex/EagerLinkingTBDs/Debug-iphonesimulator -F/Volumes/NVMe2TB/BuildCaches/herdr-build-cache/morsel-bd5866df7b69c0b0/DerivedData/Build/Products/Debug-iphonesimulator/PackageFrameworks -F/Volumes/NVMe2TB/BuildCaches/herdr-build-cache/morsel-bd5866df7b69c0b0/DerivedData/Build/Products/Debug-iphonesimulator/PackageFrameworks -F/Volumes/NVMe2TB/BuildCaches/herdr-build-cache/morsel-bd5866df7b69c0b0/DerivedData/Build/Products/Debug-iphonesimulator/PackageFrameworks -F/Volumes/NVMe2TB/BuildCaches/herdr-build-cache/morsel-bd5866df7b69c0b0/DerivedData/Build/Products/Debug-iphonesimulator/PackageFrameworks -F/Volumes/NVMe2TB/BuildCaches/herdr-build-cache/morsel-bd5866df7b69c0b0/DerivedData/Build/Products/Debug-iphonesimulator/PackageFrameworks -F/Volumes/NVMe2TB/BuildCaches/herdr-build-cache/morsel-bd5866df7b69c0b0/DerivedData/Build/Products/Debug-iphonesimulator/PackageFrameworks -F/Volumes/NVMe2TB/BuildCaches/herdr-build-cache/morsel-bd5866df7b69c0b0/DerivedData/Build/Products/Debug-iphonesimulator -iframework /Applications/Xcode.app/Contents/Developer/Platforms/iPhoneSimulator.platform/Developer/Library/Frameworks -iframework /Applications/Xcode.app/Contents/Developer/Platforms/iPhoneSimulator.platform/Developer/SDKs/iPhoneSimulator26.5.sdk/Developer/Library/Frameworks -filelist /Volumes/NVMe2TB/BuildCaches/herdr-build-cache/morsel-bd5866df7b69c0b0/DerivedData/Build/Intermediates.noindex/Supabase.build/Debug-iphonesimulator/Storage.build/Objects-normal/arm64/Storage.LinkFileList -nostdlib -Xlinker -object_path_lto -Xlinker /Volumes/NVMe2TB/BuildCaches/herdr-build-cache/morsel-bd5866df7b69c0b0/DerivedData/Build/Intermediates.noindex/Supabase.build/Debug-iphonesimulator/Storage.build/Objects-normal/arm64/Storage_lto.o -Xlinker -no_deduplicate -Xlinker -objc_abi_version -Xlinker 2 -Xlinker -dependency_info -Xlinker /Volumes/NVMe2TB/BuildCaches/herdr-build-cache/morsel-bd5866df7b69c0b0/DerivedData/Build/Intermediates.noindex/Supabase.build/Debug-iphonesimulator/Storage.build/Objects-normal/arm64/Storage_dependency_info.dat -fobjc-link-runtime -L/Applications/Xcode.app/Contents/Developer/Toolchains/XcodeDefault.xctoolchain/usr/lib/swift/iphonesimulator -L/usr/lib/swift -Xlinker -add_ast_path -Xlinker /Volumes/NVMe2TB/BuildCaches/herdr-build-cache/morsel-bd5866df7b69c0b0/DerivedData/Build/Intermediates.noindex/Supabase.build/Debug-iphonesimulator/Storage.build/Objects-normal/arm64/Storage.swiftmodule @/Volumes/NVMe2TB/BuildCaches/herdr-build-cache/morsel-bd5866df7b69c0b0/DerivedData/Build/Intermediates.noindex/Supabase.build/Debug-iphonesimulator/Storage.build/Objects-normal/arm64/Storage-linker-args.resp -o /Volumes/NVMe2TB/BuildCaches/herdr-build-cache/morsel-bd5866df7b69c0b0/DerivedData/Build/Products/Debug-iphonesimulator/Storage.o

Ld /Volumes/NVMe2TB/BuildCaches/herdr-build-cache/morsel-bd5866df7b69c0b0/DerivedData/Build/Products/Debug-iphonesimulator/RealtimeV2.o normal (in target 'RealtimeV2' from project 'Supabase')
    cd /Volumes/NVMe2TB/BuildCaches/herdr-build-cache/morsel-bd5866df7b69c0b0/DerivedData/SourcePackages/checkouts/supabase-swift
    /Applications/Xcode.app/Contents/Developer/Toolchains/XcodeDefault.xctoolchain/usr/bin/clang -Xlinker -reproducible -target arm64-apple-ios16.0-simulator -r -isysroot /Applications/Xcode.app/Contents/Developer/Platforms/iPhoneSimulator.platform/Developer/SDKs/iPhoneSimulator26.5.sdk -O0 -w -F/Volumes/NVMe2TB/BuildCaches/herdr-build-cache/morsel-bd5866df7b69c0b0/DerivedData/Build/Intermediates.noindex/EagerLinkingTBDs/Debug-iphonesimulator -F/Volumes/NVMe2TB/BuildCaches/herdr-build-cache/morsel-bd5866df7b69c0b0/DerivedData/Build/Products/Debug-iphonesimulator/PackageFrameworks -F/Volumes/NVMe2TB/BuildCaches/herdr-build-cache/morsel-bd5866df7b69c0b0/DerivedData/Build/Products/Debug-iphonesimulator/PackageFrameworks -F/Volumes/NVMe2TB/BuildCaches/herdr-build-cache/morsel-bd5866df7b69c0b0/DerivedData/Build/Products/Debug-iphonesimulator/PackageFrameworks -F/Volumes/NVMe2TB/BuildCaches/herdr-build-cache/morsel-bd5866df7b69c0b0/DerivedData/Build/Products/Debug-iphonesimulator/PackageFrameworks -F/Volumes/NVMe2TB/BuildCaches/herdr-build-cache/morsel-bd5866df7b69c0b0/DerivedData/Build/Products/Debug-iphonesimulator/PackageFrameworks -F/Volumes/NVMe2TB/BuildCaches/herdr-build-cache/morsel-bd5866df7b69c0b0/DerivedData/Build/Products/Debug-iphonesimulator/PackageFrameworks -F/Volumes/NVMe2TB/BuildCaches/herdr-build-cache/morsel-bd5866df7b69c0b0/DerivedData/Build/Products/Debug-iphonesimulator -iframework /Applications/Xcode.app/Contents/Developer/Platforms/iPhoneSimulator.platform/Developer/Library/Frameworks -iframework /Applications/Xcode.app/Contents/Developer/Platforms/iPhoneSimulator.platform/Developer/SDKs/iPhoneSimulator26.5.sdk/Developer/Library/Frameworks -filelist /Volumes/NVMe2TB/BuildCaches/herdr-build-cache/morsel-bd5866df7b69c0b0/DerivedData/Build/Intermediates.noindex/Supabase.build/Debug-iphonesimulator/RealtimeV2.build/Objects-normal/arm64/RealtimeV2.LinkFileList -nostdlib -Xlinker -object_path_lto -Xlinker /Volumes/NVMe2TB/BuildCaches/herdr-build-cache/morsel-bd5866df7b69c0b0/DerivedData/Build/Intermediates.noindex/Supabase.build/Debug-iphonesimulator/RealtimeV2.build/Objects-normal/arm64/RealtimeV2_lto.o -Xlinker -no_deduplicate -Xlinker -objc_abi_version -Xlinker 2 -Xlinker -dependency_info -Xlinker /Volumes/NVMe2TB/BuildCaches/herdr-build-cache/morsel-bd5866df7b69c0b0/DerivedData/Build/Intermediates.noindex/Supabase.build/Debug-iphonesimulator/RealtimeV2.build/Objects-normal/arm64/RealtimeV2_dependency_info.dat -fobjc-link-runtime -L/Applications/Xcode.app/Contents/Developer/Toolchains/XcodeDefault.xctoolchain/usr/lib/swift/iphonesimulator -L/usr/lib/swift -Xlinker -add_ast_path -Xlinker /Volumes/NVMe2TB/BuildCaches/herdr-build-cache/morsel-bd5866df7b69c0b0/DerivedData/Build/Intermediates.noindex/Supabase.build/Debug-iphonesimulator/RealtimeV2.build/Objects-normal/arm64/RealtimeV2.swiftmodule @/Volumes/NVMe2TB/BuildCaches/herdr-build-cache/morsel-bd5866df7b69c0b0/DerivedData/Build/Intermediates.noindex/Supabase.build/Debug-iphonesimulator/RealtimeV2.build/Objects-normal/arm64/RealtimeV2-linker-args.resp -o /Volumes/NVMe2TB/BuildCaches/herdr-build-cache/morsel-bd5866df7b69c0b0/DerivedData/Build/Products/Debug-iphonesimulator/RealtimeV2.o

Ld /Volumes/NVMe2TB/BuildCaches/herdr-build-cache/morsel-bd5866df7b69c0b0/DerivedData/Build/Products/Debug-iphonesimulator/PostgREST.o normal (in target 'PostgREST' from project 'Supabase')
    cd /Volumes/NVMe2TB/BuildCaches/herdr-build-cache/morsel-bd5866df7b69c0b0/DerivedData/SourcePackages/checkouts/supabase-swift
    /Applications/Xcode.app/Contents/Developer/Toolchains/XcodeDefault.xctoolchain/usr/bin/clang -Xlinker -reproducible -target arm64-apple-ios16.0-simulator -r -isysroot /Applications/Xcode.app/Contents/Developer/Platforms/iPhoneSimulator.platform/Developer/SDKs/iPhoneSimulator26.5.sdk -O0 -w -F/Volumes/NVMe2TB/BuildCaches/herdr-build-cache/morsel-bd5866df7b69c0b0/DerivedData/Build/Intermediates.noindex/EagerLinkingTBDs/Debug-iphonesimulator -F/Volumes/NVMe2TB/BuildCaches/herdr-build-cache/morsel-bd5866df7b69c0b0/DerivedData/Build/Products/Debug-iphonesimulator/PackageFrameworks -F/Volumes/NVMe2TB/BuildCaches/herdr-build-cache/morsel-bd5866df7b69c0b0/DerivedData/Build/Products/Debug-iphonesimulator/PackageFrameworks -F/Volumes/NVMe2TB/BuildCaches/herdr-build-cache/morsel-bd5866df7b69c0b0/DerivedData/Build/Products/Debug-iphonesimulator/PackageFrameworks -F/Volumes/NVMe2TB/BuildCaches/herdr-build-cache/morsel-bd5866df7b69c0b0/DerivedData/Build/Products/Debug-iphonesimulator/PackageFrameworks -F/Volumes/NVMe2TB/BuildCaches/herdr-build-cache/morsel-bd5866df7b69c0b0/DerivedData/Build/Products/Debug-iphonesimulator/PackageFrameworks -F/Volumes/NVMe2TB/BuildCaches/herdr-build-cache/morsel-bd5866df7b69c0b0/DerivedData/Build/Products/Debug-iphonesimulator/PackageFrameworks -F/Volumes/NVMe2TB/BuildCaches/herdr-build-cache/morsel-bd5866df7b69c0b0/DerivedData/Build/Products/Debug-iphonesimulator -iframework /Applications/Xcode.app/Contents/Developer/Platforms/iPhoneSimulator.platform/Developer/Library/Frameworks -iframework /Applications/Xcode.app/Contents/Developer/Platforms/iPhoneSimulator.platform/Developer/SDKs/iPhoneSimulator26.5.sdk/Developer/Library/Frameworks -filelist /Volumes/NVMe2TB/BuildCaches/herdr-build-cache/morsel-bd5866df7b69c0b0/DerivedData/Build/Intermediates.noindex/Supabase.build/Debug-iphonesimulator/PostgREST.build/Objects-normal/arm64/PostgREST.LinkFileList -nostdlib -Xlinker -object_path_lto -Xlinker /Volumes/NVMe2TB/BuildCaches/herdr-build-cache/morsel-bd5866df7b69c0b0/DerivedData/Build/Intermediates.noindex/Supabase.build/Debug-iphonesimulator/PostgREST.build/Objects-normal/arm64/PostgREST_lto.o -Xlinker -no_deduplicate -Xlinker -objc_abi_version -Xlinker 2 -Xlinker -dependency_info -Xlinker /Volumes/NVMe2TB/BuildCaches/herdr-build-cache/morsel-bd5866df7b69c0b0/DerivedData/Build/Intermediates.noindex/Supabase.build/Debug-iphonesimulator/PostgREST.build/Objects-normal/arm64/PostgREST_dependency_info.dat -fobjc-link-runtime -L/Applications/Xcode.app/Contents/Developer/Toolchains/XcodeDefault.xctoolchain/usr/lib/swift/iphonesimulator -L/usr/lib/swift -Xlinker -add_ast_path -Xlinker /Volumes/NVMe2TB/BuildCaches/herdr-build-cache/morsel-bd5866df7b69c0b0/DerivedData/Build/Intermediates.noindex/Supabase.build/Debug-iphonesimulator/PostgREST.build/Objects-normal/arm64/PostgREST.swiftmodule @/Volumes/NVMe2TB/BuildCaches/herdr-build-cache/morsel-bd5866df7b69c0b0/DerivedData/Build/Intermediates.noindex/Supabase.build/Debug-iphonesimulator/PostgREST.build/Objects-normal/arm64/PostgREST-linker-args.resp -o /Volumes/NVMe2TB/BuildCaches/herdr-build-cache/morsel-bd5866df7b69c0b0/DerivedData/Build/Products/Debug-iphonesimulator/PostgREST.o

Ld /Volumes/NVMe2TB/BuildCaches/herdr-build-cache/morsel-bd5866df7b69c0b0/DerivedData/Build/Products/Debug-iphonesimulator/Functions.o normal (in target 'Functions' from project 'Supabase')
    cd /Volumes/NVMe2TB/BuildCaches/herdr-build-cache/morsel-bd5866df7b69c0b0/DerivedData/SourcePackages/checkouts/supabase-swift
    /Applications/Xcode.app/Contents/Developer/Toolchains/XcodeDefault.xctoolchain/usr/bin/clang -Xlinker -reproducible -target arm64-apple-ios16.0-simulator -r -isysroot /Applications/Xcode.app/Contents/Developer/Platforms/iPhoneSimulator.platform/Developer/SDKs/iPhoneSimulator26.5.sdk -O0 -w -F/Volumes/NVMe2TB/BuildCaches/herdr-build-cache/morsel-bd5866df7b69c0b0/DerivedData/Build/Intermediates.noindex/EagerLinkingTBDs/Debug-iphonesimulator -F/Volumes/NVMe2TB/BuildCaches/herdr-build-cache/morsel-bd5866df7b69c0b0/DerivedData/Build/Products/Debug-iphonesimulator/PackageFrameworks -F/Volumes/NVMe2TB/BuildCaches/herdr-build-cache/morsel-bd5866df7b69c0b0/DerivedData/Build/Products/Debug-iphonesimulator/PackageFrameworks -F/Volumes/NVMe2TB/BuildCaches/herdr-build-cache/morsel-bd5866df7b69c0b0/DerivedData/Build/Products/Debug-iphonesimulator/PackageFrameworks -F/Volumes/NVMe2TB/BuildCaches/herdr-build-cache/morsel-bd5866df7b69c0b0/DerivedData/Build/Products/Debug-iphonesimulator/PackageFrameworks -F/Volumes/NVMe2TB/BuildCaches/herdr-build-cache/morsel-bd5866df7b69c0b0/DerivedData/Build/Products/Debug-iphonesimulator/PackageFrameworks -F/Volumes/NVMe2TB/BuildCaches/herdr-build-cache/morsel-bd5866df7b69c0b0/DerivedData/Build/Products/Debug-iphonesimulator/PackageFrameworks -F/Volumes/NVMe2TB/BuildCaches/herdr-build-cache/morsel-bd5866df7b69c0b0/DerivedData/Build/Products/Debug-iphonesimulator -iframework /Applications/Xcode.app/Contents/Developer/Platforms/iPhoneSimulator.platform/Developer/Library/Frameworks -iframework /Applications/Xcode.app/Contents/Developer/Platforms/iPhoneSimulator.platform/Developer/SDKs/iPhoneSimulator26.5.sdk/Developer/Library/Frameworks -filelist /Volumes/NVMe2TB/BuildCaches/herdr-build-cache/morsel-bd5866df7b69c0b0/DerivedData/Build/Intermediates.noindex/Supabase.build/Debug-iphonesimulator/Functions.build/Objects-normal/arm64/Functions.LinkFileList -nostdlib -Xlinker -object_path_lto -Xlinker /Volumes/NVMe2TB/BuildCaches/herdr-build-cache/morsel-bd5866df7b69c0b0/DerivedData/Build/Intermediates.noindex/Supabase.build/Debug-iphonesimulator/Functions.build/Objects-normal/arm64/Functions_lto.o -Xlinker -no_deduplicate -Xlinker -objc_abi_version -Xlinker 2 -Xlinker -dependency_info -Xlinker /Volumes/NVMe2TB/BuildCaches/herdr-build-cache/morsel-bd5866df7b69c0b0/DerivedData/Build/Intermediates.noindex/Supabase.build/Debug-iphonesimulator/Functions.build/Objects-normal/arm64/Functions_dependency_info.dat -fobjc-link-runtime -L/Applications/Xcode.app/Contents/Developer/Toolchains/XcodeDefault.xctoolchain/usr/lib/swift/iphonesimulator -L/usr/lib/swift -Xlinker -add_ast_path -Xlinker /Volumes/NVMe2TB/BuildCaches/herdr-build-cache/morsel-bd5866df7b69c0b0/DerivedData/Build/Intermediates.noindex/Supabase.build/Debug-iphonesimulator/Functions.build/Objects-normal/arm64/Functions.swiftmodule @/Volumes/NVMe2TB/BuildCaches/herdr-build-cache/morsel-bd5866df7b69c0b0/DerivedData/Build/Intermediates.noindex/Supabase.build/Debug-iphonesimulator/Functions.build/Objects-normal/arm64/Functions-linker-args.resp -o /Volumes/NVMe2TB/BuildCaches/herdr-build-cache/morsel-bd5866df7b69c0b0/DerivedData/Build/Products/Debug-iphonesimulator/Functions.o

Ld /Volumes/NVMe2TB/BuildCaches/herdr-build-cache/morsel-bd5866df7b69c0b0/DerivedData/Build/Products/Debug-iphonesimulator/Auth.o normal (in target 'Auth' from project 'Supabase')
    cd /Volumes/NVMe2TB/BuildCaches/herdr-build-cache/morsel-bd5866df7b69c0b0/DerivedData/SourcePackages/checkouts/supabase-swift
    /Applications/Xcode.app/Contents/Developer/Toolchains/XcodeDefault.xctoolchain/usr/bin/clang -Xlinker -reproducible -target arm64-apple-ios16.0-simulator -r -isysroot /Applications/Xcode.app/Contents/Developer/Platforms/iPhoneSimulator.platform/Developer/SDKs/iPhoneSimulator26.5.sdk -O0 -w -F/Volumes/NVMe2TB/BuildCaches/herdr-build-cache/morsel-bd5866df7b69c0b0/DerivedData/Build/Intermediates.noindex/EagerLinkingTBDs/Debug-iphonesimulator -F/Volumes/NVMe2TB/BuildCaches/herdr-build-cache/morsel-bd5866df7b69c0b0/DerivedData/Build/Products/Debug-iphonesimulator/PackageFrameworks -F/Volumes/NVMe2TB/BuildCaches/herdr-build-cache/morsel-bd5866df7b69c0b0/DerivedData/Build/Products/Debug-iphonesimulator/PackageFrameworks -F/Volumes/NVMe2TB/BuildCaches/herdr-build-cache/morsel-bd5866df7b69c0b0/DerivedData/Build/Products/Debug-iphonesimulator/PackageFrameworks -F/Volumes/NVMe2TB/BuildCaches/herdr-build-cache/morsel-bd5866df7b69c0b0/DerivedData/Build/Products/Debug-iphonesimulator/PackageFrameworks -F/Volumes/NVMe2TB/BuildCaches/herdr-build-cache/morsel-bd5866df7b69c0b0/DerivedData/Build/Products/Debug-iphonesimulator/PackageFrameworks -F/Volumes/NVMe2TB/BuildCaches/herdr-build-cache/morsel-bd5866df7b69c0b0/DerivedData/Build/Products/Debug-iphonesimulator/PackageFrameworks -F/Volumes/NVMe2TB/BuildCaches/herdr-build-cache/morsel-bd5866df7b69c0b0/DerivedData/Build/Products/Debug-iphonesimulator/PackageFrameworks -F/Volumes/NVMe2TB/BuildCaches/herdr-build-cache/morsel-bd5866df7b69c0b0/DerivedData/Build/Products/Debug-iphonesimulator -iframework /Applications/Xcode.app/Contents/Developer/Platforms/iPhoneSimulator.platform/Developer/Library/Frameworks -iframework /Applications/Xcode.app/Contents/Developer/Platforms/iPhoneSimulator.platform/Developer/SDKs/iPhoneSimulator26.5.sdk/Developer/Library/Frameworks -filelist /Volumes/NVMe2TB/BuildCaches/herdr-build-cache/morsel-bd5866df7b69c0b0/DerivedData/Build/Intermediates.noindex/Supabase.build/Debug-iphonesimulator/Auth.build/Objects-normal/arm64/Auth.LinkFileList -nostdlib -Xlinker -object_path_lto -Xlinker /Volumes/NVMe2TB/BuildCaches/herdr-build-cache/morsel-bd5866df7b69c0b0/DerivedData/Build/Intermediates.noindex/Supabase.build/Debug-iphonesimulator/Auth.build/Objects-normal/arm64/Auth_lto.o -Xlinker -no_deduplicate -Xlinker -objc_abi_version -Xlinker 2 -Xlinker -dependency_info -Xlinker /Volumes/NVMe2TB/BuildCaches/herdr-build-cache/morsel-bd5866df7b69c0b0/DerivedData/Build/Intermediates.noindex/Supabase.build/Debug-iphonesimulator/Auth.build/Objects-normal/arm64/Auth_dependency_info.dat -fobjc-link-runtime -L/Applications/Xcode.app/Contents/Developer/Toolchains/XcodeDefault.xctoolchain/usr/lib/swift/iphonesimulator -L/usr/lib/swift -Xlinker -add_ast_path -Xlinker /Volumes/NVMe2TB/BuildCaches/herdr-build-cache/morsel-bd5866df7b69c0b0/DerivedData/Build/Intermediates.noindex/Supabase.build/Debug-iphonesimulator/Auth.build/Objects-normal/arm64/Auth.swiftmodule @/Volumes/NVMe2TB/BuildCaches/herdr-build-cache/morsel-bd5866df7b69c0b0/DerivedData/Build/Intermediates.noindex/Supabase.build/Debug-iphonesimulator/Auth.build/Objects-normal/arm64/Auth-linker-args.resp -o /Volumes/NVMe2TB/BuildCaches/herdr-build-cache/morsel-bd5866df7b69c0b0/DerivedData/Build/Products/Debug-iphonesimulator/Auth.o

ExtractAppIntentsMetadata (in target 'Functions' from project 'Supabase')
    cd /Volumes/NVMe2TB/BuildCaches/herdr-build-cache/morsel-bd5866df7b69c0b0/DerivedData/SourcePackages/checkouts/supabase-swift
    /Applications/Xcode.app/Contents/Developer/Toolchains/XcodeDefault.xctoolchain/usr/bin/appintentsmetadataprocessor --toolchain-dir /Applications/Xcode.app/Contents/Developer/Toolchains/XcodeDefault.xctoolchain --module-name Functions --sdk-root /Applications/Xcode.app/Contents/Developer/Platforms/iPhoneSimulator.platform/Developer/SDKs/iPhoneSimulator26.5.sdk --xcode-version 17F113 --platform-family iOS --deployment-target 16.0 --bundle-identifier supabase-swift.Functions --output /Volumes/NVMe2TB/BuildCaches/herdr-build-cache/morsel-bd5866df7b69c0b0/DerivedData/Build/Products/Debug-iphonesimulator/Functions.appintents --target-triple arm64-apple-ios16.0-simulator --binary-file /Volumes/NVMe2TB/BuildCaches/herdr-build-cache/morsel-bd5866df7b69c0b0/DerivedData/Build/Products/Debug-iphonesimulator/Functions.o --dependency-file /Volumes/NVMe2TB/BuildCaches/herdr-build-cache/morsel-bd5866df7b69c0b0/DerivedData/Build/Intermediates.noindex/Supabase.build/Debug-iphonesimulator/Functions.build/Objects-normal/arm64/Functions_dependency_info.dat --stringsdata-file /Volumes/NVMe2TB/BuildCaches/herdr-build-cache/morsel-bd5866df7b69c0b0/DerivedData/Build/Intermediates.noindex/Supabase.build/Debug-iphonesimulator/Functions.build/Objects-normal/arm64/ExtractedAppShortcutsMetadata.stringsdata --source-file-list /Volumes/NVMe2TB/BuildCaches/herdr-build-cache/morsel-bd5866df7b69c0b0/DerivedData/Build/Intermediates.noindex/Supabase.build/Debug-iphonesimulator/Functions.build/Objects-normal/arm64/Functions.SwiftFileList --metadata-file-list /Volumes/NVMe2TB/BuildCaches/herdr-build-cache/morsel-bd5866df7b69c0b0/DerivedData/Build/Intermediates.noindex/Supabase.build/Debug-iphonesimulator/Functions.build/Functions.DependencyMetadataFileList --static-metadata-file-list /Volumes/NVMe2TB/BuildCaches/herdr-build-cache/morsel-bd5866df7b69c0b0/DerivedData/Build/Intermediates.noindex/Supabase.build/Debug-iphonesimulator/Functions.build/Functions.DependencyStaticMetadataFileList --swift-const-vals-list /Volumes/NVMe2TB/BuildCaches/herdr-build-cache/morsel-bd5866df7b69c0b0/DerivedData/Build/Intermediates.noindex/Supabase.build/Debug-iphonesimulator/Functions.build/Objects-normal/arm64/Functions.SwiftConstValuesFileList --force --compile-time-extraction --deployment-aware-processing --validate-assistant-intents --no-app-shortcuts-localization
2026-09-05 08:38:04.335 appintentsmetadataprocessor[92526:21394535] Starting appintentsmetadataprocessor export
2026-09-05 08:38:04.387 appintentsmetadataprocessor[92526:21394535] Extracted no relevant App Intents symbols, skipping writing output

ExtractAppIntentsMetadata (in target 'PostgREST' from project 'Supabase')
    cd /Volumes/NVMe2TB/BuildCaches/herdr-build-cache/morsel-bd5866df7b69c0b0/DerivedData/SourcePackages/checkouts/supabase-swift
    /Applications/Xcode.app/Contents/Developer/Toolchains/XcodeDefault.xctoolchain/usr/bin/appintentsmetadataprocessor --toolchain-dir /Applications/Xcode.app/Contents/Developer/Toolchains/XcodeDefault.xctoolchain --module-name PostgREST --sdk-root /Applications/Xcode.app/Contents/Developer/Platforms/iPhoneSimulator.platform/Developer/SDKs/iPhoneSimulator26.5.sdk --xcode-version 17F113 --platform-family iOS --deployment-target 16.0 --bundle-identifier supabase-swift.PostgREST --output /Volumes/NVMe2TB/BuildCaches/herdr-build-cache/morsel-bd5866df7b69c0b0/DerivedData/Build/Products/Debug-iphonesimulator/PostgREST.appintents --target-triple arm64-apple-ios16.0-simulator --binary-file /Volumes/NVMe2TB/BuildCaches/herdr-build-cache/morsel-bd5866df7b69c0b0/DerivedData/Build/Products/Debug-iphonesimulator/PostgREST.o --dependency-file /Volumes/NVMe2TB/BuildCaches/herdr-build-cache/morsel-bd5866df7b69c0b0/DerivedData/Build/Intermediates.noindex/Supabase.build/Debug-iphonesimulator/PostgREST.build/Objects-normal/arm64/PostgREST_dependency_info.dat --stringsdata-file /Volumes/NVMe2TB/BuildCaches/herdr-build-cache/morsel-bd5866df7b69c0b0/DerivedData/Build/Intermediates.noindex/Supabase.build/Debug-iphonesimulator/PostgREST.build/Objects-normal/arm64/ExtractedAppShortcutsMetadata.stringsdata --source-file-list /Volumes/NVMe2TB/BuildCaches/herdr-build-cache/morsel-bd5866df7b69c0b0/DerivedData/Build/Intermediates.noindex/Supabase.build/Debug-iphonesimulator/PostgREST.build/Objects-normal/arm64/PostgREST.SwiftFileList --metadata-file-list /Volumes/NVMe2TB/BuildCaches/herdr-build-cache/morsel-bd5866df7b69c0b0/DerivedData/Build/Intermediates.noindex/Supabase.build/Debug-iphonesimulator/PostgREST.build/PostgREST.DependencyMetadataFileList --static-metadata-file-list /Volumes/NVMe2TB/BuildCaches/herdr-build-cache/morsel-bd5866df7b69c0b0/DerivedData/Build/Intermediates.noindex/Supabase.build/Debug-iphonesimulator/PostgREST.build/PostgREST.DependencyStaticMetadataFileList --swift-const-vals-list /Volumes/NVMe2TB/BuildCaches/herdr-build-cache/morsel-bd5866df7b69c0b0/DerivedData/Build/Intermediates.noindex/Supabase.build/Debug-iphonesimulator/PostgREST.build/Objects-normal/arm64/PostgREST.SwiftConstValuesFileList --force --compile-time-extraction --deployment-aware-processing --validate-assistant-intents --no-app-shortcuts-localization
2026-09-05 08:38:04.347 appintentsmetadataprocessor[92527:21394558] Starting appintentsmetadataprocessor export
2026-09-05 08:38:04.375 appintentsmetadataprocessor[92527:21394558] Extracted no relevant App Intents symbols, skipping writing output

ExtractAppIntentsMetadata (in target 'Storage' from project 'Supabase')
    cd /Volumes/NVMe2TB/BuildCaches/herdr-build-cache/morsel-bd5866df7b69c0b0/DerivedData/SourcePackages/checkouts/supabase-swift
    /Applications/Xcode.app/Contents/Developer/Toolchains/XcodeDefault.xctoolchain/usr/bin/appintentsmetadataprocessor --toolchain-dir /Applications/Xcode.app/Contents/Developer/Toolchains/XcodeDefault.xctoolchain --module-name Storage --sdk-root /Applications/Xcode.app/Contents/Developer/Platforms/iPhoneSimulator.platform/Developer/SDKs/iPhoneSimulator26.5.sdk --xcode-version 17F113 --platform-family iOS --deployment-target 16.0 --bundle-identifier supabase-swift.Storage --output /Volumes/NVMe2TB/BuildCaches/herdr-build-cache/morsel-bd5866df7b69c0b0/DerivedData/Build/Products/Debug-iphonesimulator/Storage.appintents --target-triple arm64-apple-ios16.0-simulator --binary-file /Volumes/NVMe2TB/BuildCaches/herdr-build-cache/morsel-bd5866df7b69c0b0/DerivedData/Build/Products/Debug-iphonesimulator/Storage.o --dependency-file /Volumes/NVMe2TB/BuildCaches/herdr-build-cache/morsel-bd5866df7b69c0b0/DerivedData/Build/Intermediates.noindex/Supabase.build/Debug-iphonesimulator/Storage.build/Objects-normal/arm64/Storage_dependency_info.dat --stringsdata-file /Volumes/NVMe2TB/BuildCaches/herdr-build-cache/morsel-bd5866df7b69c0b0/DerivedData/Build/Intermediates.noindex/Supabase.build/Debug-iphonesimulator/Storage.build/Objects-normal/arm64/ExtractedAppShortcutsMetadata.stringsdata --source-file-list /Volumes/NVMe2TB/BuildCaches/herdr-build-cache/morsel-bd5866df7b69c0b0/DerivedData/Build/Intermediates.noindex/Supabase.build/Debug-iphonesimulator/Storage.build/Objects-normal/arm64/Storage.SwiftFileList --metadata-file-list /Volumes/NVMe2TB/BuildCaches/herdr-build-cache/morsel-bd5866df7b69c0b0/DerivedData/Build/Intermediates.noindex/Supabase.build/Debug-iphonesimulator/Storage.build/Storage.DependencyMetadataFileList --static-metadata-file-list /Volumes/NVMe2TB/BuildCaches/herdr-build-cache/morsel-bd5866df7b69c0b0/DerivedData/Build/Intermediates.noindex/Supabase.build/Debug-iphonesimulator/Storage.build/Storage.DependencyStaticMetadataFileList --swift-const-vals-list /Volumes/NVMe2TB/BuildCaches/herdr-build-cache/morsel-bd5866df7b69c0b0/DerivedData/Build/Intermediates.noindex/Supabase.build/Debug-iphonesimulator/Storage.build/Objects-normal/arm64/Storage.SwiftConstValuesFileList --force --compile-time-extraction --deployment-aware-processing --validate-assistant-intents --no-app-shortcuts-localization
2026-09-05 08:38:04.367 appintentsmetadataprocessor[92530:21394562] Starting appintentsmetadataprocessor export
2026-09-05 08:38:04.468 appintentsmetadataprocessor[92530:21394562] Extracted no relevant App Intents symbols, skipping writing output

ExtractAppIntentsMetadata (in target 'RealtimeV2' from project 'Supabase')
    cd /Volumes/NVMe2TB/BuildCaches/herdr-build-cache/morsel-bd5866df7b69c0b0/DerivedData/SourcePackages/checkouts/supabase-swift
    /Applications/Xcode.app/Contents/Developer/Toolchains/XcodeDefault.xctoolchain/usr/bin/appintentsmetadataprocessor --toolchain-dir /Applications/Xcode.app/Contents/Developer/Toolchains/XcodeDefault.xctoolchain --module-name RealtimeV2 --sdk-root /Applications/Xcode.app/Contents/Developer/Platforms/iPhoneSimulator.platform/Developer/SDKs/iPhoneSimulator26.5.sdk --xcode-version 17F113 --platform-family iOS --deployment-target 16.0 --bundle-identifier supabase-swift.RealtimeV2 --output /Volumes/NVMe2TB/BuildCaches/herdr-build-cache/morsel-bd5866df7b69c0b0/DerivedData/Build/Products/Debug-iphonesimulator/RealtimeV2.appintents --target-triple arm64-apple-ios16.0-simulator --binary-file /Volumes/NVMe2TB/BuildCaches/herdr-build-cache/morsel-bd5866df7b69c0b0/DerivedData/Build/Products/Debug-iphonesimulator/RealtimeV2.o --dependency-file /Volumes/NVMe2TB/BuildCaches/herdr-build-cache/morsel-bd5866df7b69c0b0/DerivedData/Build/Intermediates.noindex/Supabase.build/Debug-iphonesimulator/RealtimeV2.build/Objects-normal/arm64/RealtimeV2_dependency_info.dat --stringsdata-file /Volumes/NVMe2TB/BuildCaches/herdr-build-cache/morsel-bd5866df7b69c0b0/DerivedData/Build/Intermediates.noindex/Supabase.build/Debug-iphonesimulator/RealtimeV2.build/Objects-normal/arm64/ExtractedAppShortcutsMetadata.stringsdata --source-file-list /Volumes/NVMe2TB/BuildCaches/herdr-build-cache/morsel-bd5866df7b69c0b0/DerivedData/Build/Intermediates.noindex/Supabase.build/Debug-iphonesimulator/RealtimeV2.build/Objects-normal/arm64/RealtimeV2.SwiftFileList --metadata-file-list /Volumes/NVMe2TB/BuildCaches/herdr-build-cache/morsel-bd5866df7b69c0b0/DerivedData/Build/Intermediates.noindex/Supabase.build/Debug-iphonesimulator/RealtimeV2.build/RealtimeV2.DependencyMetadataFileList --static-metadata-file-list /Volumes/NVMe2TB/BuildCaches/herdr-build-cache/morsel-bd5866df7b69c0b0/DerivedData/Build/Intermediates.noindex/Supabase.build/Debug-iphonesimulator/RealtimeV2.build/RealtimeV2.DependencyStaticMetadataFileList --swift-const-vals-list /Volumes/NVMe2TB/BuildCaches/herdr-build-cache/morsel-bd5866df7b69c0b0/DerivedData/Build/Intermediates.noindex/Supabase.build/Debug-iphonesimulator/RealtimeV2.build/Objects-normal/arm64/RealtimeV2.SwiftConstValuesFileList --force --compile-time-extraction --deployment-aware-processing --validate-assistant-intents --no-app-shortcuts-localization
2026-09-05 08:38:04.406 appintentsmetadataprocessor[92531:21394564] Starting appintentsmetadataprocessor export
2026-09-05 08:38:04.466 appintentsmetadataprocessor[92531:21394564] Extracted no relevant App Intents symbols, skipping writing output

ExtractAppIntentsMetadata (in target 'Auth' from project 'Supabase')
    cd /Volumes/NVMe2TB/BuildCaches/herdr-build-cache/morsel-bd5866df7b69c0b0/DerivedData/SourcePackages/checkouts/supabase-swift
    /Applications/Xcode.app/Contents/Developer/Toolchains/XcodeDefault.xctoolchain/usr/bin/appintentsmetadataprocessor --toolchain-dir /Applications/Xcode.app/Contents/Developer/Toolchains/XcodeDefault.xctoolchain --module-name Auth --sdk-root /Applications/Xcode.app/Contents/Developer/Platforms/iPhoneSimulator.platform/Developer/SDKs/iPhoneSimulator26.5.sdk --xcode-version 17F113 --platform-family iOS --deployment-target 16.0 --bundle-identifier supabase-swift.Auth --output /Volumes/NVMe2TB/BuildCaches/herdr-build-cache/morsel-bd5866df7b69c0b0/DerivedData/Build/Products/Debug-iphonesimulator/Auth.appintents --target-triple arm64-apple-ios16.0-simulator --binary-file /Volumes/NVMe2TB/BuildCaches/herdr-build-cache/morsel-bd5866df7b69c0b0/DerivedData/Build/Products/Debug-iphonesimulator/Auth.o --dependency-file /Volumes/NVMe2TB/BuildCaches/herdr-build-cache/morsel-bd5866df7b69c0b0/DerivedData/Build/Intermediates.noindex/Supabase.build/Debug-iphonesimulator/Auth.build/Objects-normal/arm64/Auth_dependency_info.dat --stringsdata-file /Volumes/NVMe2TB/BuildCaches/herdr-build-cache/morsel-bd5866df7b69c0b0/DerivedData/Build/Intermediates.noindex/Supabase.build/Debug-iphonesimulator/Auth.build/Objects-normal/arm64/ExtractedAppShortcutsMetadata.stringsdata --source-file-list /Volumes/NVMe2TB/BuildCaches/herdr-build-cache/morsel-bd5866df7b69c0b0/DerivedData/Build/Intermediates.noindex/Supabase.build/Debug-iphonesimulator/Auth.build/Objects-normal/arm64/Auth.SwiftFileList --metadata-file-list /Volumes/NVMe2TB/BuildCaches/herdr-build-cache/morsel-bd5866df7b69c0b0/DerivedData/Build/Intermediates.noindex/Supabase.build/Debug-iphonesimulator/Auth.build/Auth.DependencyMetadataFileList --static-metadata-file-list /Volumes/NVMe2TB/BuildCaches/herdr-build-cache/morsel-bd5866df7b69c0b0/DerivedData/Build/Intermediates.noindex/Supabase.build/Debug-iphonesimulator/Auth.build/Auth.DependencyStaticMetadataFileList --swift-const-vals-list /Volumes/NVMe2TB/BuildCaches/herdr-build-cache/morsel-bd5866df7b69c0b0/DerivedData/Build/Intermediates.noindex/Supabase.build/Debug-iphonesimulator/Auth.build/Objects-normal/arm64/Auth.SwiftConstValuesFileList --force --compile-time-extraction --deployment-aware-processing --validate-assistant-intents --no-app-shortcuts-localization
2026-09-05 08:38:04.510 appintentsmetadataprocessor[92534:21394579] Starting appintentsmetadataprocessor export
2026-09-05 08:38:04.661 appintentsmetadataprocessor[92534:21394579] Extracted no relevant App Intents symbols, skipping writing output

RegisterExecutionPolicyException /Volumes/NVMe2TB/BuildCaches/herdr-build-cache/morsel-bd5866df7b69c0b0/DerivedData/Build/Products/Debug-iphonesimulator/RealtimeV2.o (in target 'RealtimeV2' from project 'Supabase')
    cd /Volumes/NVMe2TB/BuildCaches/herdr-build-cache/morsel-bd5866df7b69c0b0/DerivedData/SourcePackages/checkouts/supabase-swift
    builtin-RegisterExecutionPolicyException /Volumes/NVMe2TB/BuildCaches/herdr-build-cache/morsel-bd5866df7b69c0b0/DerivedData/Build/Products/Debug-iphonesimulator/RealtimeV2.o

Ld /Volumes/NVMe2TB/BuildCaches/herdr-build-cache/morsel-bd5866df7b69c0b0/DerivedData/Build/Products/Debug-iphonesimulator/Realtime.o normal (in target 'Realtime' from project 'Supabase')
    cd /Volumes/NVMe2TB/BuildCaches/herdr-build-cache/morsel-bd5866df7b69c0b0/DerivedData/SourcePackages/checkouts/supabase-swift
    /Applications/Xcode.app/Contents/Developer/Toolchains/XcodeDefault.xctoolchain/usr/bin/clang -Xlinker -reproducible -target arm64-apple-ios16.0-simulator -r -isysroot /Applications/Xcode.app/Contents/Developer/Platforms/iPhoneSimulator.platform/Developer/SDKs/iPhoneSimulator26.5.sdk -O0 -w -F/Volumes/NVMe2TB/BuildCaches/herdr-build-cache/morsel-bd5866df7b69c0b0/DerivedData/Build/Intermediates.noindex/EagerLinkingTBDs/Debug-iphonesimulator -F/Volumes/NVMe2TB/BuildCaches/herdr-build-cache/morsel-bd5866df7b69c0b0/DerivedData/Build/Products/Debug-iphonesimulator/PackageFrameworks -F/Volumes/NVMe2TB/BuildCaches/herdr-build-cache/morsel-bd5866df7b69c0b0/DerivedData/Build/Products/Debug-iphonesimulator/PackageFrameworks -F/Volumes/NVMe2TB/BuildCaches/herdr-build-cache/morsel-bd5866df7b69c0b0/DerivedData/Build/Products/Debug-iphonesimulator/PackageFrameworks -F/Volumes/NVMe2TB/BuildCaches/herdr-build-cache/morsel-bd5866df7b69c0b0/DerivedData/Build/Products/Debug-iphonesimulator/PackageFrameworks -F/Volumes/NVMe2TB/BuildCaches/herdr-build-cache/morsel-bd5866df7b69c0b0/DerivedData/Build/Products/Debug-iphonesimulator/PackageFrameworks -F/Volumes/NVMe2TB/BuildCaches/herdr-build-cache/morsel-bd5866df7b69c0b0/DerivedData/Build/Products/Debug-iphonesimulator/PackageFrameworks -F/Volumes/NVMe2TB/BuildCaches/herdr-build-cache/morsel-bd5866df7b69c0b0/DerivedData/Build/Products/Debug-iphonesimulator/PackageFrameworks -F/Volumes/NVMe2TB/BuildCaches/herdr-build-cache/morsel-bd5866df7b69c0b0/DerivedData/Build/Products/Debug-iphonesimulator -iframework /Applications/Xcode.app/Contents/Developer/Platforms/iPhoneSimulator.platform/Developer/Library/Frameworks -iframework /Applications/Xcode.app/Contents/Developer/Platforms/iPhoneSimulator.platform/Developer/SDKs/iPhoneSimulator26.5.sdk/Developer/Library/Frameworks -filelist /Volumes/NVMe2TB/BuildCaches/herdr-build-cache/morsel-bd5866df7b69c0b0/DerivedData/Build/Intermediates.noindex/Supabase.build/Debug-iphonesimulator/Realtime.build/Objects-normal/arm64/Realtime.LinkFileList -nostdlib -Xlinker -object_path_lto -Xlinker /Volumes/NVMe2TB/BuildCaches/herdr-build-cache/morsel-bd5866df7b69c0b0/DerivedData/Build/Intermediates.noindex/Supabase.build/Debug-iphonesimulator/Realtime.build/Objects-normal/arm64/Realtime_lto.o -Xlinker -no_deduplicate -Xlinker -objc_abi_version -Xlinker 2 -Xlinker -dependency_info -Xlinker /Volumes/NVMe2TB/BuildCaches/herdr-build-cache/morsel-bd5866df7b69c0b0/DerivedData/Build/Intermediates.noindex/Supabase.build/Debug-iphonesimulator/Realtime.build/Objects-normal/arm64/Realtime_dependency_info.dat -fobjc-link-runtime -L/Applications/Xcode.app/Contents/Developer/Toolchains/XcodeDefault.xctoolchain/usr/lib/swift/iphonesimulator -L/usr/lib/swift -Xlinker -add_ast_path -Xlinker /Volumes/NVMe2TB/BuildCaches/herdr-build-cache/morsel-bd5866df7b69c0b0/DerivedData/Build/Intermediates.noindex/Supabase.build/Debug-iphonesimulator/Realtime.build/Objects-normal/arm64/Realtime.swiftmodule @/Volumes/NVMe2TB/BuildCaches/herdr-build-cache/morsel-bd5866df7b69c0b0/DerivedData/Build/Intermediates.noindex/Supabase.build/Debug-iphonesimulator/Realtime.build/Objects-normal/arm64/Realtime-linker-args.resp -o /Volumes/NVMe2TB/BuildCaches/herdr-build-cache/morsel-bd5866df7b69c0b0/DerivedData/Build/Products/Debug-iphonesimulator/Realtime.o

ExtractAppIntentsMetadata (in target 'Realtime' from project 'Supabase')
    cd /Volumes/NVMe2TB/BuildCaches/herdr-build-cache/morsel-bd5866df7b69c0b0/DerivedData/SourcePackages/checkouts/supabase-swift
    /Applications/Xcode.app/Contents/Developer/Toolchains/XcodeDefault.xctoolchain/usr/bin/appintentsmetadataprocessor --toolchain-dir /Applications/Xcode.app/Contents/Developer/Toolchains/XcodeDefault.xctoolchain --module-name Realtime --sdk-root /Applications/Xcode.app/Contents/Developer/Platforms/iPhoneSimulator.platform/Developer/SDKs/iPhoneSimulator26.5.sdk --xcode-version 17F113 --platform-family iOS --deployment-target 16.0 --bundle-identifier supabase-swift.Realtime --output /Volumes/NVMe2TB/BuildCaches/herdr-build-cache/morsel-bd5866df7b69c0b0/DerivedData/Build/Products/Debug-iphonesimulator/Realtime.appintents --target-triple arm64-apple-ios16.0-simulator --binary-file /Volumes/NVMe2TB/BuildCaches/herdr-build-cache/morsel-bd5866df7b69c0b0/DerivedData/Build/Products/Debug-iphonesimulator/Realtime.o --dependency-file /Volumes/NVMe2TB/BuildCaches/herdr-build-cache/morsel-bd5866df7b69c0b0/DerivedData/Build/Intermediates.noindex/Supabase.build/Debug-iphonesimulator/Realtime.build/Objects-normal/arm64/Realtime_dependency_info.dat --stringsdata-file /Volumes/NVMe2TB/BuildCaches/herdr-build-cache/morsel-bd5866df7b69c0b0/DerivedData/Build/Intermediates.noindex/Supabase.build/Debug-iphonesimulator/Realtime.build/Objects-normal/arm64/ExtractedAppShortcutsMetadata.stringsdata --source-file-list /Volumes/NVMe2TB/BuildCaches/herdr-build-cache/morsel-bd5866df7b69c0b0/DerivedData/Build/Intermediates.noindex/Supabase.build/Debug-iphonesimulator/Realtime.build/Objects-normal/arm64/Realtime.SwiftFileList --metadata-file-list /Volumes/NVMe2TB/BuildCaches/herdr-build-cache/morsel-bd5866df7b69c0b0/DerivedData/Build/Intermediates.noindex/Supabase.build/Debug-iphonesimulator/Realtime.build/Realtime.DependencyMetadataFileList --static-metadata-file-list /Volumes/NVMe2TB/BuildCaches/herdr-build-cache/morsel-bd5866df7b69c0b0/DerivedData/Build/Intermediates.noindex/Supabase.build/Debug-iphonesimulator/Realtime.build/Realtime.DependencyStaticMetadataFileList --swift-const-vals-list /Volumes/NVMe2TB/BuildCaches/herdr-build-cache/morsel-bd5866df7b69c0b0/DerivedData/Build/Intermediates.noindex/Supabase.build/Debug-iphonesimulator/Realtime.build/Objects-normal/arm64/Realtime.SwiftConstValuesFileList --force --compile-time-extraction --deployment-aware-processing --validate-assistant-intents --no-app-shortcuts-localization
2026-09-05 08:38:04.657 appintentsmetadataprocessor[92539:21394599] Starting appintentsmetadataprocessor export
2026-09-05 08:38:04.678 appintentsmetadataprocessor[92539:21394599] Extracted no relevant App Intents symbols, skipping writing output

RegisterExecutionPolicyException /Volumes/NVMe2TB/BuildCaches/herdr-build-cache/morsel-bd5866df7b69c0b0/DerivedData/Build/Products/Debug-iphonesimulator/Auth.o (in target 'Auth' from project 'Supabase')
    cd /Volumes/NVMe2TB/BuildCaches/herdr-build-cache/morsel-bd5866df7b69c0b0/DerivedData/SourcePackages/checkouts/supabase-swift
    builtin-RegisterExecutionPolicyException /Volumes/NVMe2TB/BuildCaches/herdr-build-cache/morsel-bd5866df7b69c0b0/DerivedData/Build/Products/Debug-iphonesimulator/Auth.o

RegisterExecutionPolicyException /Volumes/NVMe2TB/BuildCaches/herdr-build-cache/morsel-bd5866df7b69c0b0/DerivedData/Build/Products/Debug-iphonesimulator/Functions.o (in target 'Functions' from project 'Supabase')
    cd /Volumes/NVMe2TB/BuildCaches/herdr-build-cache/morsel-bd5866df7b69c0b0/DerivedData/SourcePackages/checkouts/supabase-swift
    builtin-RegisterExecutionPolicyException /Volumes/NVMe2TB/BuildCaches/herdr-build-cache/morsel-bd5866df7b69c0b0/DerivedData/Build/Products/Debug-iphonesimulator/Functions.o

RegisterExecutionPolicyException /Volumes/NVMe2TB/BuildCaches/herdr-build-cache/morsel-bd5866df7b69c0b0/DerivedData/Build/Products/Debug-iphonesimulator/PostgREST.o (in target 'PostgREST' from project 'Supabase')
    cd /Volumes/NVMe2TB/BuildCaches/herdr-build-cache/morsel-bd5866df7b69c0b0/DerivedData/SourcePackages/checkouts/supabase-swift
    builtin-RegisterExecutionPolicyException /Volumes/NVMe2TB/BuildCaches/herdr-build-cache/morsel-bd5866df7b69c0b0/DerivedData/Build/Products/Debug-iphonesimulator/PostgREST.o

RegisterExecutionPolicyException /Volumes/NVMe2TB/BuildCaches/herdr-build-cache/morsel-bd5866df7b69c0b0/DerivedData/Build/Products/Debug-iphonesimulator/Realtime.o (in target 'Realtime' from project 'Supabase')
    cd /Volumes/NVMe2TB/BuildCaches/herdr-build-cache/morsel-bd5866df7b69c0b0/DerivedData/SourcePackages/checkouts/supabase-swift
    builtin-RegisterExecutionPolicyException /Volumes/NVMe2TB/BuildCaches/herdr-build-cache/morsel-bd5866df7b69c0b0/DerivedData/Build/Products/Debug-iphonesimulator/Realtime.o

RegisterExecutionPolicyException /Volumes/NVMe2TB/BuildCaches/herdr-build-cache/morsel-bd5866df7b69c0b0/DerivedData/Build/Products/Debug-iphonesimulator/Storage.o (in target 'Storage' from project 'Supabase')
    cd /Volumes/NVMe2TB/BuildCaches/herdr-build-cache/morsel-bd5866df7b69c0b0/DerivedData/SourcePackages/checkouts/supabase-swift
    builtin-RegisterExecutionPolicyException /Volumes/NVMe2TB/BuildCaches/herdr-build-cache/morsel-bd5866df7b69c0b0/DerivedData/Build/Products/Debug-iphonesimulator/Storage.o

Ld /Volumes/NVMe2TB/BuildCaches/herdr-build-cache/morsel-bd5866df7b69c0b0/DerivedData/Build/Products/Debug-iphonesimulator/Supabase.o normal (in target 'Supabase' from project 'Supabase')
    cd /Volumes/NVMe2TB/BuildCaches/herdr-build-cache/morsel-bd5866df7b69c0b0/DerivedData/SourcePackages/checkouts/supabase-swift
    /Applications/Xcode.app/Contents/Developer/Toolchains/XcodeDefault.xctoolchain/usr/bin/clang -Xlinker -reproducible -target arm64-apple-ios16.0-simulator -r -isysroot /Applications/Xcode.app/Contents/Developer/Platforms/iPhoneSimulator.platform/Developer/SDKs/iPhoneSimulator26.5.sdk -O0 -w -F/Volumes/NVMe2TB/BuildCaches/herdr-build-cache/morsel-bd5866df7b69c0b0/DerivedData/Build/Intermediates.noindex/EagerLinkingTBDs/Debug-iphonesimulator -F/Volumes/NVMe2TB/BuildCaches/herdr-build-cache/morsel-bd5866df7b69c0b0/DerivedData/Build/Products/Debug-iphonesimulator/PackageFrameworks -F/Volumes/NVMe2TB/BuildCaches/herdr-build-cache/morsel-bd5866df7b69c0b0/DerivedData/Build/Products/Debug-iphonesimulator/PackageFrameworks -F/Volumes/NVMe2TB/BuildCaches/herdr-build-cache/morsel-bd5866df7b69c0b0/DerivedData/Build/Products/Debug-iphonesimulator/PackageFrameworks -F/Volumes/NVMe2TB/BuildCaches/herdr-build-cache/morsel-bd5866df7b69c0b0/DerivedData/Build/Products/Debug-iphonesimulator/PackageFrameworks -F/Volumes/NVMe2TB/BuildCaches/herdr-build-cache/morsel-bd5866df7b69c0b0/DerivedData/Build/Products/Debug-iphonesimulator/PackageFrameworks -F/Volumes/NVMe2TB/BuildCaches/herdr-build-cache/morsel-bd5866df7b69c0b0/DerivedData/Build/Products/Debug-iphonesimulator/PackageFrameworks -F/Volumes/NVMe2TB/BuildCaches/herdr-build-cache/morsel-bd5866df7b69c0b0/DerivedData/Build/Products/Debug-iphonesimulator/PackageFrameworks -F/Volumes/NVMe2TB/BuildCaches/herdr-build-cache/morsel-bd5866df7b69c0b0/DerivedData/Build/Products/Debug-iphonesimulator/PackageFrameworks -F/Volumes/NVMe2TB/BuildCaches/herdr-build-cache/morsel-bd5866df7b69c0b0/DerivedData/Build/Products/Debug-iphonesimulator/PackageFrameworks -F/Volumes/NVMe2TB/BuildCaches/herdr-build-cache/morsel-bd5866df7b69c0b0/DerivedData/Build/Products/Debug-iphonesimulator/PackageFrameworks -F/Volumes/NVMe2TB/BuildCaches/herdr-build-cache/morsel-bd5866df7b69c0b0/DerivedData/Build/Products/Debug-iphonesimulator/PackageFrameworks -F/Volumes/NVMe2TB/BuildCaches/herdr-build-cache/morsel-bd5866df7b69c0b0/DerivedData/Build/Products/Debug-iphonesimulator/PackageFrameworks -F/Volumes/NVMe2TB/BuildCaches/herdr-build-cache/morsel-bd5866df7b69c0b0/DerivedData/Build/Products/Debug-iphonesimulator/PackageFrameworks -F/Volumes/NVMe2TB/BuildCaches/herdr-build-cache/morsel-bd5866df7b69c0b0/DerivedData/Build/Products/Debug-iphonesimulator -iframework /Applications/Xcode.app/Contents/Developer/Platforms/iPhoneSimulator.platform/Developer/Library/Frameworks -iframework /Applications/Xcode.app/Contents/Developer/Platforms/iPhoneSimulator.platform/Developer/SDKs/iPhoneSimulator26.5.sdk/Developer/Library/Frameworks -filelist /Volumes/NVMe2TB/BuildCaches/herdr-build-cache/morsel-bd5866df7b69c0b0/DerivedData/Build/Intermediates.noindex/Supabase.build/Debug-iphonesimulator/Supabase.build/Objects-normal/arm64/Supabase.LinkFileList -nostdlib -Xlinker -object_path_lto -Xlinker /Volumes/NVMe2TB/BuildCaches/herdr-build-cache/morsel-bd5866df7b69c0b0/DerivedData/Build/Intermediates.noindex/Supabase.build/Debug-iphonesimulator/Supabase.build/Objects-normal/arm64/Supabase_lto.o -Xlinker -no_deduplicate -Xlinker -objc_abi_version -Xlinker 2 -Xlinker -dependency_info -Xlinker /Volumes/NVMe2TB/BuildCaches/herdr-build-cache/morsel-bd5866df7b69c0b0/DerivedData/Build/Intermediates.noindex/Supabase.build/Debug-iphonesimulator/Supabase.build/Objects-normal/arm64/Supabase_dependency_info.dat -fobjc-link-runtime -L/Applications/Xcode.app/Contents/Developer/Toolchains/XcodeDefault.xctoolchain/usr/lib/swift/iphonesimulator -L/usr/lib/swift -Xlinker -add_ast_path -Xlinker /Volumes/NVMe2TB/BuildCaches/herdr-build-cache/morsel-bd5866df7b69c0b0/DerivedData/Build/Intermediates.noindex/Supabase.build/Debug-iphonesimulator/Supabase.build/Objects-normal/arm64/Supabase.swiftmodule @/Volumes/NVMe2TB/BuildCaches/herdr-build-cache/morsel-bd5866df7b69c0b0/DerivedData/Build/Intermediates.noindex/Supabase.build/Debug-iphonesimulator/Supabase.build/Objects-normal/arm64/Supabase-linker-args.resp -o /Volumes/NVMe2TB/BuildCaches/herdr-build-cache/morsel-bd5866df7b69c0b0/DerivedData/Build/Products/Debug-iphonesimulator/Supabase.o

ExtractAppIntentsMetadata (in target 'Supabase' from project 'Supabase')
    cd /Volumes/NVMe2TB/BuildCaches/herdr-build-cache/morsel-bd5866df7b69c0b0/DerivedData/SourcePackages/checkouts/supabase-swift
    /Applications/Xcode.app/Contents/Developer/Toolchains/XcodeDefault.xctoolchain/usr/bin/appintentsmetadataprocessor --toolchain-dir /Applications/Xcode.app/Contents/Developer/Toolchains/XcodeDefault.xctoolchain --module-name Supabase --sdk-root /Applications/Xcode.app/Contents/Developer/Platforms/iPhoneSimulator.platform/Developer/SDKs/iPhoneSimulator26.5.sdk --xcode-version 17F113 --platform-family iOS --deployment-target 16.0 --bundle-identifier supabase-swift.Supabase --output /Volumes/NVMe2TB/BuildCaches/herdr-build-cache/morsel-bd5866df7b69c0b0/DerivedData/Build/Products/Debug-iphonesimulator/Supabase.appintents --target-triple arm64-apple-ios16.0-simulator --binary-file /Volumes/NVMe2TB/BuildCaches/herdr-build-cache/morsel-bd5866df7b69c0b0/DerivedData/Build/Products/Debug-iphonesimulator/Supabase.o --dependency-file /Volumes/NVMe2TB/BuildCaches/herdr-build-cache/morsel-bd5866df7b69c0b0/DerivedData/Build/Intermediates.noindex/Supabase.build/Debug-iphonesimulator/Supabase.build/Objects-normal/arm64/Supabase_dependency_info.dat --stringsdata-file /Volumes/NVMe2TB/BuildCaches/herdr-build-cache/morsel-bd5866df7b69c0b0/DerivedData/Build/Intermediates.noindex/Supabase.build/Debug-iphonesimulator/Supabase.build/Objects-normal/arm64/ExtractedAppShortcutsMetadata.stringsdata --source-file-list /Volumes/NVMe2TB/BuildCaches/herdr-build-cache/morsel-bd5866df7b69c0b0/DerivedData/Build/Intermediates.noindex/Supabase.build/Debug-iphonesimulator/Supabase.build/Objects-normal/arm64/Supabase.SwiftFileList --metadata-file-list /Volumes/NVMe2TB/BuildCaches/herdr-build-cache/morsel-bd5866df7b69c0b0/DerivedData/Build/Intermediates.noindex/Supabase.build/Debug-iphonesimulator/Supabase.build/Supabase.DependencyMetadataFileList --static-metadata-file-list /Volumes/NVMe2TB/BuildCaches/herdr-build-cache/morsel-bd5866df7b69c0b0/DerivedData/Build/Intermediates.noindex/Supabase.build/Debug-iphonesimulator/Supabase.build/Supabase.DependencyStaticMetadataFileList --swift-const-vals-list /Volumes/NVMe2TB/BuildCaches/herdr-build-cache/morsel-bd5866df7b69c0b0/DerivedData/Build/Intermediates.noindex/Supabase.build/Debug-iphonesimulator/Supabase.build/Objects-normal/arm64/Supabase.SwiftConstValuesFileList --force --compile-time-extraction --deployment-aware-processing --validate-assistant-intents --no-app-shortcuts-localization
2026-09-05 08:38:04.796 appintentsmetadataprocessor[92548:21394642] Starting appintentsmetadataprocessor export
2026-09-05 08:38:04.821 appintentsmetadataprocessor[92548:21394642] Extracted no relevant App Intents symbols, skipping writing output

RegisterExecutionPolicyException /Volumes/NVMe2TB/BuildCaches/herdr-build-cache/morsel-bd5866df7b69c0b0/DerivedData/Build/Products/Debug-iphonesimulator/Supabase.o (in target 'Supabase' from project 'Supabase')
    cd /Volumes/NVMe2TB/BuildCaches/herdr-build-cache/morsel-bd5866df7b69c0b0/DerivedData/SourcePackages/checkouts/supabase-swift
    builtin-RegisterExecutionPolicyException /Volumes/NVMe2TB/BuildCaches/herdr-build-cache/morsel-bd5866df7b69c0b0/DerivedData/Build/Products/Debug-iphonesimulator/Supabase.o

Ld /Volumes/NVMe2TB/BuildCaches/herdr-build-cache/morsel-bd5866df7b69c0b0/DerivedData/Build/Products/Debug-iphonesimulator/Morsel.app/__preview.dylib normal (in target 'Morsel' from project 'Morsel')
    cd /Users/jirathip/.herdr/worktrees/morsel/issue-110-settings-theme/app
    /Applications/Xcode.app/Contents/Developer/Toolchains/XcodeDefault.xctoolchain/usr/bin/clang -Xlinker -reproducible -target arm64-apple-ios17.0-simulator -dynamiclib -isysroot /Applications/Xcode.app/Contents/Developer/Platforms/iPhoneSimulator.platform/Developer/SDKs/iPhoneSimulator26.5.sdk -O0 -L/Volumes/NVMe2TB/BuildCaches/herdr-build-cache/morsel-bd5866df7b69c0b0/DerivedData/Build/Products/Debug-iphonesimulator -F/Volumes/NVMe2TB/BuildCaches/herdr-build-cache/morsel-bd5866df7b69c0b0/DerivedData/Build/Products/Debug-iphonesimulator/PackageFrameworks -F/Volumes/NVMe2TB/BuildCaches/herdr-build-cache/morsel-bd5866df7b69c0b0/DerivedData/Build/Products/Debug-iphonesimulator/PackageFrameworks -F/Volumes/NVMe2TB/BuildCaches/herdr-build-cache/morsel-bd5866df7b69c0b0/DerivedData/Build/Products/Debug-iphonesimulator/PackageFrameworks -F/Volumes/NVMe2TB/BuildCaches/herdr-build-cache/morsel-bd5866df7b69c0b0/DerivedData/Build/Products/Debug-iphonesimulator/PackageFrameworks -F/Volumes/NVMe2TB/BuildCaches/herdr-build-cache/morsel-bd5866df7b69c0b0/DerivedData/Build/Products/Debug-iphonesimulator/PackageFrameworks -F/Volumes/NVMe2TB/BuildCaches/herdr-build-cache/morsel-bd5866df7b69c0b0/DerivedData/Build/Products/Debug-iphonesimulator/PackageFrameworks -F/Volumes/NVMe2TB/BuildCaches/herdr-build-cache/morsel-bd5866df7b69c0b0/DerivedData/Build/Products/Debug-iphonesimulator/PackageFrameworks -F/Volumes/NVMe2TB/BuildCaches/herdr-build-cache/morsel-bd5866df7b69c0b0/DerivedData/Build/Products/Debug-iphonesimulator/PackageFrameworks -F/Volumes/NVMe2TB/BuildCaches/herdr-build-cache/morsel-bd5866df7b69c0b0/DerivedData/Build/Products/Debug-iphonesimulator/PackageFrameworks -F/Volumes/NVMe2TB/BuildCaches/herdr-build-cache/morsel-bd5866df7b69c0b0/DerivedData/Build/Products/Debug-iphonesimulator/PackageFrameworks -F/Volumes/NVMe2TB/BuildCaches/herdr-build-cache/morsel-bd5866df7b69c0b0/DerivedData/Build/Products/Debug-iphonesimulator/PackageFrameworks -F/Volumes/NVMe2TB/BuildCaches/herdr-build-cache/morsel-bd5866df7b69c0b0/DerivedData/Build/Products/Debug-iphonesimulator/PackageFrameworks -F/Volumes/NVMe2TB/BuildCaches/herdr-build-cache/morsel-bd5866df7b69c0b0/DerivedData/Build/Products/Debug-iphonesimulator/PackageFrameworks -F/Volumes/NVMe2TB/BuildCaches/herdr-build-cache/morsel-bd5866df7b69c0b0/DerivedData/Build/Products/Debug-iphonesimulator/PackageFrameworks -F/Volumes/NVMe2TB/BuildCaches/herdr-build-cache/morsel-bd5866df7b69c0b0/DerivedData/Build/Products/Debug-iphonesimulator -install_name @rpath/Morsel.debug.dylib -Xlinker -dead_strip -rdynamic -Xlinker -no_deduplicate -Xlinker -objc_abi_version -Xlinker 2 -Xlinker -dependency_info -Xlinker /Volumes/NVMe2TB/BuildCaches/herdr-build-cache/morsel-bd5866df7b69c0b0/DerivedData/Build/Intermediates.noindex/Morsel.build/Debug-iphonesimulator/Morsel.build/Objects-normal/arm64/Morsel_dependency_info.dat -o /Volumes/NVMe2TB/BuildCaches/herdr-build-cache/morsel-bd5866df7b69c0b0/DerivedData/Build/Products/Debug-iphonesimulator/Morsel.app/__preview.dylib

ProcessInfoPlistFile /Volumes/NVMe2TB/BuildCaches/herdr-build-cache/morsel-bd5866df7b69c0b0/DerivedData/Build/Products/Debug-iphonesimulator/Morsel.app/Info.plist /Users/jirathip/.herdr/worktrees/morsel/issue-110-settings-theme/fastlane/Morsel-Info.plist (in target 'Morsel' from project 'Morsel')
    cd /Users/jirathip/.herdr/worktrees/morsel/issue-110-settings-theme/app
    builtin-infoPlistUtility /Users/jirathip/.herdr/worktrees/morsel/issue-110-settings-theme/fastlane/Morsel-Info.plist -producttype com.apple.product-type.application -genpkginfo /Volumes/NVMe2TB/BuildCaches/herdr-build-cache/morsel-bd5866df7b69c0b0/DerivedData/Build/Products/Debug-iphonesimulator/Morsel.app/PkgInfo -expandbuildsettings -format binary -platform iphonesimulator -additionalcontentfile /Volumes/NVMe2TB/BuildCaches/herdr-build-cache/morsel-bd5866df7b69c0b0/DerivedData/Build/Intermediates.noindex/Morsel.build/Debug-iphonesimulator/Morsel.build/assetcatalog_generated_info.plist -scanforprivacyfile /Volumes/NVMe2TB/BuildCaches/herdr-build-cache/morsel-bd5866df7b69c0b0/DerivedData/Build/Products/Debug-iphonesimulator/Morsel.app/swift-crypto_Crypto.bundle -o /Volumes/NVMe2TB/BuildCaches/herdr-build-cache/morsel-bd5866df7b69c0b0/DerivedData/Build/Products/Debug-iphonesimulator/Morsel.app/Info.plist
warning: User supplied UIDeviceFamily key in the Info.plist will be overwritten. Please use the build setting TARGETED_DEVICE_FAMILY and remove UIDeviceFamily from your Info.plist. (in target 'Morsel' from project 'Morsel')

SwiftCompile normal arm64 Compiling\ MorselApp.swift /Users/jirathip/.herdr/worktrees/morsel/issue-110-settings-theme/app/Sources/Morsel/MorselApp.swift (in target 'Morsel' from project 'Morsel')

SwiftCompile normal arm64 /Users/jirathip/.herdr/worktrees/morsel/issue-110-settings-theme/app/Sources/Morsel/MorselApp.swift (in target 'Morsel' from project 'Morsel')
    cd /Users/jirathip/.herdr/worktrees/morsel/issue-110-settings-theme/app

/Users/jirathip/.herdr/worktrees/morsel/issue-110-settings-theme/app/Sources/Morsel/MorselApp.swift:220:21: warning: no 'async' operations occur within 'await' expression
                    await viewModel?.refreshHealthCalmStatus()
                    ^

SwiftEmitModule normal arm64 Emitting\ module\ for\ Morsel (in target 'Morsel' from project 'Morsel')

EmitSwiftModule normal arm64 (in target 'Morsel' from project 'Morsel')
    cd /Users/jirathip/.herdr/worktrees/morsel/issue-110-settings-theme/app


SwiftDriverJobDiscovery normal arm64 Emitting module for Morsel (in target 'Morsel' from project 'Morsel')

SwiftDriver\ Compilation\ Requirements Morsel normal arm64 com.apple.xcode.tools.swift.compiler (in target 'Morsel' from project 'Morsel')
    cd /Users/jirathip/.herdr/worktrees/morsel/issue-110-settings-theme/app
    builtin-Swift-Compilation-Requirements -- /Applications/Xcode.app/Contents/Developer/Toolchains/XcodeDefault.xctoolchain/usr/bin/swiftc -module-name Morsel -Onone @/Volumes/NVMe2TB/BuildCaches/herdr-build-cache/morsel-bd5866df7b69c0b0/DerivedData/Build/Intermediates.noindex/Morsel.build/Debug-iphonesimulator/Morsel.build/Objects-normal/arm64/Morsel.SwiftFileList -DDEBUG -enable-bare-slash-regex -enable-experimental-feature DebugDescriptionMacro -sdk /Applications/Xcode.app/Contents/Developer/Platforms/iPhoneSimulator.platform/Developer/SDKs/iPhoneSimulator26.5.sdk -target arm64-apple-ios17.0-simulator -g -module-cache-path /Volumes/NVMe2TB/BuildCaches/herdr-build-cache/morsel-bd5866df7b69c0b0/DerivedData/ModuleCache.noindex -Xfrontend -serialize-debugging-options -enable-testing -index-store-path /Volumes/NVMe2TB/BuildCaches/herdr-build-cache/morsel-bd5866df7b69c0b0/DerivedData/Index.noindex/DataStore -Xcc -D_LIBCPP_HARDENING_MODE\=_LIBCPP_HARDENING_MODE_DEBUG -swift-version 5 -I /Volumes/NVMe2TB/BuildCaches/herdr-build-cache/morsel-bd5866df7b69c0b0/DerivedData/Build/Products/Debug-iphonesimulator -F /Volumes/NVMe2TB/BuildCaches/herdr-build-cache/morsel-bd5866df7b69c0b0/DerivedData/Build/Products/Debug-iphonesimulator/PackageFrameworks -F /Volumes/NVMe2TB/BuildCaches/herdr-build-cache/morsel-bd5866df7b69c0b0/DerivedData/Build/Products/Debug-iphonesimulator/PackageFrameworks -F /Volumes/NVMe2TB/BuildCaches/herdr-build-cache/morsel-bd5866df7b69c0b0/DerivedData/Build/Products/Debug-iphonesimulator/PackageFrameworks -F /Volumes/NVMe2TB/BuildCaches/herdr-build-cache/morsel-bd5866df7b69c0b0/DerivedData/Build/Products/Debug-iphonesimulator/PackageFrameworks -F /Volumes/NVMe2TB/BuildCaches/herdr-build-cache/morsel-bd5866df7b69c0b0/DerivedData/Build/Products/Debug-iphonesimulator/PackageFrameworks -F /Volumes/NVMe2TB/BuildCaches/herdr-build-cache/morsel-bd5866df7b69c0b0/DerivedData/Build/Products/Debug-iphonesimulator/PackageFrameworks -F /Volumes/NVMe2TB/BuildCaches/herdr-build-cache/morsel-bd5866df7b69c0b0/DerivedData/Build/Products/Debug-iphonesimulator/PackageFrameworks -F /Volumes/NVMe2TB/BuildCaches/herdr-build-cache/morsel-bd5866df7b69c0b0/DerivedData/Build/Products/Debug-iphonesimulator/PackageFrameworks -F /Volumes/NVMe2TB/BuildCaches/herdr-build-cache/morsel-bd5866df7b69c0b0/DerivedData/Build/Products/Debug-iphonesimulator/PackageFrameworks -F /Volumes/NVMe2TB/BuildCaches/herdr-build-cache/morsel-bd5866df7b69c0b0/DerivedData/Build/Products/Debug-iphonesimulator/PackageFrameworks -F /Volumes/NVMe2TB/BuildCaches/herdr-build-cache/morsel-bd5866df7b69c0b0/DerivedData/Build/Products/Debug-iphonesimulator/PackageFrameworks -F /Volumes/NVMe2TB/BuildCaches/herdr-build-cache/morsel-bd5866df7b69c0b0/DerivedData/Build/Products/Debug-iphonesimulator/PackageFrameworks -F /Volumes/NVMe2TB/BuildCaches/herdr-build-cache/morsel-bd5866df7b69c0b0/DerivedData/Build/Products/Debug-iphonesimulator/PackageFrameworks -F /Volumes/NVMe2TB/BuildCaches/herdr-build-cache/morsel-bd5866df7b69c0b0/DerivedData/Build/Products/Debug-iphonesimulator/PackageFrameworks -F /Volumes/NVMe2TB/BuildCaches/herdr-build-cache/morsel-bd5866df7b69c0b0/DerivedData/Build/Products/Debug-iphonesimulator -c -j10 -enable-batch-mode -incremental -Xcc -ivfsstatcache -Xcc /Volumes/NVMe2TB/BuildCaches/herdr-build-cache/morsel-bd5866df7b69c0b0/DerivedData/SDKStatCaches.noindex/iphonesimulator26.5-23F81a-6cfe768891a92b912361537c460fe42b.sdkstatcache -output-file-map /Volumes/NVMe2TB/BuildCaches/herdr-build-cache/morsel-bd5866df7b69c0b0/DerivedData/Build/Intermediates.noindex/Morsel.build/Debug-iphonesimulator/Morsel.build/Objects-normal/arm64/Morsel-OutputFileMap.json -use-frontend-parseable-output -save-temps -no-color-diagnostics -explicit-module-build -module-cache-path /Volumes/NVMe2TB/BuildCaches/herdr-build-cache/morsel-bd5866df7b69c0b0/DerivedData/Build/Intermediates.noindex/SwiftExplicitPrecompiledModules -clang-scanner-module-cache-path /Volumes/NVMe2TB/BuildCaches/herdr-build-cache/morsel-bd5866df7b69c0b0/DerivedData/ModuleCache.noindex -sdk-module-cache-path /Volumes/NVMe2TB/BuildCaches/herdr-build-cache/morsel-bd5866df7b69c0b0/DerivedData/ModuleCache.noindex -serialize-diagnostics -emit-dependencies -emit-module -emit-module-path /Volumes/NVMe2TB/BuildCaches/herdr-build-cache/morsel-bd5866df7b69c0b0/DerivedData/Build/Intermediates.noindex/Morsel.build/Debug-iphonesimulator/Morsel.build/Objects-normal/arm64/Morsel.swiftmodule -validate-clang-modules-once -clang-build-session-file /Volumes/NVMe2TB/BuildCaches/herdr-build-cache/morsel-bd5866df7b69c0b0/DerivedData/ModuleCache.noindex/Session.modulevalidation -Xcc -I/Volumes/NVMe2TB/BuildCaches/herdr-build-cache/morsel-bd5866df7b69c0b0/DerivedData/Build/Intermediates.noindex/Morsel.build/Debug-iphonesimulator/Morsel.build/swift-overrides.hmap -emit-const-values -Xfrontend -const-gather-protocols-file -Xfrontend /Volumes/NVMe2TB/BuildCaches/herdr-build-cache/morsel-bd5866df7b69c0b0/DerivedData/Build/Intermediates.noindex/Morsel.build/Debug-iphonesimulator/Morsel.build/Objects-normal/arm64/Morsel_const_extract_protocols.json -Xcc -iquote -Xcc /Volumes/NVMe2TB/BuildCaches/herdr-build-cache/morsel-bd5866df7b69c0b0/DerivedData/Build/Intermediates.noindex/Morsel.build/Debug-iphonesimulator/Morsel.build/Morsel-generated-files.hmap -Xcc -I/Volumes/NVMe2TB/BuildCaches/herdr-build-cache/morsel-bd5866df7b69c0b0/DerivedData/Build/Intermediates.noindex/Morsel.build/Debug-iphonesimulator/Morsel.build/Morsel-own-target-headers.hmap -Xcc -I/Volumes/NVMe2TB/BuildCaches/herdr-build-cache/morsel-bd5866df7b69c0b0/DerivedData/Build/Intermediates.noindex/Morsel.build/Debug-iphonesimulator/Morsel.build/Morsel-all-non-framework-target-headers.hmap -Xcc -ivfsoverlay -Xcc /Volumes/NVMe2TB/BuildCaches/herdr-build-cache/morsel-bd5866df7b69c0b0/DerivedData/Build/Intermediates.noindex/Morsel.build/Debug-iphonesimulator/Morsel-17248c3624f98dc6f156c39ec7fad702-VFS-iphonesimulator/all-product-headers.yaml -Xcc -iquote -Xcc /Volumes/NVMe2TB/BuildCaches/herdr-build-cache/morsel-bd5866df7b69c0b0/DerivedData/Build/Intermediates.noindex/Morsel.build/Debug-iphonesimulator/Morsel.build/Morsel-project-headers.hmap -Xcc -I/Volumes/NVMe2TB/BuildCaches/herdr-build-cache/morsel-bd5866df7b69c0b0/DerivedData/Build/Products/Debug-iphonesimulator/include -Xcc -I/Volumes/NVMe2TB/BuildCaches/herdr-build-cache/morsel-bd5866df7b69c0b0/DerivedData/Build/Intermediates.noindex/Morsel.build/Debug-iphonesimulator/Morsel.build/DerivedSources-normal/arm64 -Xcc -I/Volumes/NVMe2TB/BuildCaches/herdr-build-cache/morsel-bd5866df7b69c0b0/DerivedData/Build/Intermediates.noindex/Morsel.build/Debug-iphonesimulator/Morsel.build/DerivedSources/arm64 -Xcc -I/Volumes/NVMe2TB/BuildCaches/herdr-build-cache/morsel-bd5866df7b69c0b0/DerivedData/Build/Intermediates.noindex/Morsel.build/Debug-iphonesimulator/Morsel.build/DerivedSources -Xcc -DDEBUG\=1 -emit-objc-header -emit-objc-header-path /Volumes/NVMe2TB/BuildCaches/herdr-build-cache/morsel-bd5866df7b69c0b0/DerivedData/Build/Intermediates.noindex/Morsel.build/Debug-iphonesimulator/Morsel.build/Objects-normal/arm64/Morsel-Swift.h -working-directory /Users/jirathip/.herdr/worktrees/morsel/issue-110-settings-theme/app -experimental-emit-module-separately -disable-cmo

Copy /Volumes/NVMe2TB/BuildCaches/herdr-build-cache/morsel-bd5866df7b69c0b0/DerivedData/Build/Products/Debug-iphonesimulator/Morsel.swiftmodule/arm64-apple-ios-simulator.swiftmodule /Volumes/NVMe2TB/BuildCaches/herdr-build-cache/morsel-bd5866df7b69c0b0/DerivedData/Build/Intermediates.noindex/Morsel.build/Debug-iphonesimulator/Morsel.build/Objects-normal/arm64/Morsel.swiftmodule (in target 'Morsel' from project 'Morsel')
    cd /Users/jirathip/.herdr/worktrees/morsel/issue-110-settings-theme/app
    builtin-copy -exclude .DS_Store -exclude CVS -exclude .svn -exclude .git -exclude .hg -resolve-src-symlinks -rename /Volumes/NVMe2TB/BuildCaches/herdr-build-cache/morsel-bd5866df7b69c0b0/DerivedData/Build/Intermediates.noindex/Morsel.build/Debug-iphonesimulator/Morsel.build/Objects-normal/arm64/Morsel.swiftmodule /Volumes/NVMe2TB/BuildCaches/herdr-build-cache/morsel-bd5866df7b69c0b0/DerivedData/Build/Products/Debug-iphonesimulator/Morsel.swiftmodule/arm64-apple-ios-simulator.swiftmodule

Copy /Volumes/NVMe2TB/BuildCaches/herdr-build-cache/morsel-bd5866df7b69c0b0/DerivedData/Build/Products/Debug-iphonesimulator/Morsel.swiftmodule/arm64-apple-ios-simulator.abi.json /Volumes/NVMe2TB/BuildCaches/herdr-build-cache/morsel-bd5866df7b69c0b0/DerivedData/Build/Intermediates.noindex/Morsel.build/Debug-iphonesimulator/Morsel.build/Objects-normal/arm64/Morsel.abi.json (in target 'Morsel' from project 'Morsel')
    cd /Users/jirathip/.herdr/worktrees/morsel/issue-110-settings-theme/app
    builtin-copy -exclude .DS_Store -exclude CVS -exclude .svn -exclude .git -exclude .hg -resolve-src-symlinks -rename /Volumes/NVMe2TB/BuildCaches/herdr-build-cache/morsel-bd5866df7b69c0b0/DerivedData/Build/Intermediates.noindex/Morsel.build/Debug-iphonesimulator/Morsel.build/Objects-normal/arm64/Morsel.abi.json /Volumes/NVMe2TB/BuildCaches/herdr-build-cache/morsel-bd5866df7b69c0b0/DerivedData/Build/Products/Debug-iphonesimulator/Morsel.swiftmodule/arm64-apple-ios-simulator.abi.json

Copy /Volumes/NVMe2TB/BuildCaches/herdr-build-cache/morsel-bd5866df7b69c0b0/DerivedData/Build/Products/Debug-iphonesimulator/Morsel.swiftmodule/Project/arm64-apple-ios-simulator.swiftsourceinfo /Volumes/NVMe2TB/BuildCaches/herdr-build-cache/morsel-bd5866df7b69c0b0/DerivedData/Build/Intermediates.noindex/Morsel.build/Debug-iphonesimulator/Morsel.build/Objects-normal/arm64/Morsel.swiftsourceinfo (in target 'Morsel' from project 'Morsel')
    cd /Users/jirathip/.herdr/worktrees/morsel/issue-110-settings-theme/app
    builtin-copy -exclude .DS_Store -exclude CVS -exclude .svn -exclude .git -exclude .hg -resolve-src-symlinks -rename /Volumes/NVMe2TB/BuildCaches/herdr-build-cache/morsel-bd5866df7b69c0b0/DerivedData/Build/Intermediates.noindex/Morsel.build/Debug-iphonesimulator/Morsel.build/Objects-normal/arm64/Morsel.swiftsourceinfo /Volumes/NVMe2TB/BuildCaches/herdr-build-cache/morsel-bd5866df7b69c0b0/DerivedData/Build/Products/Debug-iphonesimulator/Morsel.swiftmodule/Project/arm64-apple-ios-simulator.swiftsourceinfo

SwiftDriverJobDiscovery normal arm64 Compiling MorselApp.swift (in target 'Morsel' from project 'Morsel')

SwiftCompile normal arm64 Compiling\ JournalNavigation.swift /Users/jirathip/.herdr/worktrees/morsel/issue-110-settings-theme/app/Sources/Morsel/JournalNavigation.swift (in target 'Morsel' from project 'Morsel')

SwiftCompile normal arm64 /Users/jirathip/.herdr/worktrees/morsel/issue-110-settings-theme/app/Sources/Morsel/JournalNavigation.swift (in target 'Morsel' from project 'Morsel')
    cd /Users/jirathip/.herdr/worktrees/morsel/issue-110-settings-theme/app


SwiftDriverJobDiscovery normal arm64 Compiling JournalNavigation.swift (in target 'Morsel' from project 'Morsel')

SwiftDriver\ Compilation Morsel normal arm64 com.apple.xcode.tools.swift.compiler (in target 'Morsel' from project 'Morsel')
    cd /Users/jirathip/.herdr/worktrees/morsel/issue-110-settings-theme/app
    builtin-Swift-Compilation -- /Applications/Xcode.app/Contents/Developer/Toolchains/XcodeDefault.xctoolchain/usr/bin/swiftc -module-name Morsel -Onone @/Volumes/NVMe2TB/BuildCaches/herdr-build-cache/morsel-bd5866df7b69c0b0/DerivedData/Build/Intermediates.noindex/Morsel.build/Debug-iphonesimulator/Morsel.build/Objects-normal/arm64/Morsel.SwiftFileList -DDEBUG -enable-bare-slash-regex -enable-experimental-feature DebugDescriptionMacro -sdk /Applications/Xcode.app/Contents/Developer/Platforms/iPhoneSimulator.platform/Developer/SDKs/iPhoneSimulator26.5.sdk -target arm64-apple-ios17.0-simulator -g -module-cache-path /Volumes/NVMe2TB/BuildCaches/herdr-build-cache/morsel-bd5866df7b69c0b0/DerivedData/ModuleCache.noindex -Xfrontend -serialize-debugging-options -enable-testing -index-store-path /Volumes/NVMe2TB/BuildCaches/herdr-build-cache/morsel-bd5866df7b69c0b0/DerivedData/Index.noindex/DataStore -Xcc -D_LIBCPP_HARDENING_MODE\=_LIBCPP_HARDENING_MODE_DEBUG -swift-version 5 -I /Volumes/NVMe2TB/BuildCaches/herdr-build-cache/morsel-bd5866df7b69c0b0/DerivedData/Build/Products/Debug-iphonesimulator -F /Volumes/NVMe2TB/BuildCaches/herdr-build-cache/morsel-bd5866df7b69c0b0/DerivedData/Build/Products/Debug-iphonesimulator/PackageFrameworks -F /Volumes/NVMe2TB/BuildCaches/herdr-build-cache/morsel-bd5866df7b69c0b0/DerivedData/Build/Products/Debug-iphonesimulator/PackageFrameworks -F /Volumes/NVMe2TB/BuildCaches/herdr-build-cache/morsel-bd5866df7b69c0b0/DerivedData/Build/Products/Debug-iphonesimulator/PackageFrameworks -F /Volumes/NVMe2TB/BuildCaches/herdr-build-cache/morsel-bd5866df7b69c0b0/DerivedData/Build/Products/Debug-iphonesimulator/PackageFrameworks -F /Volumes/NVMe2TB/BuildCaches/herdr-build-cache/morsel-bd5866df7b69c0b0/DerivedData/Build/Products/Debug-iphonesimulator/PackageFrameworks -F /Volumes/NVMe2TB/BuildCaches/herdr-build-cache/morsel-bd5866df7b69c0b0/DerivedData/Build/Products/Debug-iphonesimulator/PackageFrameworks -F /Volumes/NVMe2TB/BuildCaches/herdr-build-cache/morsel-bd5866df7b69c0b0/DerivedData/Build/Products/Debug-iphonesimulator/PackageFrameworks -F /Volumes/NVMe2TB/BuildCaches/herdr-build-cache/morsel-bd5866df7b69c0b0/DerivedData/Build/Products/Debug-iphonesimulator/PackageFrameworks -F /Volumes/NVMe2TB/BuildCaches/herdr-build-cache/morsel-bd5866df7b69c0b0/DerivedData/Build/Products/Debug-iphonesimulator/PackageFrameworks -F /Volumes/NVMe2TB/BuildCaches/herdr-build-cache/morsel-bd5866df7b69c0b0/DerivedData/Build/Products/Debug-iphonesimulator/PackageFrameworks -F /Volumes/NVMe2TB/BuildCaches/herdr-build-cache/morsel-bd5866df7b69c0b0/DerivedData/Build/Products/Debug-iphonesimulator/PackageFrameworks -F /Volumes/NVMe2TB/BuildCaches/herdr-build-cache/morsel-bd5866df7b69c0b0/DerivedData/Build/Products/Debug-iphonesimulator/PackageFrameworks -F /Volumes/NVMe2TB/BuildCaches/herdr-build-cache/morsel-bd5866df7b69c0b0/DerivedData/Build/Products/Debug-iphonesimulator/PackageFrameworks -F /Volumes/NVMe2TB/BuildCaches/herdr-build-cache/morsel-bd5866df7b69c0b0/DerivedData/Build/Products/Debug-iphonesimulator/PackageFrameworks -F /Volumes/NVMe2TB/BuildCaches/herdr-build-cache/morsel-bd5866df7b69c0b0/DerivedData/Build/Products/Debug-iphonesimulator -c -j10 -enable-batch-mode -incremental -Xcc -ivfsstatcache -Xcc /Volumes/NVMe2TB/BuildCaches/herdr-build-cache/morsel-bd5866df7b69c0b0/DerivedData/SDKStatCaches.noindex/iphonesimulator26.5-23F81a-6cfe768891a92b912361537c460fe42b.sdkstatcache -output-file-map /Volumes/NVMe2TB/BuildCaches/herdr-build-cache/morsel-bd5866df7b69c0b0/DerivedData/Build/Intermediates.noindex/Morsel.build/Debug-iphonesimulator/Morsel.build/Objects-normal/arm64/Morsel-OutputFileMap.json -use-frontend-parseable-output -save-temps -no-color-diagnostics -explicit-module-build -module-cache-path /Volumes/NVMe2TB/BuildCaches/herdr-build-cache/morsel-bd5866df7b69c0b0/DerivedData/Build/Intermediates.noindex/SwiftExplicitPrecompiledModules -clang-scanner-module-cache-path /Volumes/NVMe2TB/BuildCaches/herdr-build-cache/morsel-bd5866df7b69c0b0/DerivedData/ModuleCache.noindex -sdk-module-cache-path /Volumes/NVMe2TB/BuildCaches/herdr-build-cache/morsel-bd5866df7b69c0b0/DerivedData/ModuleCache.noindex -serialize-diagnostics -emit-dependencies -emit-module -emit-module-path /Volumes/NVMe2TB/BuildCaches/herdr-build-cache/morsel-bd5866df7b69c0b0/DerivedData/Build/Intermediates.noindex/Morsel.build/Debug-iphonesimulator/Morsel.build/Objects-normal/arm64/Morsel.swiftmodule -validate-clang-modules-once -clang-build-session-file /Volumes/NVMe2TB/BuildCaches/herdr-build-cache/morsel-bd5866df7b69c0b0/DerivedData/ModuleCache.noindex/Session.modulevalidation -Xcc -I/Volumes/NVMe2TB/BuildCaches/herdr-build-cache/morsel-bd5866df7b69c0b0/DerivedData/Build/Intermediates.noindex/Morsel.build/Debug-iphonesimulator/Morsel.build/swift-overrides.hmap -emit-const-values -Xfrontend -const-gather-protocols-file -Xfrontend /Volumes/NVMe2TB/BuildCaches/herdr-build-cache/morsel-bd5866df7b69c0b0/DerivedData/Build/Intermediates.noindex/Morsel.build/Debug-iphonesimulator/Morsel.build/Objects-normal/arm64/Morsel_const_extract_protocols.json -Xcc -iquote -Xcc /Volumes/NVMe2TB/BuildCaches/herdr-build-cache/morsel-bd5866df7b69c0b0/DerivedData/Build/Intermediates.noindex/Morsel.build/Debug-iphonesimulator/Morsel.build/Morsel-generated-files.hmap -Xcc -I/Volumes/NVMe2TB/BuildCaches/herdr-build-cache/morsel-bd5866df7b69c0b0/DerivedData/Build/Intermediates.noindex/Morsel.build/Debug-iphonesimulator/Morsel.build/Morsel-own-target-headers.hmap -Xcc -I/Volumes/NVMe2TB/BuildCaches/herdr-build-cache/morsel-bd5866df7b69c0b0/DerivedData/Build/Intermediates.noindex/Morsel.build/Debug-iphonesimulator/Morsel.build/Morsel-all-non-framework-target-headers.hmap -Xcc -ivfsoverlay -Xcc /Volumes/NVMe2TB/BuildCaches/herdr-build-cache/morsel-bd5866df7b69c0b0/DerivedData/Build/Intermediates.noindex/Morsel.build/Debug-iphonesimulator/Morsel-17248c3624f98dc6f156c39ec7fad702-VFS-iphonesimulator/all-product-headers.yaml -Xcc -iquote -Xcc /Volumes/NVMe2TB/BuildCaches/herdr-build-cache/morsel-bd5866df7b69c0b0/DerivedData/Build/Intermediates.noindex/Morsel.build/Debug-iphonesimulator/Morsel.build/Morsel-project-headers.hmap -Xcc -I/Volumes/NVMe2TB/BuildCaches/herdr-build-cache/morsel-bd5866df7b69c0b0/DerivedData/Build/Products/Debug-iphonesimulator/include -Xcc -I/Volumes/NVMe2TB/BuildCaches/herdr-build-cache/morsel-bd5866df7b69c0b0/DerivedData/Build/Intermediates.noindex/Morsel.build/Debug-iphonesimulator/Morsel.build/DerivedSources-normal/arm64 -Xcc -I/Volumes/NVMe2TB/BuildCaches/herdr-build-cache/morsel-bd5866df7b69c0b0/DerivedData/Build/Intermediates.noindex/Morsel.build/Debug-iphonesimulator/Morsel.build/DerivedSources/arm64 -Xcc -I/Volumes/NVMe2TB/BuildCaches/herdr-build-cache/morsel-bd5866df7b69c0b0/DerivedData/Build/Intermediates.noindex/Morsel.build/Debug-iphonesimulator/Morsel.build/DerivedSources -Xcc -DDEBUG\=1 -emit-objc-header -emit-objc-header-path /Volumes/NVMe2TB/BuildCaches/herdr-build-cache/morsel-bd5866df7b69c0b0/DerivedData/Build/Intermediates.noindex/Morsel.build/Debug-iphonesimulator/Morsel.build/Objects-normal/arm64/Morsel-Swift.h -working-directory /Users/jirathip/.herdr/worktrees/morsel/issue-110-settings-theme/app -experimental-emit-module-separately -disable-cmo

Ld /Volumes/NVMe2TB/BuildCaches/herdr-build-cache/morsel-bd5866df7b69c0b0/DerivedData/Build/Products/Debug-iphonesimulator/Morsel.app/Morsel.debug.dylib normal (in target 'Morsel' from project 'Morsel')
    cd /Users/jirathip/.herdr/worktrees/morsel/issue-110-settings-theme/app
    /Applications/Xcode.app/Contents/Developer/Toolchains/XcodeDefault.xctoolchain/usr/bin/clang -Xlinker -reproducible -target arm64-apple-ios17.0-simulator -dynamiclib -isysroot /Applications/Xcode.app/Contents/Developer/Platforms/iPhoneSimulator.platform/Developer/SDKs/iPhoneSimulator26.5.sdk -O0 -L/Volumes/NVMe2TB/BuildCaches/herdr-build-cache/morsel-bd5866df7b69c0b0/DerivedData/Build/Intermediates.noindex/EagerLinkingTBDs/Debug-iphonesimulator -L/Volumes/NVMe2TB/BuildCaches/herdr-build-cache/morsel-bd5866df7b69c0b0/DerivedData/Build/Products/Debug-iphonesimulator -F/Volumes/NVMe2TB/BuildCaches/herdr-build-cache/morsel-bd5866df7b69c0b0/DerivedData/Build/Intermediates.noindex/EagerLinkingTBDs/Debug-iphonesimulator -F/Volumes/NVMe2TB/BuildCaches/herdr-build-cache/morsel-bd5866df7b69c0b0/DerivedData/Build/Products/Debug-iphonesimulator/PackageFrameworks -F/Volumes/NVMe2TB/BuildCaches/herdr-build-cache/morsel-bd5866df7b69c0b0/DerivedData/Build/Products/Debug-iphonesimulator/PackageFrameworks -F/Volumes/NVMe2TB/BuildCaches/herdr-build-cache/morsel-bd5866df7b69c0b0/DerivedData/Build/Products/Debug-iphonesimulator/PackageFrameworks -F/Volumes/NVMe2TB/BuildCaches/herdr-build-cache/morsel-bd5866df7b69c0b0/DerivedData/Build/Products/Debug-iphonesimulator/PackageFrameworks -F/Volumes/NVMe2TB/BuildCaches/herdr-build-cache/morsel-bd5866df7b69c0b0/DerivedData/Build/Products/Debug-iphonesimulator/PackageFrameworks -F/Volumes/NVMe2TB/BuildCaches/herdr-build-cache/morsel-bd5866df7b69c0b0/DerivedData/Build/Products/Debug-iphonesimulator/PackageFrameworks -F/Volumes/NVMe2TB/BuildCaches/herdr-build-cache/morsel-bd5866df7b69c0b0/DerivedData/Build/Products/Debug-iphonesimulator/PackageFrameworks -F/Volumes/NVMe2TB/BuildCaches/herdr-build-cache/morsel-bd5866df7b69c0b0/DerivedData/Build/Products/Debug-iphonesimulator/PackageFrameworks -F/Volumes/NVMe2TB/BuildCaches/herdr-build-cache/morsel-bd5866df7b69c0b0/DerivedData/Build/Products/Debug-iphonesimulator/PackageFrameworks -F/Volumes/NVMe2TB/BuildCaches/herdr-build-cache/morsel-bd5866df7b69c0b0/DerivedData/Build/Products/Debug-iphonesimulator/PackageFrameworks -F/Volumes/NVMe2TB/BuildCaches/herdr-build-cache/morsel-bd5866df7b69c0b0/DerivedData/Build/Products/Debug-iphonesimulator/PackageFrameworks -F/Volumes/NVMe2TB/BuildCaches/herdr-build-cache/morsel-bd5866df7b69c0b0/DerivedData/Build/Products/Debug-iphonesimulator/PackageFrameworks -F/Volumes/NVMe2TB/BuildCaches/herdr-build-cache/morsel-bd5866df7b69c0b0/DerivedData/Build/Products/Debug-iphonesimulator/PackageFrameworks -F/Volumes/NVMe2TB/BuildCaches/herdr-build-cache/morsel-bd5866df7b69c0b0/DerivedData/Build/Products/Debug-iphonesimulator/PackageFrameworks -F/Volumes/NVMe2TB/BuildCaches/herdr-build-cache/morsel-bd5866df7b69c0b0/DerivedData/Build/Products/Debug-iphonesimulator -filelist /Volumes/NVMe2TB/BuildCaches/herdr-build-cache/morsel-bd5866df7b69c0b0/DerivedData/Build/Intermediates.noindex/Morsel.build/Debug-iphonesimulator/Morsel.build/Objects-normal/arm64/Morsel.LinkFileList -install_name @rpath/Morsel.debug.dylib -Xlinker -rpath -Xlinker /usr/lib/swift -Xlinker -rpath -Xlinker /Volumes/NVMe2TB/BuildCaches/herdr-build-cache/morsel-bd5866df7b69c0b0/DerivedData/Build/Products/Debug-iphonesimulator/PackageFrameworks -Xlinker -rpath -Xlinker @executable_path/Frameworks -Xlinker -dead_strip -Xlinker -object_path_lto -Xlinker /Volumes/NVMe2TB/BuildCaches/herdr-build-cache/morsel-bd5866df7b69c0b0/DerivedData/Build/Intermediates.noindex/Morsel.build/Debug-iphonesimulator/Morsel.build/Objects-normal/arm64/Morsel_lto.o -rdynamic -Xlinker -no_deduplicate -Xlinker -objc_abi_version -Xlinker 2 -Xlinker -dependency_info -Xlinker /Volumes/NVMe2TB/BuildCaches/herdr-build-cache/morsel-bd5866df7b69c0b0/DerivedData/Build/Intermediates.noindex/Morsel.build/Debug-iphonesimulator/Morsel.build/Objects-normal/arm64/Morsel_dependency_info.dat -fobjc-link-runtime -L/Applications/Xcode.app/Contents/Developer/Toolchains/XcodeDefault.xctoolchain/usr/lib/swift/iphonesimulator -L/usr/lib/swift -Xlinker -add_ast_path -Xlinker /Volumes/NVMe2TB/BuildCaches/herdr-build-cache/morsel-bd5866df7b69c0b0/DerivedData/Build/Intermediates.noindex/Morsel.build/Debug-iphonesimulator/Morsel.build/Objects-normal/arm64/Morsel.swiftmodule @/Volumes/NVMe2TB/BuildCaches/herdr-build-cache/morsel-bd5866df7b69c0b0/DerivedData/Build/Intermediates.noindex/Morsel.build/Debug-iphonesimulator/Morsel.build/Objects-normal/arm64/Morsel-linker-args.resp -Wl,-no_warn_duplicate_libraries -Wl,-no_warn_duplicate_libraries -Wl,-no_warn_duplicate_libraries -Wl,-no_warn_duplicate_libraries -Wl,-no_warn_duplicate_libraries -Wl,-no_warn_duplicate_libraries -Wl,-no_warn_duplicate_libraries -Wl,-no_warn_duplicate_libraries -Wl,-no_warn_duplicate_libraries -Wl,-no_warn_duplicate_libraries -Wl,-no_warn_duplicate_libraries -Wl,-no_warn_duplicate_libraries -Wl,-no_warn_duplicate_libraries -Wl,-no_warn_duplicate_libraries -Xlinker -alias -Xlinker _main -Xlinker ___debug_main_executable_dylib_entry_point -o /Volumes/NVMe2TB/BuildCaches/herdr-build-cache/morsel-bd5866df7b69c0b0/DerivedData/Build/Products/Debug-iphonesimulator/Morsel.app/Morsel.debug.dylib -Xlinker -add_ast_path -Xlinker /Volumes/NVMe2TB/BuildCaches/herdr-build-cache/morsel-bd5866df7b69c0b0/DerivedData/Build/Intermediates.noindex/Supabase.build/Debug-iphonesimulator/Supabase.build/Objects-normal/arm64/Supabase.swiftmodule @/Volumes/NVMe2TB/BuildCaches/herdr-build-cache/morsel-bd5866df7b69c0b0/DerivedData/Build/Intermediates.noindex/Supabase.build/Debug-iphonesimulator/Supabase.build/Objects-normal/arm64/Supabase-linker-args.resp -Xlinker -add_ast_path -Xlinker /Volumes/NVMe2TB/BuildCaches/herdr-build-cache/morsel-bd5866df7b69c0b0/DerivedData/Build/Intermediates.noindex/swift-concurrency-extras.build/Debug-iphonesimulator/ConcurrencyExtras.build/Objects-normal/arm64/ConcurrencyExtras.swiftmodule @/Volumes/NVMe2TB/BuildCaches/herdr-build-cache/morsel-bd5866df7b69c0b0/DerivedData/Build/Intermediates.noindex/swift-concurrency-extras.build/Debug-iphonesimulator/ConcurrencyExtras.build/Objects-normal/arm64/ConcurrencyExtras-linker-args.resp -Xlinker -add_ast_path -Xlinker /Volumes/NVMe2TB/BuildCaches/herdr-build-cache/morsel-bd5866df7b69c0b0/DerivedData/Build/Intermediates.noindex/swift-http-types.build/Debug-iphonesimulator/HTTPTypes.build/Objects-normal/arm64/HTTPTypes.swiftmodule @/Volumes/NVMe2TB/BuildCaches/herdr-build-cache/morsel-bd5866df7b69c0b0/DerivedData/Build/Intermediates.noindex/swift-http-types.build/Debug-iphonesimulator/HTTPTypes.build/Objects-normal/arm64/HTTPTypes-linker-args.resp -Xlinker -add_ast_path -Xlinker /Volumes/NVMe2TB/BuildCaches/herdr-build-cache/morsel-bd5866df7b69c0b0/DerivedData/Build/Intermediates.noindex/swift-clocks.build/Debug-iphonesimulator/Clocks.build/Objects-normal/arm64/Clocks.swiftmodule @/Volumes/NVMe2TB/BuildCaches/herdr-build-cache/morsel-bd5866df7b69c0b0/DerivedData/Build/Intermediates.noindex/swift-clocks.build/Debug-iphonesimulator/Clocks.build/Objects-normal/arm64/Clocks-linker-args.resp -Xlinker -add_ast_path -Xlinker /Volumes/NVMe2TB/BuildCaches/herdr-build-cache/morsel-bd5866df7b69c0b0/DerivedData/Build/Intermediates.noindex/xctest-dynamic-overlay.build/Debug-iphonesimulator/IssueReporting.build/Objects-normal/arm64/IssueReporting.swiftmodule @/Volumes/NVMe2TB/BuildCaches/herdr-build-cache/morsel-bd5866df7b69c0b0/DerivedData/Build/Intermediates.noindex/xctest-dynamic-overlay.build/Debug-iphonesimulator/IssueReporting.build/Objects-normal/arm64/IssueReporting-linker-args.resp -Xlinker -add_ast_path -Xlinker /Volumes/NVMe2TB/BuildCaches/herdr-build-cache/morsel-bd5866df7b69c0b0/DerivedData/Build/Intermediates.noindex/xctest-dynamic-overlay.build/Debug-iphonesimulator/XCTestDynamicOverlay.build/Objects-normal/arm64/XCTestDynamicOverlay.swiftmodule @/Volumes/NVMe2TB/BuildCaches/herdr-build-cache/morsel-bd5866df7b69c0b0/DerivedData/Build/Intermediates.noindex/xctest-dynamic-overlay.build/Debug-iphonesimulator/XCTestDynamicOverlay.build/Objects-normal/arm64/XCTestDynamicOverlay-linker-args.resp -Xlinker -add_ast_path -Xlinker /Volumes/NVMe2TB/BuildCaches/herdr-build-cache/morsel-bd5866df7b69c0b0/DerivedData/Build/Intermediates.noindex/Supabase.build/Debug-iphonesimulator/Helpers.build/Objects-normal/arm64/Helpers.swiftmodule @/Volumes/NVMe2TB/BuildCaches/herdr-build-cache/morsel-bd5866df7b69c0b0/DerivedData/Build/Intermediates.noindex/Supabase.build/Debug-iphonesimulator/Helpers.build/Objects-normal/arm64/Helpers-linker-args.resp -Xlinker -add_ast_path -Xlinker /Volumes/NVMe2TB/BuildCaches/herdr-build-cache/morsel-bd5866df7b69c0b0/DerivedData/Build/Intermediates.noindex/swift-crypto.build/Debug-iphonesimulator/Crypto.build/Objects-normal/arm64/Crypto.swiftmodule @/Volumes/NVMe2TB/BuildCaches/herdr-build-cache/morsel-bd5866df7b69c0b0/DerivedData/Build/Intermediates.noindex/swift-crypto.build/Debug-iphonesimulator/Crypto.build/Objects-normal/arm64/Crypto-linker-args.resp -Xlinker -add_ast_path -Xlinker /Volumes/NVMe2TB/BuildCaches/herdr-build-cache/morsel-bd5866df7b69c0b0/DerivedData/Build/Intermediates.noindex/Supabase.build/Debug-iphonesimulator/Auth.build/Objects-normal/arm64/Auth.swiftmodule @/Volumes/NVMe2TB/BuildCaches/herdr-build-cache/morsel-bd5866df7b69c0b0/DerivedData/Build/Intermediates.noindex/Supabase.build/Debug-iphonesimulator/Auth.build/Objects-normal/arm64/Auth-linker-args.resp -Xlinker -add_ast_path -Xlinker /Volumes/NVMe2TB/BuildCaches/herdr-build-cache/morsel-bd5866df7b69c0b0/DerivedData/Build/Intermediates.noindex/Supabase.build/Debug-iphonesimulator/Functions.build/Objects-normal/arm64/Functions.swiftmodule @/Volumes/NVMe2TB/BuildCaches/herdr-build-cache/morsel-bd5866df7b69c0b0/DerivedData/Build/Intermediates.noindex/Supabase.build/Debug-iphonesimulator/Functions.build/Objects-normal/arm64/Functions-linker-args.resp -Xlinker -add_ast_path -Xlinker /Volumes/NVMe2TB/BuildCaches/herdr-build-cache/morsel-bd5866df7b69c0b0/DerivedData/Build/Intermediates.noindex/Supabase.build/Debug-iphonesimulator/PostgREST.build/Objects-normal/arm64/PostgREST.swiftmodule @/Volumes/NVMe2TB/BuildCaches/herdr-build-cache/morsel-bd5866df7b69c0b0/DerivedData/Build/Intermediates.noindex/Supabase.build/Debug-iphonesimulator/PostgREST.build/Objects-normal/arm64/PostgREST-linker-args.resp -Xlinker -add_ast_path -Xlinker /Volumes/NVMe2TB/BuildCaches/herdr-build-cache/morsel-bd5866df7b69c0b0/DerivedData/Build/Intermediates.noindex/Supabase.build/Debug-iphonesimulator/RealtimeV2.build/Objects-normal/arm64/RealtimeV2.swiftmodule @/Volumes/NVMe2TB/BuildCaches/herdr-build-cache/morsel-bd5866df7b69c0b0/DerivedData/Build/Intermediates.noindex/Supabase.build/Debug-iphonesimulator/RealtimeV2.build/Objects-normal/arm64/RealtimeV2-linker-args.resp -Xlinker -add_ast_path -Xlinker /Volumes/NVMe2TB/BuildCaches/herdr-build-cache/morsel-bd5866df7b69c0b0/DerivedData/Build/Intermediates.noindex/Supabase.build/Debug-iphonesimulator/Realtime.build/Objects-normal/arm64/Realtime.swiftmodule @/Volumes/NVMe2TB/BuildCaches/herdr-build-cache/morsel-bd5866df7b69c0b0/DerivedData/Build/Intermediates.noindex/Supabase.build/Debug-iphonesimulator/Realtime.build/Objects-normal/arm64/Realtime-linker-args.resp -Xlinker -add_ast_path -Xlinker /Volumes/NVMe2TB/BuildCaches/herdr-build-cache/morsel-bd5866df7b69c0b0/DerivedData/Build/Intermediates.noindex/Supabase.build/Debug-iphonesimulator/Storage.build/Objects-normal/arm64/Storage.swiftmodule @/Volumes/NVMe2TB/BuildCaches/herdr-build-cache/morsel-bd5866df7b69c0b0/DerivedData/Build/Intermediates.noindex/Supabase.build/Debug-iphonesimulator/Storage.build/Objects-normal/arm64/Storage-linker-args.resp

ConstructStubExecutorLinkFileList /Volumes/NVMe2TB/BuildCaches/herdr-build-cache/morsel-bd5866df7b69c0b0/DerivedData/Build/Intermediates.noindex/Morsel.build/Debug-iphonesimulator/Morsel.build/Morsel-ExecutorLinkFileList-normal-arm64.txt (in target 'Morsel' from project 'Morsel')
    cd /Users/jirathip/.herdr/worktrees/morsel/issue-110-settings-theme/app
    construct-stub-executor-link-file-list /Volumes/NVMe2TB/BuildCaches/herdr-build-cache/morsel-bd5866df7b69c0b0/DerivedData/Build/Products/Debug-iphonesimulator/Morsel.app/Morsel.debug.dylib /Applications/Xcode.app/Contents/Developer/Platforms/iPhoneSimulator.platform/Developer/usr/lib/libPreviewsJITStubExecutor_no_swift_entry_point.a /Applications/Xcode.app/Contents/Developer/Platforms/iPhoneSimulator.platform/Developer/usr/lib/libPreviewsJITStubExecutor.a --output /Volumes/NVMe2TB/BuildCaches/herdr-build-cache/morsel-bd5866df7b69c0b0/DerivedData/Build/Intermediates.noindex/Morsel.build/Debug-iphonesimulator/Morsel.build/Morsel-ExecutorLinkFileList-normal-arm64.txt
note: Using stub executor library with Swift entry point. (in target 'Morsel' from project 'Morsel')

Ld /Volumes/NVMe2TB/BuildCaches/herdr-build-cache/morsel-bd5866df7b69c0b0/DerivedData/Build/Products/Debug-iphonesimulator/Morsel.app/Morsel normal (in target 'Morsel' from project 'Morsel')
    cd /Users/jirathip/.herdr/worktrees/morsel/issue-110-settings-theme/app
    /Applications/Xcode.app/Contents/Developer/Toolchains/XcodeDefault.xctoolchain/usr/bin/clang -Xlinker -reproducible -target arm64-apple-ios17.0-simulator -isysroot /Applications/Xcode.app/Contents/Developer/Platforms/iPhoneSimulator.platform/Developer/SDKs/iPhoneSimulator26.5.sdk -O0 -L/Volumes/NVMe2TB/BuildCaches/herdr-build-cache/morsel-bd5866df7b69c0b0/DerivedData/Build/Products/Debug-iphonesimulator -F/Volumes/NVMe2TB/BuildCaches/herdr-build-cache/morsel-bd5866df7b69c0b0/DerivedData/Build/Products/Debug-iphonesimulator/PackageFrameworks -F/Volumes/NVMe2TB/BuildCaches/herdr-build-cache/morsel-bd5866df7b69c0b0/DerivedData/Build/Products/Debug-iphonesimulator/PackageFrameworks -F/Volumes/NVMe2TB/BuildCaches/herdr-build-cache/morsel-bd5866df7b69c0b0/DerivedData/Build/Products/Debug-iphonesimulator/PackageFrameworks -F/Volumes/NVMe2TB/BuildCaches/herdr-build-cache/morsel-bd5866df7b69c0b0/DerivedData/Build/Products/Debug-iphonesimulator/PackageFrameworks -F/Volumes/NVMe2TB/BuildCaches/herdr-build-cache/morsel-bd5866df7b69c0b0/DerivedData/Build/Products/Debug-iphonesimulator/PackageFrameworks -F/Volumes/NVMe2TB/BuildCaches/herdr-build-cache/morsel-bd5866df7b69c0b0/DerivedData/Build/Products/Debug-iphonesimulator/PackageFrameworks -F/Volumes/NVMe2TB/BuildCaches/herdr-build-cache/morsel-bd5866df7b69c0b0/DerivedData/Build/Products/Debug-iphonesimulator/PackageFrameworks -F/Volumes/NVMe2TB/BuildCaches/herdr-build-cache/morsel-bd5866df7b69c0b0/DerivedData/Build/Products/Debug-iphonesimulator/PackageFrameworks -F/Volumes/NVMe2TB/BuildCaches/herdr-build-cache/morsel-bd5866df7b69c0b0/DerivedData/Build/Products/Debug-iphonesimulator/PackageFrameworks -F/Volumes/NVMe2TB/BuildCaches/herdr-build-cache/morsel-bd5866df7b69c0b0/DerivedData/Build/Products/Debug-iphonesimulator/PackageFrameworks -F/Volumes/NVMe2TB/BuildCaches/herdr-build-cache/morsel-bd5866df7b69c0b0/DerivedData/Build/Products/Debug-iphonesimulator/PackageFrameworks -F/Volumes/NVMe2TB/BuildCaches/herdr-build-cache/morsel-bd5866df7b69c0b0/DerivedData/Build/Products/Debug-iphonesimulator/PackageFrameworks -F/Volumes/NVMe2TB/BuildCaches/herdr-build-cache/morsel-bd5866df7b69c0b0/DerivedData/Build/Products/Debug-iphonesimulator/PackageFrameworks -F/Volumes/NVMe2TB/BuildCaches/herdr-build-cache/morsel-bd5866df7b69c0b0/DerivedData/Build/Products/Debug-iphonesimulator/PackageFrameworks -F/Volumes/NVMe2TB/BuildCaches/herdr-build-cache/morsel-bd5866df7b69c0b0/DerivedData/Build/Products/Debug-iphonesimulator -Xlinker -rpath -Xlinker @executable_path -Xlinker -rpath -Xlinker /Volumes/NVMe2TB/BuildCaches/herdr-build-cache/morsel-bd5866df7b69c0b0/DerivedData/Build/Products/Debug-iphonesimulator/PackageFrameworks -Xlinker -rpath -Xlinker @executable_path/Frameworks -rdynamic -Xlinker -no_deduplicate -Xlinker -objc_abi_version -Xlinker 2 -e ___debug_blank_executor_main -Xlinker -sectcreate -Xlinker __TEXT -Xlinker __debug_dylib -Xlinker /Volumes/NVMe2TB/BuildCaches/herdr-build-cache/morsel-bd5866df7b69c0b0/DerivedData/Build/Intermediates.noindex/Morsel.build/Debug-iphonesimulator/Morsel.build/Morsel-DebugDylibPath-normal-arm64.txt -Xlinker -sectcreate -Xlinker __TEXT -Xlinker __debug_instlnm -Xlinker /Volumes/NVMe2TB/BuildCaches/herdr-build-cache/morsel-bd5866df7b69c0b0/DerivedData/Build/Intermediates.noindex/Morsel.build/Debug-iphonesimulator/Morsel.build/Morsel-DebugDylibInstallName-normal-arm64.txt -Xlinker -filelist -Xlinker /Volumes/NVMe2TB/BuildCaches/herdr-build-cache/morsel-bd5866df7b69c0b0/DerivedData/Build/Intermediates.noindex/Morsel.build/Debug-iphonesimulator/Morsel.build/Morsel-ExecutorLinkFileList-normal-arm64.txt /Volumes/NVMe2TB/BuildCaches/herdr-build-cache/morsel-bd5866df7b69c0b0/DerivedData/Build/Products/Debug-iphonesimulator/Morsel.app/Morsel.debug.dylib -o /Volumes/NVMe2TB/BuildCaches/herdr-build-cache/morsel-bd5866df7b69c0b0/DerivedData/Build/Products/Debug-iphonesimulator/Morsel.app/Morsel

ExtractAppIntentsMetadata (in target 'Morsel' from project 'Morsel')
    cd /Users/jirathip/.herdr/worktrees/morsel/issue-110-settings-theme/app
    /Applications/Xcode.app/Contents/Developer/Toolchains/XcodeDefault.xctoolchain/usr/bin/appintentsmetadataprocessor --toolchain-dir /Applications/Xcode.app/Contents/Developer/Toolchains/XcodeDefault.xctoolchain --module-name Morsel --sdk-root /Applications/Xcode.app/Contents/Developer/Platforms/iPhoneSimulator.platform/Developer/SDKs/iPhoneSimulator26.5.sdk --xcode-version 17F113 --platform-family iOS --deployment-target 17.0 --bundle-identifier com.jirathip.morsel --output /Volumes/NVMe2TB/BuildCaches/herdr-build-cache/morsel-bd5866df7b69c0b0/DerivedData/Build/Products/Debug-iphonesimulator/Morsel.app --target-triple arm64-apple-ios17.0-simulator --binary-file /Volumes/NVMe2TB/BuildCaches/herdr-build-cache/morsel-bd5866df7b69c0b0/DerivedData/Build/Products/Debug-iphonesimulator/Morsel.app/Morsel --dependency-file /Volumes/NVMe2TB/BuildCaches/herdr-build-cache/morsel-bd5866df7b69c0b0/DerivedData/Build/Intermediates.noindex/Morsel.build/Debug-iphonesimulator/Morsel.build/Objects-normal/arm64/Morsel_dependency_info.dat --stringsdata-file /Volumes/NVMe2TB/BuildCaches/herdr-build-cache/morsel-bd5866df7b69c0b0/DerivedData/Build/Intermediates.noindex/Morsel.build/Debug-iphonesimulator/Morsel.build/Objects-normal/arm64/ExtractedAppShortcutsMetadata.stringsdata --source-file-list /Volumes/NVMe2TB/BuildCaches/herdr-build-cache/morsel-bd5866df7b69c0b0/DerivedData/Build/Intermediates.noindex/Morsel.build/Debug-iphonesimulator/Morsel.build/Objects-normal/arm64/Morsel.SwiftFileList --metadata-file-list /Volumes/NVMe2TB/BuildCaches/herdr-build-cache/morsel-bd5866df7b69c0b0/DerivedData/Build/Intermediates.noindex/Morsel.build/Debug-iphonesimulator/Morsel.build/Morsel.DependencyMetadataFileList --static-metadata-file-list /Volumes/NVMe2TB/BuildCaches/herdr-build-cache/morsel-bd5866df7b69c0b0/DerivedData/Build/Intermediates.noindex/Morsel.build/Debug-iphonesimulator/Morsel.build/Morsel.DependencyStaticMetadataFileList --swift-const-vals-list /Volumes/NVMe2TB/BuildCaches/herdr-build-cache/morsel-bd5866df7b69c0b0/DerivedData/Build/Intermediates.noindex/Morsel.build/Debug-iphonesimulator/Morsel.build/Objects-normal/arm64/Morsel.SwiftConstValuesFileList --compile-time-extraction --deployment-aware-processing --validate-assistant-intents --no-app-shortcuts-localization
2026-09-05 08:38:23.116 appintentsmetadataprocessor[94588:21398434] Starting appintentsmetadataprocessor export
2026-09-05 08:38:23.120 appintentsmetadataprocessor[94588:21398434] warning: Metadata extraction skipped. No AppIntents.framework dependency found.

CopySwiftLibs /Volumes/NVMe2TB/BuildCaches/herdr-build-cache/morsel-bd5866df7b69c0b0/DerivedData/Build/Products/Debug-iphonesimulator/Morsel.app (in target 'Morsel' from project 'Morsel')
    cd /Users/jirathip/.herdr/worktrees/morsel/issue-110-settings-theme/app
    builtin-swiftStdLibTool --copy --verbose --scan-executable /Volumes/NVMe2TB/BuildCaches/herdr-build-cache/morsel-bd5866df7b69c0b0/DerivedData/Build/Products/Debug-iphonesimulator/Morsel.app/Morsel.debug.dylib --scan-folder /Volumes/NVMe2TB/BuildCaches/herdr-build-cache/morsel-bd5866df7b69c0b0/DerivedData/Build/Products/Debug-iphonesimulator/Morsel.app/Frameworks --scan-folder /Volumes/NVMe2TB/BuildCaches/herdr-build-cache/morsel-bd5866df7b69c0b0/DerivedData/Build/Products/Debug-iphonesimulator/Morsel.app/PlugIns --scan-folder /Volumes/NVMe2TB/BuildCaches/herdr-build-cache/morsel-bd5866df7b69c0b0/DerivedData/Build/Products/Debug-iphonesimulator/Morsel.app/SystemExtensions --scan-folder /Volumes/NVMe2TB/BuildCaches/herdr-build-cache/morsel-bd5866df7b69c0b0/DerivedData/Build/Products/Debug-iphonesimulator/Morsel.app/Extensions --platform iphonesimulator --toolchain /Applications/Xcode.app/Contents/Developer/Toolchains/XcodeDefault.xctoolchain --destination /Volumes/NVMe2TB/BuildCaches/herdr-build-cache/morsel-bd5866df7b69c0b0/DerivedData/Build/Products/Debug-iphonesimulator/Morsel.app/Frameworks --strip-bitcode --strip-bitcode-tool /Applications/Xcode.app/Contents/Developer/Toolchains/XcodeDefault.xctoolchain/usr/bin/bitcode_strip --emit-dependency-info /Volumes/NVMe2TB/BuildCaches/herdr-build-cache/morsel-bd5866df7b69c0b0/DerivedData/Build/Intermediates.noindex/Morsel.build/Debug-iphonesimulator/Morsel.build/SwiftStdLibToolInputDependencies.dep --filter-for-swift-os
Ignoring --strip-bitcode because --sign was not passed

Validate /Volumes/NVMe2TB/BuildCaches/herdr-build-cache/morsel-bd5866df7b69c0b0/DerivedData/Build/Products/Debug-iphonesimulator/Morsel.app (in target 'Morsel' from project 'Morsel')
    cd /Users/jirathip/.herdr/worktrees/morsel/issue-110-settings-theme/app
    builtin-validationUtility /Volumes/NVMe2TB/BuildCaches/herdr-build-cache/morsel-bd5866df7b69c0b0/DerivedData/Build/Products/Debug-iphonesimulator/Morsel.app -shallow-bundle -infoplist-subpath Info.plist

note: Removed stale file '/Volumes/NVMe2TB/BuildCaches/herdr-build-cache/morsel-bd5866df7b69c0b0/DerivedData/Build/Products/Debug-iphonesimulator/Morsel.app/Frameworks'

note: Removed stale file '/Volumes/NVMe2TB/BuildCaches/herdr-build-cache/morsel-bd5866df7b69c0b0/DerivedData/Build/Products/Debug-iphonesimulator/Morsel.app/PlugIns'

** BUILD SUCCEEDED **
