Command line invocation:
    /Applications/Xcode.app/Contents/Developer/usr/bin/xcodebuild test -project Morsel.xcodeproj -scheme Morsel -destination "platform=iOS Simulator,id=59DDC0C5-891E-4EC0-91AF-4F50DF68D793" CODE_SIGNING_ALLOWED=NO -derivedDataPath ../.agent-runs/dd-red "-only-testing:MorselTests/AddMealReliabilityRegressionTests"

Build settings from command line:
    CODE_SIGNING_ALLOWED = NO

Resolve Package Graph


Resolved source packages:
  swift-concurrency-extras: https://github.com/pointfreeco/swift-concurrency-extras @ 1.4.1
  swift-crypto: https://github.com/apple/swift-crypto.git @ 4.5.1
  xctest-dynamic-overlay: https://github.com/pointfreeco/xctest-dynamic-overlay @ 1.13.1
  swift-clocks: https://github.com/pointfreeco/swift-clocks @ 1.1.1
  swift-asn1: https://github.com/apple/swift-asn1.git @ 1.7.1
  Supabase: https://github.com/supabase/supabase-swift.git @ 2.55.1
  swift-http-types: https://github.com/apple/swift-http-types.git @ 1.6.0

ComputePackagePrebuildTargetDependencyGraph

Prepare packages

CreateBuildRequest

SendProjectDescription

CreateBuildOperation

ComputeTargetDependencyGraph
note: Building targets in dependency order
note: Target dependency graph (24 targets)
    Target 'MorselTests' in project 'Morsel'
        ➜ Explicit dependency on target 'Morsel' in project 'Morsel'
    Target 'Morsel' in project 'Morsel'
        ➜ Explicit dependency on target 'Supabase' in project 'Supabase'
    Target 'Supabase' in project 'Supabase'
        ➜ Explicit dependency on target 'Supabase' in project 'Supabase'
        ➜ Explicit dependency on target 'Helpers' in project 'Supabase'
        ➜ Explicit dependency on target 'Auth' in project 'Supabase'
        ➜ Explicit dependency on target 'Functions' in project 'Supabase'
        ➜ Explicit dependency on target 'PostgREST' in project 'Supabase'
        ➜ Explicit dependency on target 'RealtimeV2' in project 'Supabase'
        ➜ Explicit dependency on target 'Realtime' in project 'Supabase'
        ➜ Explicit dependency on target 'Storage' in project 'Supabase'
        ➜ Explicit dependency on target 'ConcurrencyExtras' in project 'swift-concurrency-extras'
        ➜ Explicit dependency on target 'HTTPTypes' in project 'swift-http-types'
        ➜ Explicit dependency on target 'Clocks' in project 'swift-clocks'
        ➜ Explicit dependency on target 'XCTestDynamicOverlay' in project 'xctest-dynamic-overlay'
        ➜ Explicit dependency on target 'IssueReporting' in project 'xctest-dynamic-overlay'
        ➜ Explicit dependency on target 'Crypto' in project 'swift-crypto'
    Target 'Supabase' in project 'Supabase'
        ➜ Explicit dependency on target 'Helpers' in project 'Supabase'
        ➜ Explicit dependency on target 'Auth' in project 'Supabase'
        ➜ Explicit dependency on target 'Functions' in project 'Supabase'
        ➜ Explicit dependency on target 'PostgREST' in project 'Supabase'
        ➜ Explicit dependency on target 'RealtimeV2' in project 'Supabase'
        ➜ Explicit dependency on target 'Realtime' in project 'Supabase'
        ➜ Explicit dependency on target 'Storage' in project 'Supabase'
        ➜ Explicit dependency on target 'ConcurrencyExtras' in project 'swift-concurrency-extras'
        ➜ Explicit dependency on target 'HTTPTypes' in project 'swift-http-types'
        ➜ Explicit dependency on target 'Clocks' in project 'swift-clocks'
        ➜ Explicit dependency on target 'XCTestDynamicOverlay' in project 'xctest-dynamic-overlay'
        ➜ Explicit dependency on target 'IssueReporting' in project 'xctest-dynamic-overlay'
        ➜ Explicit dependency on target 'Crypto' in project 'swift-crypto'
    Target 'Storage' in project 'Supabase'
        ➜ Explicit dependency on target 'Helpers' in project 'Supabase'
        ➜ Explicit dependency on target 'ConcurrencyExtras' in project 'swift-concurrency-extras'
        ➜ Explicit dependency on target 'HTTPTypes' in project 'swift-http-types'
        ➜ Explicit dependency on target 'Clocks' in project 'swift-clocks'
        ➜ Explicit dependency on target 'XCTestDynamicOverlay' in project 'xctest-dynamic-overlay'
        ➜ Explicit dependency on target 'IssueReporting' in project 'xctest-dynamic-overlay'
    Target 'Realtime' in project 'Supabase'
        ➜ Explicit dependency on target 'Helpers' in project 'Supabase'
        ➜ Explicit dependency on target 'RealtimeV2' in project 'Supabase'
        ➜ Explicit dependency on target 'ConcurrencyExtras' in project 'swift-concurrency-extras'
        ➜ Explicit dependency on target 'HTTPTypes' in project 'swift-http-types'
        ➜ Explicit dependency on target 'Clocks' in project 'swift-clocks'
        ➜ Explicit dependency on target 'XCTestDynamicOverlay' in project 'xctest-dynamic-overlay'
        ➜ Explicit dependency on target 'IssueReporting' in project 'xctest-dynamic-overlay'
    Target 'RealtimeV2' in project 'Supabase'
        ➜ Explicit dependency on target 'Helpers' in project 'Supabase'
        ➜ Explicit dependency on target 'ConcurrencyExtras' in project 'swift-concurrency-extras'
        ➜ Explicit dependency on target 'HTTPTypes' in project 'swift-http-types'
        ➜ Explicit dependency on target 'Clocks' in project 'swift-clocks'
        ➜ Explicit dependency on target 'XCTestDynamicOverlay' in project 'xctest-dynamic-overlay'
        ➜ Explicit dependency on target 'IssueReporting' in project 'xctest-dynamic-overlay'
    Target 'PostgREST' in project 'Supabase'
        ➜ Explicit dependency on target 'Helpers' in project 'Supabase'
        ➜ Explicit dependency on target 'ConcurrencyExtras' in project 'swift-concurrency-extras'
        ➜ Explicit dependency on target 'HTTPTypes' in project 'swift-http-types'
        ➜ Explicit dependency on target 'Clocks' in project 'swift-clocks'
        ➜ Explicit dependency on target 'XCTestDynamicOverlay' in project 'xctest-dynamic-overlay'
        ➜ Explicit dependency on target 'IssueReporting' in project 'xctest-dynamic-overlay'
    Target 'Functions' in project 'Supabase'
        ➜ Explicit dependency on target 'Helpers' in project 'Supabase'
        ➜ Explicit dependency on target 'ConcurrencyExtras' in project 'swift-concurrency-extras'
        ➜ Explicit dependency on target 'HTTPTypes' in project 'swift-http-types'
        ➜ Explicit dependency on target 'Clocks' in project 'swift-clocks'
        ➜ Explicit dependency on target 'XCTestDynamicOverlay' in project 'xctest-dynamic-overlay'
        ➜ Explicit dependency on target 'IssueReporting' in project 'xctest-dynamic-overlay'
    Target 'Auth' in project 'Supabase'
        ➜ Explicit dependency on target 'Helpers' in project 'Supabase'
        ➜ Explicit dependency on target 'ConcurrencyExtras' in project 'swift-concurrency-extras'
        ➜ Explicit dependency on target 'HTTPTypes' in project 'swift-http-types'
        ➜ Explicit dependency on target 'Clocks' in project 'swift-clocks'
        ➜ Explicit dependency on target 'XCTestDynamicOverlay' in project 'xctest-dynamic-overlay'
        ➜ Explicit dependency on target 'IssueReporting' in project 'xctest-dynamic-overlay'
        ➜ Explicit dependency on target 'Crypto' in project 'swift-crypto'
    Target 'Crypto' in project 'swift-crypto'
        ➜ Explicit dependency on target 'Crypto' in project 'swift-crypto'
        ➜ Explicit dependency on target 'swift-crypto_Crypto' in project 'swift-crypto'
    Target 'Crypto' in project 'swift-crypto'
        ➜ Explicit dependency on target 'swift-crypto_Crypto' in project 'swift-crypto'
    Target 'swift-crypto_Crypto' in project 'swift-crypto' (no dependencies)
    Target 'Helpers' in project 'Supabase'
        ➜ Explicit dependency on target 'ConcurrencyExtras' in project 'swift-concurrency-extras'
        ➜ Explicit dependency on target 'HTTPTypes' in project 'swift-http-types'
        ➜ Explicit dependency on target 'Clocks' in project 'swift-clocks'
        ➜ Explicit dependency on target 'XCTestDynamicOverlay' in project 'xctest-dynamic-overlay'
        ➜ Explicit dependency on target 'IssueReporting' in project 'xctest-dynamic-overlay'
    Target 'XCTestDynamicOverlay' in project 'xctest-dynamic-overlay'
        ➜ Explicit dependency on target 'XCTestDynamicOverlay' in project 'xctest-dynamic-overlay'
        ➜ Explicit dependency on target 'IssueReporting' in project 'xctest-dynamic-overlay'
    Target 'XCTestDynamicOverlay' in project 'xctest-dynamic-overlay'
        ➜ Explicit dependency on target 'IssueReporting' in project 'xctest-dynamic-overlay'
    Target 'Clocks' in project 'swift-clocks'
        ➜ Explicit dependency on target 'Clocks' in project 'swift-clocks'
        ➜ Explicit dependency on target 'ConcurrencyExtras' in project 'swift-concurrency-extras'
        ➜ Explicit dependency on target 'IssueReporting' in project 'xctest-dynamic-overlay'
    Target 'Clocks' in project 'swift-clocks'
        ➜ Explicit dependency on target 'ConcurrencyExtras' in project 'swift-concurrency-extras'
        ➜ Explicit dependency on target 'IssueReporting' in project 'xctest-dynamic-overlay'
    Target 'IssueReporting' in project 'xctest-dynamic-overlay'
        ➜ Explicit dependency on target 'IssueReporting' in project 'xctest-dynamic-overlay'
    Target 'IssueReporting' in project 'xctest-dynamic-overlay' (no dependencies)
    Target 'HTTPTypes' in project 'swift-http-types'
        ➜ Explicit dependency on target 'HTTPTypes' in project 'swift-http-types'
    Target 'HTTPTypes' in project 'swift-http-types' (no dependencies)
    Target 'ConcurrencyExtras' in project 'swift-concurrency-extras'
        ➜ Explicit dependency on target 'ConcurrencyExtras' in project 'swift-concurrency-extras'
    Target 'ConcurrencyExtras' in project 'swift-concurrency-extras' (no dependencies)

GatherProvisioningInputs

CreateBuildDescription

ExecuteExternalTool /Applications/Xcode.app/Contents/Developer/Toolchains/XcodeDefault.xctoolchain/usr/bin/swiftc --version

ExecuteExternalTool /Applications/Xcode.app/Contents/Developer/usr/bin/actool --print-asset-tag-combinations --output-format xml1 /Users/jirathip/.herdr/worktrees/morsel/issue-106-data-reliability/app/Assets.xcassets

ExecuteExternalTool /Applications/Xcode.app/Contents/Developer/Toolchains/XcodeDefault.xctoolchain/usr/bin/clang -v -E -dM -isysroot /Applications/Xcode.app/Contents/Developer/Platforms/iPhoneSimulator.platform/Developer/SDKs/iPhoneSimulator26.5.sdk -x c -c /dev/null

ExecuteExternalTool /Applications/Xcode.app/Contents/Developer/usr/bin/actool --version --output-format xml1

ExecuteExternalTool /Applications/Xcode.app/Contents/Developer/Toolchains/XcodeDefault.xctoolchain/usr/bin/ld -version_details

ReadFileContents /Applications/Xcode.app/Contents/Developer/Toolchains/XcodeDefault.xctoolchain/usr/share/docc/features.json

Build description signature: b2b9ea0fb6842b4bcbf19504ae5a6128
Build description path: /Users/jirathip/.herdr/worktrees/morsel/issue-106-data-reliability/.agent-runs/dd-red/Build/Intermediates.noindex/XCBuildData/b2b9ea0fb6842b4bcbf19504ae5a6128.xcbuilddata
ClangStatCache /Applications/Xcode.app/Contents/Developer/Toolchains/XcodeDefault.xctoolchain/usr/bin/clang-stat-cache /Applications/Xcode.app/Contents/Developer/Platforms/iPhoneSimulator.platform/Developer/SDKs/iPhoneSimulator26.5.sdk /Users/jirathip/.herdr/worktrees/morsel/issue-106-data-reliability/.agent-runs/dd-red/SDKStatCaches.noindex/iphonesimulator26.5-23F81a-6cfe768891a92b912361537c460fe42b.sdkstatcache
    cd /Users/jirathip/.herdr/worktrees/morsel/issue-106-data-reliability/app/Morsel.xcodeproj
    /Applications/Xcode.app/Contents/Developer/Toolchains/XcodeDefault.xctoolchain/usr/bin/clang-stat-cache /Applications/Xcode.app/Contents/Developer/Platforms/iPhoneSimulator.platform/Developer/SDKs/iPhoneSimulator26.5.sdk -o /Users/jirathip/.herdr/worktrees/morsel/issue-106-data-reliability/.agent-runs/dd-red/SDKStatCaches.noindex/iphonesimulator26.5-23F81a-6cfe768891a92b912361537c460fe42b.sdkstatcache

ProcessInfoPlistFile /Users/jirathip/.herdr/worktrees/morsel/issue-106-data-reliability/.agent-runs/dd-red/Build/Products/Debug-iphonesimulator/swift-crypto_Crypto.bundle/Info.plist /Users/jirathip/.herdr/worktrees/morsel/issue-106-data-reliability/.agent-runs/dd-red/Build/Intermediates.noindex/swift-crypto.build/Debug-iphonesimulator/swift-crypto_Crypto.build/empty-swift-crypto_Crypto.plist (in target 'swift-crypto_Crypto' from project 'swift-crypto')
    cd /Users/jirathip/.herdr/worktrees/morsel/issue-106-data-reliability/.agent-runs/dd-red/SourcePackages/checkouts/swift-crypto
    builtin-infoPlistUtility /Users/jirathip/.herdr/worktrees/morsel/issue-106-data-reliability/.agent-runs/dd-red/Build/Intermediates.noindex/swift-crypto.build/Debug-iphonesimulator/swift-crypto_Crypto.build/empty-swift-crypto_Crypto.plist -producttype com.apple.product-type.bundle -expandbuildsettings -format binary -platform iphonesimulator -o /Users/jirathip/.herdr/worktrees/morsel/issue-106-data-reliability/.agent-runs/dd-red/Build/Products/Debug-iphonesimulator/swift-crypto_Crypto.bundle/Info.plist

WriteAuxiliaryFile /Users/jirathip/.herdr/worktrees/morsel/issue-106-data-reliability/.agent-runs/dd-red/Build/Intermediates.noindex/Morsel.build/Debug-iphonesimulator/Morsel.build/Objects-normal/arm64/Morsel.SwiftConstValuesFileList (in target 'Morsel' from project 'Morsel')
    cd /Users/jirathip/.herdr/worktrees/morsel/issue-106-data-reliability/app
    write-file /Users/jirathip/.herdr/worktrees/morsel/issue-106-data-reliability/.agent-runs/dd-red/Build/Intermediates.noindex/Morsel.build/Debug-iphonesimulator/Morsel.build/Objects-normal/arm64/Morsel.SwiftConstValuesFileList

WriteAuxiliaryFile /Users/jirathip/.herdr/worktrees/morsel/issue-106-data-reliability/.agent-runs/dd-red/Build/Intermediates.noindex/Morsel.build/Debug-iphonesimulator/Morsel.build/Objects-normal/arm64/Morsel.SwiftFileList (in target 'Morsel' from project 'Morsel')
    cd /Users/jirathip/.herdr/worktrees/morsel/issue-106-data-reliability/app
    write-file /Users/jirathip/.herdr/worktrees/morsel/issue-106-data-reliability/.agent-runs/dd-red/Build/Intermediates.noindex/Morsel.build/Debug-iphonesimulator/Morsel.build/Objects-normal/arm64/Morsel.SwiftFileList

WriteAuxiliaryFile /Users/jirathip/.herdr/worktrees/morsel/issue-106-data-reliability/.agent-runs/dd-red/Build/Intermediates.noindex/Morsel.build/Debug-iphonesimulator/Morsel.build/Objects-normal/arm64/Morsel.LinkFileList (in target 'Morsel' from project 'Morsel')
    cd /Users/jirathip/.herdr/worktrees/morsel/issue-106-data-reliability/app
    write-file /Users/jirathip/.herdr/worktrees/morsel/issue-106-data-reliability/.agent-runs/dd-red/Build/Intermediates.noindex/Morsel.build/Debug-iphonesimulator/Morsel.build/Objects-normal/arm64/Morsel.LinkFileList

WriteAuxiliaryFile /Users/jirathip/.herdr/worktrees/morsel/issue-106-data-reliability/.agent-runs/dd-red/Build/Intermediates.noindex/Morsel.build/Debug-iphonesimulator/Morsel.build/Objects-normal/arm64/Morsel-OutputFileMap.json (in target 'Morsel' from project 'Morsel')
    cd /Users/jirathip/.herdr/worktrees/morsel/issue-106-data-reliability/app
    write-file /Users/jirathip/.herdr/worktrees/morsel/issue-106-data-reliability/.agent-runs/dd-red/Build/Intermediates.noindex/Morsel.build/Debug-iphonesimulator/Morsel.build/Objects-normal/arm64/Morsel-OutputFileMap.json

SwiftDriver Morsel normal arm64 com.apple.xcode.tools.swift.compiler (in target 'Morsel' from project 'Morsel')
    cd /Users/jirathip/.herdr/worktrees/morsel/issue-106-data-reliability/app
    builtin-SwiftDriver -- /Applications/Xcode.app/Contents/Developer/Toolchains/XcodeDefault.xctoolchain/usr/bin/swiftc -module-name Morsel -Onone @/Users/jirathip/.herdr/worktrees/morsel/issue-106-data-reliability/.agent-runs/dd-red/Build/Intermediates.noindex/Morsel.build/Debug-iphonesimulator/Morsel.build/Objects-normal/arm64/Morsel.SwiftFileList -DDEBUG -enable-bare-slash-regex -enable-experimental-feature DebugDescriptionMacro -sdk /Applications/Xcode.app/Contents/Developer/Platforms/iPhoneSimulator.platform/Developer/SDKs/iPhoneSimulator26.5.sdk -target arm64-apple-ios17.0-simulator -g -module-cache-path /Users/jirathip/.herdr/worktrees/morsel/issue-106-data-reliability/.agent-runs/dd-red/ModuleCache.noindex -Xfrontend -serialize-debugging-options -enable-testing -index-store-path /Users/jirathip/.herdr/worktrees/morsel/issue-106-data-reliability/.agent-runs/dd-red/Index.noindex/DataStore -Xcc -D_LIBCPP_HARDENING_MODE\=_LIBCPP_HARDENING_MODE_DEBUG -swift-version 5 -I /Users/jirathip/.herdr/worktrees/morsel/issue-106-data-reliability/.agent-runs/dd-red/Build/Products/Debug-iphonesimulator -F /Users/jirathip/.herdr/worktrees/morsel/issue-106-data-reliability/.agent-runs/dd-red/Build/Products/Debug-iphonesimulator/PackageFrameworks -F /Users/jirathip/.herdr/worktrees/morsel/issue-106-data-reliability/.agent-runs/dd-red/Build/Products/Debug-iphonesimulator/PackageFrameworks -F /Users/jirathip/.herdr/worktrees/morsel/issue-106-data-reliability/.agent-runs/dd-red/Build/Products/Debug-iphonesimulator/PackageFrameworks -F /Users/jirathip/.herdr/worktrees/morsel/issue-106-data-reliability/.agent-runs/dd-red/Build/Products/Debug-iphonesimulator/PackageFrameworks -F /Users/jirathip/.herdr/worktrees/morsel/issue-106-data-reliability/.agent-runs/dd-red/Build/Products/Debug-iphonesimulator/PackageFrameworks -F /Users/jirathip/.herdr/worktrees/morsel/issue-106-data-reliability/.agent-runs/dd-red/Build/Products/Debug-iphonesimulator/PackageFrameworks -F /Users/jirathip/.herdr/worktrees/morsel/issue-106-data-reliability/.agent-runs/dd-red/Build/Products/Debug-iphonesimulator/PackageFrameworks -F /Users/jirathip/.herdr/worktrees/morsel/issue-106-data-reliability/.agent-runs/dd-red/Build/Products/Debug-iphonesimulator/PackageFrameworks -F /Users/jirathip/.herdr/worktrees/morsel/issue-106-data-reliability/.agent-runs/dd-red/Build/Products/Debug-iphonesimulator/PackageFrameworks -F /Users/jirathip/.herdr/worktrees/morsel/issue-106-data-reliability/.agent-runs/dd-red/Build/Products/Debug-iphonesimulator/PackageFrameworks -F /Users/jirathip/.herdr/worktrees/morsel/issue-106-data-reliability/.agent-runs/dd-red/Build/Products/Debug-iphonesimulator/PackageFrameworks -F /Users/jirathip/.herdr/worktrees/morsel/issue-106-data-reliability/.agent-runs/dd-red/Build/Products/Debug-iphonesimulator/PackageFrameworks -F /Users/jirathip/.herdr/worktrees/morsel/issue-106-data-reliability/.agent-runs/dd-red/Build/Products/Debug-iphonesimulator/PackageFrameworks -F /Users/jirathip/.herdr/worktrees/morsel/issue-106-data-reliability/.agent-runs/dd-red/Build/Products/Debug-iphonesimulator/PackageFrameworks -F /Users/jirathip/.herdr/worktrees/morsel/issue-106-data-reliability/.agent-runs/dd-red/Build/Products/Debug-iphonesimulator -c -j10 -enable-batch-mode -incremental -Xcc -ivfsstatcache -Xcc /Users/jirathip/.herdr/worktrees/morsel/issue-106-data-reliability/.agent-runs/dd-red/SDKStatCaches.noindex/iphonesimulator26.5-23F81a-6cfe768891a92b912361537c460fe42b.sdkstatcache -output-file-map /Users/jirathip/.herdr/worktrees/morsel/issue-106-data-reliability/.agent-runs/dd-red/Build/Intermediates.noindex/Morsel.build/Debug-iphonesimulator/Morsel.build/Objects-normal/arm64/Morsel-OutputFileMap.json -use-frontend-parseable-output -save-temps -no-color-diagnostics -explicit-module-build -module-cache-path /Users/jirathip/.herdr/worktrees/morsel/issue-106-data-reliability/.agent-runs/dd-red/Build/Intermediates.noindex/SwiftExplicitPrecompiledModules -clang-scanner-module-cache-path /Users/jirathip/.herdr/worktrees/morsel/issue-106-data-reliability/.agent-runs/dd-red/ModuleCache.noindex -sdk-module-cache-path /Users/jirathip/.herdr/worktrees/morsel/issue-106-data-reliability/.agent-runs/dd-red/ModuleCache.noindex -serialize-diagnostics -emit-dependencies -emit-module -emit-module-path /Users/jirathip/.herdr/worktrees/morsel/issue-106-data-reliability/.agent-runs/dd-red/Build/Intermediates.noindex/Morsel.build/Debug-iphonesimulator/Morsel.build/Objects-normal/arm64/Morsel.swiftmodule -validate-clang-modules-once -clang-build-session-file /Users/jirathip/.herdr/worktrees/morsel/issue-106-data-reliability/.agent-runs/dd-red/ModuleCache.noindex/Session.modulevalidation -Xcc -I/Users/jirathip/.herdr/worktrees/morsel/issue-106-data-reliability/.agent-runs/dd-red/Build/Intermediates.noindex/Morsel.build/Debug-iphonesimulator/Morsel.build/swift-overrides.hmap -emit-const-values -Xfrontend -const-gather-protocols-file -Xfrontend /Users/jirathip/.herdr/worktrees/morsel/issue-106-data-reliability/.agent-runs/dd-red/Build/Intermediates.noindex/Morsel.build/Debug-iphonesimulator/Morsel.build/Objects-normal/arm64/Morsel_const_extract_protocols.json -Xcc -iquote -Xcc /Users/jirathip/.herdr/worktrees/morsel/issue-106-data-reliability/.agent-runs/dd-red/Build/Intermediates.noindex/Morsel.build/Debug-iphonesimulator/Morsel.build/Morsel-generated-files.hmap -Xcc -I/Users/jirathip/.herdr/worktrees/morsel/issue-106-data-reliability/.agent-runs/dd-red/Build/Intermediates.noindex/Morsel.build/Debug-iphonesimulator/Morsel.build/Morsel-own-target-headers.hmap -Xcc -I/Users/jirathip/.herdr/worktrees/morsel/issue-106-data-reliability/.agent-runs/dd-red/Build/Intermediates.noindex/Morsel.build/Debug-iphonesimulator/Morsel.build/Morsel-all-non-framework-target-headers.hmap -Xcc -ivfsoverlay -Xcc /Users/jirathip/.herdr/worktrees/morsel/issue-106-data-reliability/.agent-runs/dd-red/Build/Intermediates.noindex/Morsel.build/Debug-iphonesimulator/Morsel-17248c3624f98dc6f156c39ec7fad702-VFS-iphonesimulator/all-product-headers.yaml -Xcc -iquote -Xcc /Users/jirathip/.herdr/worktrees/morsel/issue-106-data-reliability/.agent-runs/dd-red/Build/Intermediates.noindex/Morsel.build/Debug-iphonesimulator/Morsel.build/Morsel-project-headers.hmap -Xcc -I/Users/jirathip/.herdr/worktrees/morsel/issue-106-data-reliability/.agent-runs/dd-red/Build/Products/Debug-iphonesimulator/include -Xcc -I/Users/jirathip/.herdr/worktrees/morsel/issue-106-data-reliability/.agent-runs/dd-red/Build/Intermediates.noindex/Morsel.build/Debug-iphonesimulator/Morsel.build/DerivedSources-normal/arm64 -Xcc -I/Users/jirathip/.herdr/worktrees/morsel/issue-106-data-reliability/.agent-runs/dd-red/Build/Intermediates.noindex/Morsel.build/Debug-iphonesimulator/Morsel.build/DerivedSources/arm64 -Xcc -I/Users/jirathip/.herdr/worktrees/morsel/issue-106-data-reliability/.agent-runs/dd-red/Build/Intermediates.noindex/Morsel.build/Debug-iphonesimulator/Morsel.build/DerivedSources -Xcc -DDEBUG\=1 -emit-objc-header -emit-objc-header-path /Users/jirathip/.herdr/worktrees/morsel/issue-106-data-reliability/.agent-runs/dd-red/Build/Intermediates.noindex/Morsel.build/Debug-iphonesimulator/Morsel.build/Objects-normal/arm64/Morsel-Swift.h -working-directory /Users/jirathip/.herdr/worktrees/morsel/issue-106-data-reliability/app -experimental-emit-module-separately -disable-cmo

Copy /Users/jirathip/.herdr/worktrees/morsel/issue-106-data-reliability/.agent-runs/dd-red/Build/Products/Debug-iphonesimulator/Morsel.app/swift-crypto_Crypto.bundle /Users/jirathip/.herdr/worktrees/morsel/issue-106-data-reliability/.agent-runs/dd-red/Build/Products/Debug-iphonesimulator/swift-crypto_Crypto.bundle (in target 'Morsel' from project 'Morsel')
    cd /Users/jirathip/.herdr/worktrees/morsel/issue-106-data-reliability/app
    builtin-copy -exclude .DS_Store -exclude CVS -exclude .svn -exclude .git -exclude .hg -resolve-src-symlinks /Users/jirathip/.herdr/worktrees/morsel/issue-106-data-reliability/.agent-runs/dd-red/Build/Products/Debug-iphonesimulator/swift-crypto_Crypto.bundle /Users/jirathip/.herdr/worktrees/morsel/issue-106-data-reliability/.agent-runs/dd-red/Build/Products/Debug-iphonesimulator/Morsel.app

ProcessInfoPlistFile /Users/jirathip/.herdr/worktrees/morsel/issue-106-data-reliability/.agent-runs/dd-red/Build/Products/Debug-iphonesimulator/Morsel.app/Info.plist /Users/jirathip/.herdr/worktrees/morsel/issue-106-data-reliability/fastlane/Morsel-Info.plist (in target 'Morsel' from project 'Morsel')
    cd /Users/jirathip/.herdr/worktrees/morsel/issue-106-data-reliability/app
    builtin-infoPlistUtility /Users/jirathip/.herdr/worktrees/morsel/issue-106-data-reliability/fastlane/Morsel-Info.plist -producttype com.apple.product-type.application -genpkginfo /Users/jirathip/.herdr/worktrees/morsel/issue-106-data-reliability/.agent-runs/dd-red/Build/Products/Debug-iphonesimulator/Morsel.app/PkgInfo -expandbuildsettings -format binary -platform iphonesimulator -additionalcontentfile /Users/jirathip/.herdr/worktrees/morsel/issue-106-data-reliability/.agent-runs/dd-red/Build/Intermediates.noindex/Morsel.build/Debug-iphonesimulator/Morsel.build/assetcatalog_generated_info.plist -scanforprivacyfile /Users/jirathip/.herdr/worktrees/morsel/issue-106-data-reliability/.agent-runs/dd-red/Build/Products/Debug-iphonesimulator/Morsel.app/swift-crypto_Crypto.bundle -o /Users/jirathip/.herdr/worktrees/morsel/issue-106-data-reliability/.agent-runs/dd-red/Build/Products/Debug-iphonesimulator/Morsel.app/Info.plist
warning: User supplied UIDeviceFamily key in the Info.plist will be overwritten. Please use the build setting TARGETED_DEVICE_FAMILY and remove UIDeviceFamily from your Info.plist. (in target 'Morsel' from project 'Morsel')

SwiftCompile normal arm64 Compiling\ HistoryView.swift,\ JournalFocus.swift,\ JournalNavigation.swift,\ JournalPaperTexture.swift /Users/jirathip/.herdr/worktrees/morsel/issue-106-data-reliability/app/Sources/Morsel/HistoryView.swift /Users/jirathip/.herdr/worktrees/morsel/issue-106-data-reliability/app/Sources/Morsel/JournalFocus.swift /Users/jirathip/.herdr/worktrees/morsel/issue-106-data-reliability/app/Sources/Morsel/JournalNavigation.swift /Users/jirathip/.herdr/worktrees/morsel/issue-106-data-reliability/app/Sources/Morsel/JournalPaperTexture.swift (in target 'Morsel' from project 'Morsel')

SwiftCompile normal arm64 /Users/jirathip/.herdr/worktrees/morsel/issue-106-data-reliability/app/Sources/Morsel/HistoryView.swift (in target 'Morsel' from project 'Morsel')
    cd /Users/jirathip/.herdr/worktrees/morsel/issue-106-data-reliability/app


SwiftCompile normal arm64 /Users/jirathip/.herdr/worktrees/morsel/issue-106-data-reliability/app/Sources/Morsel/JournalFocus.swift (in target 'Morsel' from project 'Morsel')
    cd /Users/jirathip/.herdr/worktrees/morsel/issue-106-data-reliability/app


SwiftCompile normal arm64 /Users/jirathip/.herdr/worktrees/morsel/issue-106-data-reliability/app/Sources/Morsel/JournalNavigation.swift (in target 'Morsel' from project 'Morsel')
    cd /Users/jirathip/.herdr/worktrees/morsel/issue-106-data-reliability/app


SwiftCompile normal arm64 /Users/jirathip/.herdr/worktrees/morsel/issue-106-data-reliability/app/Sources/Morsel/JournalPaperTexture.swift (in target 'Morsel' from project 'Morsel')
    cd /Users/jirathip/.herdr/worktrees/morsel/issue-106-data-reliability/app


SwiftCompile normal arm64 Compiling\ JournalUI.swift,\ MealCapture.swift,\ MealCaptureView.swift,\ MealCorrections.swift /Users/jirathip/.herdr/worktrees/morsel/issue-106-data-reliability/app/Sources/Morsel/JournalUI.swift /Users/jirathip/.herdr/worktrees/morsel/issue-106-data-reliability/app/Sources/Morsel/MealCapture.swift /Users/jirathip/.herdr/worktrees/morsel/issue-106-data-reliability/app/Sources/Morsel/MealCaptureView.swift /Users/jirathip/.herdr/worktrees/morsel/issue-106-data-reliability/app/Sources/Morsel/MealCorrections.swift (in target 'Morsel' from project 'Morsel')
SwiftCompile normal arm64 /Users/jirathip/.herdr/worktrees/morsel/issue-106-data-reliability/app/Sources/Morsel/JournalUI.swift (in target 'Morsel' from project 'Morsel')
    cd /Users/jirathip/.herdr/worktrees/morsel/issue-106-data-reliability/app


SwiftCompile normal arm64 /Users/jirathip/.herdr/worktrees/morsel/issue-106-data-reliability/app/Sources/Morsel/MealCapture.swift (in target 'Morsel' from project 'Morsel')
    cd /Users/jirathip/.herdr/worktrees/morsel/issue-106-data-reliability/app


SwiftCompile normal arm64 /Users/jirathip/.herdr/worktrees/morsel/issue-106-data-reliability/app/Sources/Morsel/MealCaptureView.swift (in target 'Morsel' from project 'Morsel')
    cd /Users/jirathip/.herdr/worktrees/morsel/issue-106-data-reliability/app


SwiftCompile normal arm64 /Users/jirathip/.herdr/worktrees/morsel/issue-106-data-reliability/app/Sources/Morsel/MealCorrections.swift (in target 'Morsel' from project 'Morsel')
    cd /Users/jirathip/.herdr/worktrees/morsel/issue-106-data-reliability/app


SwiftCompile normal arm64 Compiling\ Auth.swift,\ AuthView.swift,\ DesignSystem.swift,\ GoalsEditor.swift /Users/jirathip/.herdr/worktrees/morsel/issue-106-data-reliability/app/Sources/Morsel/Auth.swift /Users/jirathip/.herdr/worktrees/morsel/issue-106-data-reliability/app/Sources/Morsel/AuthView.swift /Users/jirathip/.herdr/worktrees/morsel/issue-106-data-reliability/app/Sources/Morsel/DesignSystem.swift /Users/jirathip/.herdr/worktrees/morsel/issue-106-data-reliability/app/Sources/Morsel/GoalsEditor.swift (in target 'Morsel' from project 'Morsel')

SwiftCompile normal arm64 /Users/jirathip/.herdr/worktrees/morsel/issue-106-data-reliability/app/Sources/Morsel/Auth.swift (in target 'Morsel' from project 'Morsel')
    cd /Users/jirathip/.herdr/worktrees/morsel/issue-106-data-reliability/app


SwiftCompile normal arm64 /Users/jirathip/.herdr/worktrees/morsel/issue-106-data-reliability/app/Sources/Morsel/AuthView.swift (in target 'Morsel' from project 'Morsel')
    cd /Users/jirathip/.herdr/worktrees/morsel/issue-106-data-reliability/app


SwiftCompile normal arm64 /Users/jirathip/.herdr/worktrees/morsel/issue-106-data-reliability/app/Sources/Morsel/DesignSystem.swift (in target 'Morsel' from project 'Morsel')
    cd /Users/jirathip/.herdr/worktrees/morsel/issue-106-data-reliability/app


SwiftCompile normal arm64 /Users/jirathip/.herdr/worktrees/morsel/issue-106-data-reliability/app/Sources/Morsel/GoalsEditor.swift (in target 'Morsel' from project 'Morsel')
    cd /Users/jirathip/.herdr/worktrees/morsel/issue-106-data-reliability/app


SwiftCompile normal arm64 Compiling\ HealthKitWeightImporter.swift,\ HistoryLedgerViews.swift,\ HistoryModels.swift,\ HistoryRepository.swift /Users/jirathip/.herdr/worktrees/morsel/issue-106-data-reliability/app/Sources/Morsel/HealthKitWeightImporter.swift /Users/jirathip/.herdr/worktrees/morsel/issue-106-data-reliability/app/Sources/Morsel/HistoryLedgerViews.swift /Users/jirathip/.herdr/worktrees/morsel/issue-106-data-reliability/app/Sources/Morsel/HistoryModels.swift /Users/jirathip/.herdr/worktrees/morsel/issue-106-data-reliability/app/Sources/Morsel/HistoryRepository.swift (in target 'Morsel' from project 'Morsel')

SwiftCompile normal arm64 /Users/jirathip/.herdr/worktrees/morsel/issue-106-data-reliability/app/Sources/Morsel/HealthKitWeightImporter.swift (in target 'Morsel' from project 'Morsel')
    cd /Users/jirathip/.herdr/worktrees/morsel/issue-106-data-reliability/app


SwiftCompile normal arm64 /Users/jirathip/.herdr/worktrees/morsel/issue-106-data-reliability/app/Sources/Morsel/HistoryLedgerViews.swift (in target 'Morsel' from project 'Morsel')
    cd /Users/jirathip/.herdr/worktrees/morsel/issue-106-data-reliability/app


SwiftCompile normal arm64 /Users/jirathip/.herdr/worktrees/morsel/issue-106-data-reliability/app/Sources/Morsel/HistoryModels.swift (in target 'Morsel' from project 'Morsel')
    cd /Users/jirathip/.herdr/worktrees/morsel/issue-106-data-reliability/app


SwiftCompile normal arm64 /Users/jirathip/.herdr/worktrees/morsel/issue-106-data-reliability/app/Sources/Morsel/HistoryRepository.swift (in target 'Morsel' from project 'Morsel')
    cd /Users/jirathip/.herdr/worktrees/morsel/issue-106-data-reliability/app


SwiftCompile normal arm64 Compiling\ MockRepository.swift,\ Models.swift,\ MorselApp.swift /Users/jirathip/.herdr/worktrees/morsel/issue-106-data-reliability/app/Sources/Morsel/MockRepository.swift /Users/jirathip/.herdr/worktrees/morsel/issue-106-data-reliability/app/Sources/Morsel/Models.swift /Users/jirathip/.herdr/worktrees/morsel/issue-106-data-reliability/app/Sources/Morsel/MorselApp.swift (in target 'Morsel' from project 'Morsel')

SwiftCompile normal arm64 /Users/jirathip/.herdr/worktrees/morsel/issue-106-data-reliability/app/Sources/Morsel/MockRepository.swift (in target 'Morsel' from project 'Morsel')
    cd /Users/jirathip/.herdr/worktrees/morsel/issue-106-data-reliability/app


SwiftCompile normal arm64 /Users/jirathip/.herdr/worktrees/morsel/issue-106-data-reliability/app/Sources/Morsel/Models.swift (in target 'Morsel' from project 'Morsel')
    cd /Users/jirathip/.herdr/worktrees/morsel/issue-106-data-reliability/app


SwiftCompile normal arm64 /Users/jirathip/.herdr/worktrees/morsel/issue-106-data-reliability/app/Sources/Morsel/MorselApp.swift (in target 'Morsel' from project 'Morsel')
    cd /Users/jirathip/.herdr/worktrees/morsel/issue-106-data-reliability/app


SwiftCompile normal arm64 Compiling\ MealItemEditSheet.swift,\ MealRepository.swift,\ MealThumbnail.swift /Users/jirathip/.herdr/worktrees/morsel/issue-106-data-reliability/app/Sources/Morsel/MealItemEditSheet.swift /Users/jirathip/.herdr/worktrees/morsel/issue-106-data-reliability/app/Sources/Morsel/MealRepository.swift /Users/jirathip/.herdr/worktrees/morsel/issue-106-data-reliability/app/Sources/Morsel/MealThumbnail.swift (in target 'Morsel' from project 'Morsel')

SwiftCompile normal arm64 /Users/jirathip/.herdr/worktrees/morsel/issue-106-data-reliability/app/Sources/Morsel/MealItemEditSheet.swift (in target 'Morsel' from project 'Morsel')
    cd /Users/jirathip/.herdr/worktrees/morsel/issue-106-data-reliability/app


SwiftCompile normal arm64 /Users/jirathip/.herdr/worktrees/morsel/issue-106-data-reliability/app/Sources/Morsel/MealRepository.swift (in target 'Morsel' from project 'Morsel')
    cd /Users/jirathip/.herdr/worktrees/morsel/issue-106-data-reliability/app


SwiftCompile normal arm64 /Users/jirathip/.herdr/worktrees/morsel/issue-106-data-reliability/app/Sources/Morsel/MealThumbnail.swift (in target 'Morsel' from project 'Morsel')
    cd /Users/jirathip/.herdr/worktrees/morsel/issue-106-data-reliability/app


SwiftCompile normal arm64 Compiling\ MorselAppearance.swift,\ Onboarding.swift,\ PaperFields.swift /Users/jirathip/.herdr/worktrees/morsel/issue-106-data-reliability/app/Sources/Morsel/MorselAppearance.swift /Users/jirathip/.herdr/worktrees/morsel/issue-106-data-reliability/app/Sources/Morsel/Onboarding.swift /Users/jirathip/.herdr/worktrees/morsel/issue-106-data-reliability/app/Sources/Morsel/PaperFields.swift (in target 'Morsel' from project 'Morsel')

SwiftCompile normal arm64 /Users/jirathip/.herdr/worktrees/morsel/issue-106-data-reliability/app/Sources/Morsel/MorselAppearance.swift (in target 'Morsel' from project 'Morsel')
    cd /Users/jirathip/.herdr/worktrees/morsel/issue-106-data-reliability/app


SwiftCompile normal arm64 /Users/jirathip/.herdr/worktrees/morsel/issue-106-data-reliability/app/Sources/Morsel/Onboarding.swift (in target 'Morsel' from project 'Morsel')
    cd /Users/jirathip/.herdr/worktrees/morsel/issue-106-data-reliability/app


SwiftCompile normal arm64 /Users/jirathip/.herdr/worktrees/morsel/issue-106-data-reliability/app/Sources/Morsel/PaperFields.swift (in target 'Morsel' from project 'Morsel')
    cd /Users/jirathip/.herdr/worktrees/morsel/issue-106-data-reliability/app


SwiftCompile normal arm64 Compiling\ PreviewData.swift,\ Repository.swift,\ SettingsView.swift /Users/jirathip/.herdr/worktrees/morsel/issue-106-data-reliability/app/Sources/Morsel/PreviewData.swift /Users/jirathip/.herdr/worktrees/morsel/issue-106-data-reliability/app/Sources/Morsel/Repository.swift /Users/jirathip/.herdr/worktrees/morsel/issue-106-data-reliability/app/Sources/Morsel/SettingsView.swift (in target 'Morsel' from project 'Morsel')

SwiftCompile normal arm64 /Users/jirathip/.herdr/worktrees/morsel/issue-106-data-reliability/app/Sources/Morsel/PreviewData.swift (in target 'Morsel' from project 'Morsel')
    cd /Users/jirathip/.herdr/worktrees/morsel/issue-106-data-reliability/app


SwiftCompile normal arm64 /Users/jirathip/.herdr/worktrees/morsel/issue-106-data-reliability/app/Sources/Morsel/Repository.swift (in target 'Morsel' from project 'Morsel')
    cd /Users/jirathip/.herdr/worktrees/morsel/issue-106-data-reliability/app


SwiftCompile normal arm64 /Users/jirathip/.herdr/worktrees/morsel/issue-106-data-reliability/app/Sources/Morsel/SettingsView.swift (in target 'Morsel' from project 'Morsel')
    cd /Users/jirathip/.herdr/worktrees/morsel/issue-106-data-reliability/app


SwiftCompile normal arm64 Compiling\ Views.swift,\ WeightTrendView.swift,\ GeneratedAssetSymbols.swift /Users/jirathip/.herdr/worktrees/morsel/issue-106-data-reliability/app/Sources/Morsel/Views.swift /Users/jirathip/.herdr/worktrees/morsel/issue-106-data-reliability/app/Sources/Morsel/WeightTrendView.swift /Users/jirathip/.herdr/worktrees/morsel/issue-106-data-reliability/.agent-runs/dd-red/Build/Intermediates.noindex/Morsel.build/Debug-iphonesimulator/Morsel.build/DerivedSources/GeneratedAssetSymbols.swift (in target 'Morsel' from project 'Morsel')

SwiftCompile normal arm64 /Users/jirathip/.herdr/worktrees/morsel/issue-106-data-reliability/app/Sources/Morsel/Views.swift (in target 'Morsel' from project 'Morsel')
    cd /Users/jirathip/.herdr/worktrees/morsel/issue-106-data-reliability/app


SwiftCompile normal arm64 /Users/jirathip/.herdr/worktrees/morsel/issue-106-data-reliability/app/Sources/Morsel/WeightTrendView.swift (in target 'Morsel' from project 'Morsel')
    cd /Users/jirathip/.herdr/worktrees/morsel/issue-106-data-reliability/app


SwiftCompile normal arm64 /Users/jirathip/.herdr/worktrees/morsel/issue-106-data-reliability/.agent-runs/dd-red/Build/Intermediates.noindex/Morsel.build/Debug-iphonesimulator/Morsel.build/DerivedSources/GeneratedAssetSymbols.swift (in target 'Morsel' from project 'Morsel')
    cd /Users/jirathip/.herdr/worktrees/morsel/issue-106-data-reliability/app


SwiftCompile normal arm64 Compiling\ SupabaseMealMutations.swift,\ TodayLogViews.swift,\ ViewModel.swift /Users/jirathip/.herdr/worktrees/morsel/issue-106-data-reliability/app/Sources/Morsel/SupabaseMealMutations.swift /Users/jirathip/.herdr/worktrees/morsel/issue-106-data-reliability/app/Sources/Morsel/TodayLogViews.swift /Users/jirathip/.herdr/worktrees/morsel/issue-106-data-reliability/app/Sources/Morsel/ViewModel.swift (in target 'Morsel' from project 'Morsel')

SwiftCompile normal arm64 /Users/jirathip/.herdr/worktrees/morsel/issue-106-data-reliability/app/Sources/Morsel/SupabaseMealMutations.swift (in target 'Morsel' from project 'Morsel')
    cd /Users/jirathip/.herdr/worktrees/morsel/issue-106-data-reliability/app


SwiftCompile normal arm64 /Users/jirathip/.herdr/worktrees/morsel/issue-106-data-reliability/app/Sources/Morsel/TodayLogViews.swift (in target 'Morsel' from project 'Morsel')
    cd /Users/jirathip/.herdr/worktrees/morsel/issue-106-data-reliability/app


SwiftCompile normal arm64 /Users/jirathip/.herdr/worktrees/morsel/issue-106-data-reliability/app/Sources/Morsel/ViewModel.swift (in target 'Morsel' from project 'Morsel')
    cd /Users/jirathip/.herdr/worktrees/morsel/issue-106-data-reliability/app


SwiftEmitModule normal arm64 Emitting\ module\ for\ Morsel (in target 'Morsel' from project 'Morsel')

EmitSwiftModule normal arm64 (in target 'Morsel' from project 'Morsel')
    cd /Users/jirathip/.herdr/worktrees/morsel/issue-106-data-reliability/app


SwiftDriverJobDiscovery normal arm64 Compiling MealItemEditSheet.swift, MealRepository.swift, MealThumbnail.swift (in target 'Morsel' from project 'Morsel')

SwiftDriverJobDiscovery normal arm64 Compiling Views.swift, WeightTrendView.swift, GeneratedAssetSymbols.swift (in target 'Morsel' from project 'Morsel')

SwiftDriverJobDiscovery normal arm64 Compiling PreviewData.swift, Repository.swift, SettingsView.swift (in target 'Morsel' from project 'Morsel')

SwiftDriverJobDiscovery normal arm64 Compiling MorselAppearance.swift, Onboarding.swift, PaperFields.swift (in target 'Morsel' from project 'Morsel')

SwiftDriverJobDiscovery normal arm64 Compiling HistoryView.swift, JournalFocus.swift, JournalNavigation.swift, JournalPaperTexture.swift (in target 'Morsel' from project 'Morsel')

SwiftDriverJobDiscovery normal arm64 Emitting module for Morsel (in target 'Morsel' from project 'Morsel')

SwiftDriver\ Compilation\ Requirements Morsel normal arm64 com.apple.xcode.tools.swift.compiler (in target 'Morsel' from project 'Morsel')
    cd /Users/jirathip/.herdr/worktrees/morsel/issue-106-data-reliability/app
    builtin-Swift-Compilation-Requirements -- /Applications/Xcode.app/Contents/Developer/Toolchains/XcodeDefault.xctoolchain/usr/bin/swiftc -module-name Morsel -Onone @/Users/jirathip/.herdr/worktrees/morsel/issue-106-data-reliability/.agent-runs/dd-red/Build/Intermediates.noindex/Morsel.build/Debug-iphonesimulator/Morsel.build/Objects-normal/arm64/Morsel.SwiftFileList -DDEBUG -enable-bare-slash-regex -enable-experimental-feature DebugDescriptionMacro -sdk /Applications/Xcode.app/Contents/Developer/Platforms/iPhoneSimulator.platform/Developer/SDKs/iPhoneSimulator26.5.sdk -target arm64-apple-ios17.0-simulator -g -module-cache-path /Users/jirathip/.herdr/worktrees/morsel/issue-106-data-reliability/.agent-runs/dd-red/ModuleCache.noindex -Xfrontend -serialize-debugging-options -enable-testing -index-store-path /Users/jirathip/.herdr/worktrees/morsel/issue-106-data-reliability/.agent-runs/dd-red/Index.noindex/DataStore -Xcc -D_LIBCPP_HARDENING_MODE\=_LIBCPP_HARDENING_MODE_DEBUG -swift-version 5 -I /Users/jirathip/.herdr/worktrees/morsel/issue-106-data-reliability/.agent-runs/dd-red/Build/Products/Debug-iphonesimulator -F /Users/jirathip/.herdr/worktrees/morsel/issue-106-data-reliability/.agent-runs/dd-red/Build/Products/Debug-iphonesimulator/PackageFrameworks -F /Users/jirathip/.herdr/worktrees/morsel/issue-106-data-reliability/.agent-runs/dd-red/Build/Products/Debug-iphonesimulator/PackageFrameworks -F /Users/jirathip/.herdr/worktrees/morsel/issue-106-data-reliability/.agent-runs/dd-red/Build/Products/Debug-iphonesimulator/PackageFrameworks -F /Users/jirathip/.herdr/worktrees/morsel/issue-106-data-reliability/.agent-runs/dd-red/Build/Products/Debug-iphonesimulator/PackageFrameworks -F /Users/jirathip/.herdr/worktrees/morsel/issue-106-data-reliability/.agent-runs/dd-red/Build/Products/Debug-iphonesimulator/PackageFrameworks -F /Users/jirathip/.herdr/worktrees/morsel/issue-106-data-reliability/.agent-runs/dd-red/Build/Products/Debug-iphonesimulator/PackageFrameworks -F /Users/jirathip/.herdr/worktrees/morsel/issue-106-data-reliability/.agent-runs/dd-red/Build/Products/Debug-iphonesimulator/PackageFrameworks -F /Users/jirathip/.herdr/worktrees/morsel/issue-106-data-reliability/.agent-runs/dd-red/Build/Products/Debug-iphonesimulator/PackageFrameworks -F /Users/jirathip/.herdr/worktrees/morsel/issue-106-data-reliability/.agent-runs/dd-red/Build/Products/Debug-iphonesimulator/PackageFrameworks -F /Users/jirathip/.herdr/worktrees/morsel/issue-106-data-reliability/.agent-runs/dd-red/Build/Products/Debug-iphonesimulator/PackageFrameworks -F /Users/jirathip/.herdr/worktrees/morsel/issue-106-data-reliability/.agent-runs/dd-red/Build/Products/Debug-iphonesimulator/PackageFrameworks -F /Users/jirathip/.herdr/worktrees/morsel/issue-106-data-reliability/.agent-runs/dd-red/Build/Products/Debug-iphonesimulator/PackageFrameworks -F /Users/jirathip/.herdr/worktrees/morsel/issue-106-data-reliability/.agent-runs/dd-red/Build/Products/Debug-iphonesimulator/PackageFrameworks -F /Users/jirathip/.herdr/worktrees/morsel/issue-106-data-reliability/.agent-runs/dd-red/Build/Products/Debug-iphonesimulator/PackageFrameworks -F /Users/jirathip/.herdr/worktrees/morsel/issue-106-data-reliability/.agent-runs/dd-red/Build/Products/Debug-iphonesimulator -c -j10 -enable-batch-mode -incremental -Xcc -ivfsstatcache -Xcc /Users/jirathip/.herdr/worktrees/morsel/issue-106-data-reliability/.agent-runs/dd-red/SDKStatCaches.noindex/iphonesimulator26.5-23F81a-6cfe768891a92b912361537c460fe42b.sdkstatcache -output-file-map /Users/jirathip/.herdr/worktrees/morsel/issue-106-data-reliability/.agent-runs/dd-red/Build/Intermediates.noindex/Morsel.build/Debug-iphonesimulator/Morsel.build/Objects-normal/arm64/Morsel-OutputFileMap.json -use-frontend-parseable-output -save-temps -no-color-diagnostics -explicit-module-build -module-cache-path /Users/jirathip/.herdr/worktrees/morsel/issue-106-data-reliability/.agent-runs/dd-red/Build/Intermediates.noindex/SwiftExplicitPrecompiledModules -clang-scanner-module-cache-path /Users/jirathip/.herdr/worktrees/morsel/issue-106-data-reliability/.agent-runs/dd-red/ModuleCache.noindex -sdk-module-cache-path /Users/jirathip/.herdr/worktrees/morsel/issue-106-data-reliability/.agent-runs/dd-red/ModuleCache.noindex -serialize-diagnostics -emit-dependencies -emit-module -emit-module-path /Users/jirathip/.herdr/worktrees/morsel/issue-106-data-reliability/.agent-runs/dd-red/Build/Intermediates.noindex/Morsel.build/Debug-iphonesimulator/Morsel.build/Objects-normal/arm64/Morsel.swiftmodule -validate-clang-modules-once -clang-build-session-file /Users/jirathip/.herdr/worktrees/morsel/issue-106-data-reliability/.agent-runs/dd-red/ModuleCache.noindex/Session.modulevalidation -Xcc -I/Users/jirathip/.herdr/worktrees/morsel/issue-106-data-reliability/.agent-runs/dd-red/Build/Intermediates.noindex/Morsel.build/Debug-iphonesimulator/Morsel.build/swift-overrides.hmap -emit-const-values -Xfrontend -const-gather-protocols-file -Xfrontend /Users/jirathip/.herdr/worktrees/morsel/issue-106-data-reliability/.agent-runs/dd-red/Build/Intermediates.noindex/Morsel.build/Debug-iphonesimulator/Morsel.build/Objects-normal/arm64/Morsel_const_extract_protocols.json -Xcc -iquote -Xcc /Users/jirathip/.herdr/worktrees/morsel/issue-106-data-reliability/.agent-runs/dd-red/Build/Intermediates.noindex/Morsel.build/Debug-iphonesimulator/Morsel.build/Morsel-generated-files.hmap -Xcc -I/Users/jirathip/.herdr/worktrees/morsel/issue-106-data-reliability/.agent-runs/dd-red/Build/Intermediates.noindex/Morsel.build/Debug-iphonesimulator/Morsel.build/Morsel-own-target-headers.hmap -Xcc -I/Users/jirathip/.herdr/worktrees/morsel/issue-106-data-reliability/.agent-runs/dd-red/Build/Intermediates.noindex/Morsel.build/Debug-iphonesimulator/Morsel.build/Morsel-all-non-framework-target-headers.hmap -Xcc -ivfsoverlay -Xcc /Users/jirathip/.herdr/worktrees/morsel/issue-106-data-reliability/.agent-runs/dd-red/Build/Intermediates.noindex/Morsel.build/Debug-iphonesimulator/Morsel-17248c3624f98dc6f156c39ec7fad702-VFS-iphonesimulator/all-product-headers.yaml -Xcc -iquote -Xcc /Users/jirathip/.herdr/worktrees/morsel/issue-106-data-reliability/.agent-runs/dd-red/Build/Intermediates.noindex/Morsel.build/Debug-iphonesimulator/Morsel.build/Morsel-project-headers.hmap -Xcc -I/Users/jirathip/.herdr/worktrees/morsel/issue-106-data-reliability/.agent-runs/dd-red/Build/Products/Debug-iphonesimulator/include -Xcc -I/Users/jirathip/.herdr/worktrees/morsel/issue-106-data-reliability/.agent-runs/dd-red/Build/Intermediates.noindex/Morsel.build/Debug-iphonesimulator/Morsel.build/DerivedSources-normal/arm64 -Xcc -I/Users/jirathip/.herdr/worktrees/morsel/issue-106-data-reliability/.agent-runs/dd-red/Build/Intermediates.noindex/Morsel.build/Debug-iphonesimulator/Morsel.build/DerivedSources/arm64 -Xcc -I/Users/jirathip/.herdr/worktrees/morsel/issue-106-data-reliability/.agent-runs/dd-red/Build/Intermediates.noindex/Morsel.build/Debug-iphonesimulator/Morsel.build/DerivedSources -Xcc -DDEBUG\=1 -emit-objc-header -emit-objc-header-path /Users/jirathip/.herdr/worktrees/morsel/issue-106-data-reliability/.agent-runs/dd-red/Build/Intermediates.noindex/Morsel.build/Debug-iphonesimulator/Morsel.build/Objects-normal/arm64/Morsel-Swift.h -working-directory /Users/jirathip/.herdr/worktrees/morsel/issue-106-data-reliability/app -experimental-emit-module-separately -disable-cmo

SwiftMergeGeneratedHeaders /Users/jirathip/.herdr/worktrees/morsel/issue-106-data-reliability/.agent-runs/dd-red/Build/Intermediates.noindex/Morsel.build/Debug-iphonesimulator/Morsel.build/DerivedSources/Morsel-Swift.h /Users/jirathip/.herdr/worktrees/morsel/issue-106-data-reliability/.agent-runs/dd-red/Build/Intermediates.noindex/Morsel.build/Debug-iphonesimulator/Morsel.build/Objects-normal/arm64/Morsel-Swift.h (in target 'Morsel' from project 'Morsel')
    cd /Users/jirathip/.herdr/worktrees/morsel/issue-106-data-reliability/app
    builtin-swiftHeaderTool -arch arm64 /Users/jirathip/.herdr/worktrees/morsel/issue-106-data-reliability/.agent-runs/dd-red/Build/Intermediates.noindex/Morsel.build/Debug-iphonesimulator/Morsel.build/Objects-normal/arm64/Morsel-Swift.h -o /Users/jirathip/.herdr/worktrees/morsel/issue-106-data-reliability/.agent-runs/dd-red/Build/Intermediates.noindex/Morsel.build/Debug-iphonesimulator/Morsel.build/DerivedSources/Morsel-Swift.h

Copy /Users/jirathip/.herdr/worktrees/morsel/issue-106-data-reliability/.agent-runs/dd-red/Build/Products/Debug-iphonesimulator/Morsel.swiftmodule/arm64-apple-ios-simulator.swiftdoc /Users/jirathip/.herdr/worktrees/morsel/issue-106-data-reliability/.agent-runs/dd-red/Build/Intermediates.noindex/Morsel.build/Debug-iphonesimulator/Morsel.build/Objects-normal/arm64/Morsel.swiftdoc (in target 'Morsel' from project 'Morsel')
    cd /Users/jirathip/.herdr/worktrees/morsel/issue-106-data-reliability/app
    builtin-copy -exclude .DS_Store -exclude CVS -exclude .svn -exclude .git -exclude .hg -resolve-src-symlinks -rename /Users/jirathip/.herdr/worktrees/morsel/issue-106-data-reliability/.agent-runs/dd-red/Build/Intermediates.noindex/Morsel.build/Debug-iphonesimulator/Morsel.build/Objects-normal/arm64/Morsel.swiftdoc /Users/jirathip/.herdr/worktrees/morsel/issue-106-data-reliability/.agent-runs/dd-red/Build/Products/Debug-iphonesimulator/Morsel.swiftmodule/arm64-apple-ios-simulator.swiftdoc

Copy /Users/jirathip/.herdr/worktrees/morsel/issue-106-data-reliability/.agent-runs/dd-red/Build/Products/Debug-iphonesimulator/Morsel.swiftmodule/arm64-apple-ios-simulator.abi.json /Users/jirathip/.herdr/worktrees/morsel/issue-106-data-reliability/.agent-runs/dd-red/Build/Intermediates.noindex/Morsel.build/Debug-iphonesimulator/Morsel.build/Objects-normal/arm64/Morsel.abi.json (in target 'Morsel' from project 'Morsel')
    cd /Users/jirathip/.herdr/worktrees/morsel/issue-106-data-reliability/app
    builtin-copy -exclude .DS_Store -exclude CVS -exclude .svn -exclude .git -exclude .hg -resolve-src-symlinks -rename /Users/jirathip/.herdr/worktrees/morsel/issue-106-data-reliability/.agent-runs/dd-red/Build/Intermediates.noindex/Morsel.build/Debug-iphonesimulator/Morsel.build/Objects-normal/arm64/Morsel.abi.json /Users/jirathip/.herdr/worktrees/morsel/issue-106-data-reliability/.agent-runs/dd-red/Build/Products/Debug-iphonesimulator/Morsel.swiftmodule/arm64-apple-ios-simulator.abi.json

Copy /Users/jirathip/.herdr/worktrees/morsel/issue-106-data-reliability/.agent-runs/dd-red/Build/Products/Debug-iphonesimulator/Morsel.swiftmodule/arm64-apple-ios-simulator.swiftmodule /Users/jirathip/.herdr/worktrees/morsel/issue-106-data-reliability/.agent-runs/dd-red/Build/Intermediates.noindex/Morsel.build/Debug-iphonesimulator/Morsel.build/Objects-normal/arm64/Morsel.swiftmodule (in target 'Morsel' from project 'Morsel')
    cd /Users/jirathip/.herdr/worktrees/morsel/issue-106-data-reliability/app
    builtin-copy -exclude .DS_Store -exclude CVS -exclude .svn -exclude .git -exclude .hg -resolve-src-symlinks -rename /Users/jirathip/.herdr/worktrees/morsel/issue-106-data-reliability/.agent-runs/dd-red/Build/Intermediates.noindex/Morsel.build/Debug-iphonesimulator/Morsel.build/Objects-normal/arm64/Morsel.swiftmodule /Users/jirathip/.herdr/worktrees/morsel/issue-106-data-reliability/.agent-runs/dd-red/Build/Products/Debug-iphonesimulator/Morsel.swiftmodule/arm64-apple-ios-simulator.swiftmodule

Copy /Users/jirathip/.herdr/worktrees/morsel/issue-106-data-reliability/.agent-runs/dd-red/Build/Products/Debug-iphonesimulator/Morsel.swiftmodule/Project/arm64-apple-ios-simulator.swiftsourceinfo /Users/jirathip/.herdr/worktrees/morsel/issue-106-data-reliability/.agent-runs/dd-red/Build/Intermediates.noindex/Morsel.build/Debug-iphonesimulator/Morsel.build/Objects-normal/arm64/Morsel.swiftsourceinfo (in target 'Morsel' from project 'Morsel')
    cd /Users/jirathip/.herdr/worktrees/morsel/issue-106-data-reliability/app
    builtin-copy -exclude .DS_Store -exclude CVS -exclude .svn -exclude .git -exclude .hg -resolve-src-symlinks -rename /Users/jirathip/.herdr/worktrees/morsel/issue-106-data-reliability/.agent-runs/dd-red/Build/Intermediates.noindex/Morsel.build/Debug-iphonesimulator/Morsel.build/Objects-normal/arm64/Morsel.swiftsourceinfo /Users/jirathip/.herdr/worktrees/morsel/issue-106-data-reliability/.agent-runs/dd-red/Build/Products/Debug-iphonesimulator/Morsel.swiftmodule/Project/arm64-apple-ios-simulator.swiftsourceinfo

SwiftDriver MorselTests normal arm64 com.apple.xcode.tools.swift.compiler (in target 'MorselTests' from project 'Morsel')
    cd /Users/jirathip/.herdr/worktrees/morsel/issue-106-data-reliability/app
    builtin-SwiftDriver -- /Applications/Xcode.app/Contents/Developer/Toolchains/XcodeDefault.xctoolchain/usr/bin/swiftc -module-name MorselTests -Onone @/Users/jirathip/.herdr/worktrees/morsel/issue-106-data-reliability/.agent-runs/dd-red/Build/Intermediates.noindex/Morsel.build/Debug-iphonesimulator/MorselTests.build/Objects-normal/arm64/MorselTests.SwiftFileList -DDEBUG -plugin-path /Applications/Xcode.app/Contents/Developer/Toolchains/XcodeDefault.xctoolchain/usr/lib/swift/host/plugins/testing -enable-bare-slash-regex -enable-experimental-feature DebugDescriptionMacro -sdk /Applications/Xcode.app/Contents/Developer/Platforms/iPhoneSimulator.platform/Developer/SDKs/iPhoneSimulator26.5.sdk -target arm64-apple-ios17.0-simulator -g -module-cache-path /Users/jirathip/.herdr/worktrees/morsel/issue-106-data-reliability/.agent-runs/dd-red/ModuleCache.noindex -Xfrontend -serialize-debugging-options -enable-testing -index-store-path /Users/jirathip/.herdr/worktrees/morsel/issue-106-data-reliability/.agent-runs/dd-red/Index.noindex/DataStore -Xcc -D_LIBCPP_HARDENING_MODE\=_LIBCPP_HARDENING_MODE_DEBUG -swift-version 5 -I /Users/jirathip/.herdr/worktrees/morsel/issue-106-data-reliability/.agent-runs/dd-red/Build/Products/Debug-iphonesimulator -Isystem /Applications/Xcode.app/Contents/Developer/Platforms/iPhoneSimulator.platform/Developer/usr/lib -F /Users/jirathip/.herdr/worktrees/morsel/issue-106-data-reliability/.agent-runs/dd-red/Build/Products/Debug-iphonesimulator/PackageFrameworks -F /Users/jirathip/.herdr/worktrees/morsel/issue-106-data-reliability/.agent-runs/dd-red/Build/Products/Debug-iphonesimulator/PackageFrameworks -F /Users/jirathip/.herdr/worktrees/morsel/issue-106-data-reliability/.agent-runs/dd-red/Build/Products/Debug-iphonesimulator/PackageFrameworks -F /Users/jirathip/.herdr/worktrees/morsel/issue-106-data-reliability/.agent-runs/dd-red/Build/Products/Debug-iphonesimulator/PackageFrameworks -F /Users/jirathip/.herdr/worktrees/morsel/issue-106-data-reliability/.agent-runs/dd-red/Build/Products/Debug-iphonesimulator/PackageFrameworks -F /Users/jirathip/.herdr/worktrees/morsel/issue-106-data-reliability/.agent-runs/dd-red/Build/Products/Debug-iphonesimulator/PackageFrameworks -F /Users/jirathip/.herdr/worktrees/morsel/issue-106-data-reliability/.agent-runs/dd-red/Build/Products/Debug-iphonesimulator/PackageFrameworks -F /Users/jirathip/.herdr/worktrees/morsel/issue-106-data-reliability/.agent-runs/dd-red/Build/Products/Debug-iphonesimulator/PackageFrameworks -F /Users/jirathip/.herdr/worktrees/morsel/issue-106-data-reliability/.agent-runs/dd-red/Build/Products/Debug-iphonesimulator/PackageFrameworks -F /Users/jirathip/.herdr/worktrees/morsel/issue-106-data-reliability/.agent-runs/dd-red/Build/Products/Debug-iphonesimulator/PackageFrameworks -F /Users/jirathip/.herdr/worktrees/morsel/issue-106-data-reliability/.agent-runs/dd-red/Build/Products/Debug-iphonesimulator/PackageFrameworks -F /Users/jirathip/.herdr/worktrees/morsel/issue-106-data-reliability/.agent-runs/dd-red/Build/Products/Debug-iphonesimulator/PackageFrameworks -F /Users/jirathip/.herdr/worktrees/morsel/issue-106-data-reliability/.agent-runs/dd-red/Build/Products/Debug-iphonesimulator/PackageFrameworks -F /Users/jirathip/.herdr/worktrees/morsel/issue-106-data-reliability/.agent-runs/dd-red/Build/Products/Debug-iphonesimulator/PackageFrameworks -F /Users/jirathip/.herdr/worktrees/morsel/issue-106-data-reliability/.agent-runs/dd-red/Build/Products/Debug-iphonesimulator -F /Applications/Xcode.app/Contents/Developer/Platforms/iPhoneSimulator.platform/Developer/Library/Frameworks -F /Applications/Xcode.app/Contents/Developer/Platforms/iPhoneSimulator.platform/Developer/SDKs/iPhoneSimulator26.5.sdk/Developer/Library/Frameworks -c -j10 -enable-batch-mode -incremental -Xcc -ivfsstatcache -Xcc /Users/jirathip/.herdr/worktrees/morsel/issue-106-data-reliability/.agent-runs/dd-red/SDKStatCaches.noindex/iphonesimulator26.5-23F81a-6cfe768891a92b912361537c460fe42b.sdkstatcache -output-file-map /Users/jirathip/.herdr/worktrees/morsel/issue-106-data-reliability/.agent-runs/dd-red/Build/Intermediates.noindex/Morsel.build/Debug-iphonesimulator/MorselTests.build/Objects-normal/arm64/MorselTests-OutputFileMap.json -use-frontend-parseable-output -save-temps -no-color-diagnostics -explicit-module-build -module-cache-path /Users/jirathip/.herdr/worktrees/morsel/issue-106-data-reliability/.agent-runs/dd-red/Build/Intermediates.noindex/SwiftExplicitPrecompiledModules -clang-scanner-module-cache-path /Users/jirathip/.herdr/worktrees/morsel/issue-106-data-reliability/.agent-runs/dd-red/ModuleCache.noindex -sdk-module-cache-path /Users/jirathip/.herdr/worktrees/morsel/issue-106-data-reliability/.agent-runs/dd-red/ModuleCache.noindex -serialize-diagnostics -emit-dependencies -emit-module -emit-module-path /Users/jirathip/.herdr/worktrees/morsel/issue-106-data-reliability/.agent-runs/dd-red/Build/Intermediates.noindex/Morsel.build/Debug-iphonesimulator/MorselTests.build/Objects-normal/arm64/MorselTests.swiftmodule -validate-clang-modules-once -clang-build-session-file /Users/jirathip/.herdr/worktrees/morsel/issue-106-data-reliability/.agent-runs/dd-red/ModuleCache.noindex/Session.modulevalidation -Xcc -I/Users/jirathip/.herdr/worktrees/morsel/issue-106-data-reliability/.agent-runs/dd-red/Build/Intermediates.noindex/Morsel.build/Debug-iphonesimulator/MorselTests.build/swift-overrides.hmap -emit-const-values -Xfrontend -const-gather-protocols-file -Xfrontend /Users/jirathip/.herdr/worktrees/morsel/issue-106-data-reliability/.agent-runs/dd-red/Build/Intermediates.noindex/Morsel.build/Debug-iphonesimulator/MorselTests.build/Objects-normal/arm64/MorselTests_const_extract_protocols.json -Xcc -iquote -Xcc /Users/jirathip/.herdr/worktrees/morsel/issue-106-data-reliability/.agent-runs/dd-red/Build/Intermediates.noindex/Morsel.build/Debug-iphonesimulator/MorselTests.build/MorselTests-generated-files.hmap -Xcc -I/Users/jirathip/.herdr/worktrees/morsel/issue-106-data-reliability/.agent-runs/dd-red/Build/Intermediates.noindex/Morsel.build/Debug-iphonesimulator/MorselTests.build/MorselTests-own-target-headers.hmap -Xcc -I/Users/jirathip/.herdr/worktrees/morsel/issue-106-data-reliability/.agent-runs/dd-red/Build/Intermediates.noindex/Morsel.build/Debug-iphonesimulator/MorselTests.build/MorselTests-all-non-framework-target-headers.hmap -Xcc -ivfsoverlay -Xcc /Users/jirathip/.herdr/worktrees/morsel/issue-106-data-reliability/.agent-runs/dd-red/Build/Intermediates.noindex/Morsel.build/Debug-iphonesimulator/Morsel-17248c3624f98dc6f156c39ec7fad702-VFS-iphonesimulator/all-product-headers.yaml -Xcc -iquote -Xcc /Users/jirathip/.herdr/worktrees/morsel/issue-106-data-reliability/.agent-runs/dd-red/Build/Intermediates.noindex/Morsel.build/Debug-iphonesimulator/MorselTests.build/MorselTests-project-headers.hmap -Xcc -I/Users/jirathip/.herdr/worktrees/morsel/issue-106-data-reliability/.agent-runs/dd-red/Build/Products/Debug-iphonesimulator/include -Xcc -I/Users/jirathip/.herdr/worktrees/morsel/issue-106-data-reliability/.agent-runs/dd-red/Build/Intermediates.noindex/Morsel.build/Debug-iphonesimulator/MorselTests.build/DerivedSources-normal/arm64 -Xcc -I/Users/jirathip/.herdr/worktrees/morsel/issue-106-data-reliability/.agent-runs/dd-red/Build/Intermediates.noindex/Morsel.build/Debug-iphonesimulator/MorselTests.build/DerivedSources/arm64 -Xcc -I/Users/jirathip/.herdr/worktrees/morsel/issue-106-data-reliability/.agent-runs/dd-red/Build/Intermediates.noindex/Morsel.build/Debug-iphonesimulator/MorselTests.build/DerivedSources -Xcc -DDEBUG\=1 -emit-objc-header -emit-objc-header-path /Users/jirathip/.herdr/worktrees/morsel/issue-106-data-reliability/.agent-runs/dd-red/Build/Intermediates.noindex/Morsel.build/Debug-iphonesimulator/MorselTests.build/Objects-normal/arm64/MorselTests-Swift.h -working-directory /Users/jirathip/.herdr/worktrees/morsel/issue-106-data-reliability/app -experimental-emit-module-separately -disable-cmo

SwiftDriverJobDiscovery normal arm64 Compiling MockRepository.swift, Models.swift, MorselApp.swift (in target 'Morsel' from project 'Morsel')

SwiftDriverJobDiscovery normal arm64 Compiling SupabaseMealMutations.swift, TodayLogViews.swift, ViewModel.swift (in target 'Morsel' from project 'Morsel')

SwiftDriverJobDiscovery normal arm64 Compiling Auth.swift, AuthView.swift, DesignSystem.swift, GoalsEditor.swift (in target 'Morsel' from project 'Morsel')

SwiftDriverJobDiscovery normal arm64 Compiling HealthKitWeightImporter.swift, HistoryLedgerViews.swift, HistoryModels.swift, HistoryRepository.swift (in target 'Morsel' from project 'Morsel')

SwiftExplicitDependencyGeneratePcm arm64 /Users/jirathip/.herdr/worktrees/morsel/issue-106-data-reliability/.agent-runs/dd-red/Build/Intermediates.noindex/SwiftExplicitPrecompiledModules/XCUIAutomation-3F7U3IB0LD6LUB2LKZ43LIZOF.pcm

SwiftExplicitDependencyGeneratePcm arm64 /Users/jirathip/.herdr/worktrees/morsel/issue-106-data-reliability/.agent-runs/dd-red/Build/Intermediates.noindex/SwiftExplicitPrecompiledModules/XCTest-BWLFN7RLZXZXB1G5Q5O6F128Q.pcm

SwiftExplicitDependencyCompileModuleFromInterface arm64 /Users/jirathip/.herdr/worktrees/morsel/issue-106-data-reliability/.agent-runs/dd-red/Build/Intermediates.noindex/SwiftExplicitPrecompiledModules/XCUIAutomation-2NGIRUEBCJZ4X.swiftmodule

SwiftExplicitDependencyCompileModuleFromInterface arm64 /Users/jirathip/.herdr/worktrees/morsel/issue-106-data-reliability/.agent-runs/dd-red/Build/Intermediates.noindex/SwiftExplicitPrecompiledModules/XCTest-1ZVDIC2SQFOD4.swiftmodule

SwiftDriverJobDiscovery normal arm64 Compiling JournalUI.swift, MealCapture.swift, MealCaptureView.swift, MealCorrections.swift (in target 'Morsel' from project 'Morsel')

SwiftDriver\ Compilation Morsel normal arm64 com.apple.xcode.tools.swift.compiler (in target 'Morsel' from project 'Morsel')
    cd /Users/jirathip/.herdr/worktrees/morsel/issue-106-data-reliability/app
    builtin-Swift-Compilation -- /Applications/Xcode.app/Contents/Developer/Toolchains/XcodeDefault.xctoolchain/usr/bin/swiftc -module-name Morsel -Onone @/Users/jirathip/.herdr/worktrees/morsel/issue-106-data-reliability/.agent-runs/dd-red/Build/Intermediates.noindex/Morsel.build/Debug-iphonesimulator/Morsel.build/Objects-normal/arm64/Morsel.SwiftFileList -DDEBUG -enable-bare-slash-regex -enable-experimental-feature DebugDescriptionMacro -sdk /Applications/Xcode.app/Contents/Developer/Platforms/iPhoneSimulator.platform/Developer/SDKs/iPhoneSimulator26.5.sdk -target arm64-apple-ios17.0-simulator -g -module-cache-path /Users/jirathip/.herdr/worktrees/morsel/issue-106-data-reliability/.agent-runs/dd-red/ModuleCache.noindex -Xfrontend -serialize-debugging-options -enable-testing -index-store-path /Users/jirathip/.herdr/worktrees/morsel/issue-106-data-reliability/.agent-runs/dd-red/Index.noindex/DataStore -Xcc -D_LIBCPP_HARDENING_MODE\=_LIBCPP_HARDENING_MODE_DEBUG -swift-version 5 -I /Users/jirathip/.herdr/worktrees/morsel/issue-106-data-reliability/.agent-runs/dd-red/Build/Products/Debug-iphonesimulator -F /Users/jirathip/.herdr/worktrees/morsel/issue-106-data-reliability/.agent-runs/dd-red/Build/Products/Debug-iphonesimulator/PackageFrameworks -F /Users/jirathip/.herdr/worktrees/morsel/issue-106-data-reliability/.agent-runs/dd-red/Build/Products/Debug-iphonesimulator/PackageFrameworks -F /Users/jirathip/.herdr/worktrees/morsel/issue-106-data-reliability/.agent-runs/dd-red/Build/Products/Debug-iphonesimulator/PackageFrameworks -F /Users/jirathip/.herdr/worktrees/morsel/issue-106-data-reliability/.agent-runs/dd-red/Build/Products/Debug-iphonesimulator/PackageFrameworks -F /Users/jirathip/.herdr/worktrees/morsel/issue-106-data-reliability/.agent-runs/dd-red/Build/Products/Debug-iphonesimulator/PackageFrameworks -F /Users/jirathip/.herdr/worktrees/morsel/issue-106-data-reliability/.agent-runs/dd-red/Build/Products/Debug-iphonesimulator/PackageFrameworks -F /Users/jirathip/.herdr/worktrees/morsel/issue-106-data-reliability/.agent-runs/dd-red/Build/Products/Debug-iphonesimulator/PackageFrameworks -F /Users/jirathip/.herdr/worktrees/morsel/issue-106-data-reliability/.agent-runs/dd-red/Build/Products/Debug-iphonesimulator/PackageFrameworks -F /Users/jirathip/.herdr/worktrees/morsel/issue-106-data-reliability/.agent-runs/dd-red/Build/Products/Debug-iphonesimulator/PackageFrameworks -F /Users/jirathip/.herdr/worktrees/morsel/issue-106-data-reliability/.agent-runs/dd-red/Build/Products/Debug-iphonesimulator/PackageFrameworks -F /Users/jirathip/.herdr/worktrees/morsel/issue-106-data-reliability/.agent-runs/dd-red/Build/Products/Debug-iphonesimulator/PackageFrameworks -F /Users/jirathip/.herdr/worktrees/morsel/issue-106-data-reliability/.agent-runs/dd-red/Build/Products/Debug-iphonesimulator/PackageFrameworks -F /Users/jirathip/.herdr/worktrees/morsel/issue-106-data-reliability/.agent-runs/dd-red/Build/Products/Debug-iphonesimulator/PackageFrameworks -F /Users/jirathip/.herdr/worktrees/morsel/issue-106-data-reliability/.agent-runs/dd-red/Build/Products/Debug-iphonesimulator/PackageFrameworks -F /Users/jirathip/.herdr/worktrees/morsel/issue-106-data-reliability/.agent-runs/dd-red/Build/Products/Debug-iphonesimulator -c -j10 -enable-batch-mode -incremental -Xcc -ivfsstatcache -Xcc /Users/jirathip/.herdr/worktrees/morsel/issue-106-data-reliability/.agent-runs/dd-red/SDKStatCaches.noindex/iphonesimulator26.5-23F81a-6cfe768891a92b912361537c460fe42b.sdkstatcache -output-file-map /Users/jirathip/.herdr/worktrees/morsel/issue-106-data-reliability/.agent-runs/dd-red/Build/Intermediates.noindex/Morsel.build/Debug-iphonesimulator/Morsel.build/Objects-normal/arm64/Morsel-OutputFileMap.json -use-frontend-parseable-output -save-temps -no-color-diagnostics -explicit-module-build -module-cache-path /Users/jirathip/.herdr/worktrees/morsel/issue-106-data-reliability/.agent-runs/dd-red/Build/Intermediates.noindex/SwiftExplicitPrecompiledModules -clang-scanner-module-cache-path /Users/jirathip/.herdr/worktrees/morsel/issue-106-data-reliability/.agent-runs/dd-red/ModuleCache.noindex -sdk-module-cache-path /Users/jirathip/.herdr/worktrees/morsel/issue-106-data-reliability/.agent-runs/dd-red/ModuleCache.noindex -serialize-diagnostics -emit-dependencies -emit-module -emit-module-path /Users/jirathip/.herdr/worktrees/morsel/issue-106-data-reliability/.agent-runs/dd-red/Build/Intermediates.noindex/Morsel.build/Debug-iphonesimulator/Morsel.build/Objects-normal/arm64/Morsel.swiftmodule -validate-clang-modules-once -clang-build-session-file /Users/jirathip/.herdr/worktrees/morsel/issue-106-data-reliability/.agent-runs/dd-red/ModuleCache.noindex/Session.modulevalidation -Xcc -I/Users/jirathip/.herdr/worktrees/morsel/issue-106-data-reliability/.agent-runs/dd-red/Build/Intermediates.noindex/Morsel.build/Debug-iphonesimulator/Morsel.build/swift-overrides.hmap -emit-const-values -Xfrontend -const-gather-protocols-file -Xfrontend /Users/jirathip/.herdr/worktrees/morsel/issue-106-data-reliability/.agent-runs/dd-red/Build/Intermediates.noindex/Morsel.build/Debug-iphonesimulator/Morsel.build/Objects-normal/arm64/Morsel_const_extract_protocols.json -Xcc -iquote -Xcc /Users/jirathip/.herdr/worktrees/morsel/issue-106-data-reliability/.agent-runs/dd-red/Build/Intermediates.noindex/Morsel.build/Debug-iphonesimulator/Morsel.build/Morsel-generated-files.hmap -Xcc -I/Users/jirathip/.herdr/worktrees/morsel/issue-106-data-reliability/.agent-runs/dd-red/Build/Intermediates.noindex/Morsel.build/Debug-iphonesimulator/Morsel.build/Morsel-own-target-headers.hmap -Xcc -I/Users/jirathip/.herdr/worktrees/morsel/issue-106-data-reliability/.agent-runs/dd-red/Build/Intermediates.noindex/Morsel.build/Debug-iphonesimulator/Morsel.build/Morsel-all-non-framework-target-headers.hmap -Xcc -ivfsoverlay -Xcc /Users/jirathip/.herdr/worktrees/morsel/issue-106-data-reliability/.agent-runs/dd-red/Build/Intermediates.noindex/Morsel.build/Debug-iphonesimulator/Morsel-17248c3624f98dc6f156c39ec7fad702-VFS-iphonesimulator/all-product-headers.yaml -Xcc -iquote -Xcc /Users/jirathip/.herdr/worktrees/morsel/issue-106-data-reliability/.agent-runs/dd-red/Build/Intermediates.noindex/Morsel.build/Debug-iphonesimulator/Morsel.build/Morsel-project-headers.hmap -Xcc -I/Users/jirathip/.herdr/worktrees/morsel/issue-106-data-reliability/.agent-runs/dd-red/Build/Products/Debug-iphonesimulator/include -Xcc -I/Users/jirathip/.herdr/worktrees/morsel/issue-106-data-reliability/.agent-runs/dd-red/Build/Intermediates.noindex/Morsel.build/Debug-iphonesimulator/Morsel.build/DerivedSources-normal/arm64 -Xcc -I/Users/jirathip/.herdr/worktrees/morsel/issue-106-data-reliability/.agent-runs/dd-red/Build/Intermediates.noindex/Morsel.build/Debug-iphonesimulator/Morsel.build/DerivedSources/arm64 -Xcc -I/Users/jirathip/.herdr/worktrees/morsel/issue-106-data-reliability/.agent-runs/dd-red/Build/Intermediates.noindex/Morsel.build/Debug-iphonesimulator/Morsel.build/DerivedSources -Xcc -DDEBUG\=1 -emit-objc-header -emit-objc-header-path /Users/jirathip/.herdr/worktrees/morsel/issue-106-data-reliability/.agent-runs/dd-red/Build/Intermediates.noindex/Morsel.build/Debug-iphonesimulator/Morsel.build/Objects-normal/arm64/Morsel-Swift.h -working-directory /Users/jirathip/.herdr/worktrees/morsel/issue-106-data-reliability/app -experimental-emit-module-separately -disable-cmo

SwiftEmitModule normal arm64 Emitting\ module\ for\ MorselTests (in target 'MorselTests' from project 'Morsel')

EmitSwiftModule normal arm64 (in target 'MorselTests' from project 'Morsel')
    cd /Users/jirathip/.herdr/worktrees/morsel/issue-106-data-reliability/app


SwiftCompile normal arm64 Compiling\ GoalsEditorTests.swift /Users/jirathip/.herdr/worktrees/morsel/issue-106-data-reliability/app/Tests/MorselTests/GoalsEditorTests.swift (in target 'MorselTests' from project 'Morsel')
SwiftCompile normal arm64 /Users/jirathip/.herdr/worktrees/morsel/issue-106-data-reliability/app/Tests/MorselTests/GoalsEditorTests.swift (in target 'MorselTests' from project 'Morsel')
    cd /Users/jirathip/.herdr/worktrees/morsel/issue-106-data-reliability/app


SwiftCompile normal arm64 Compiling\ HealthSyncCopyTests.swift /Users/jirathip/.herdr/worktrees/morsel/issue-106-data-reliability/app/Tests/MorselTests/HealthSyncCopyTests.swift (in target 'MorselTests' from project 'Morsel')

SwiftCompile normal arm64 /Users/jirathip/.herdr/worktrees/morsel/issue-106-data-reliability/app/Tests/MorselTests/HealthSyncCopyTests.swift (in target 'MorselTests' from project 'Morsel')
    cd /Users/jirathip/.herdr/worktrees/morsel/issue-106-data-reliability/app


SwiftCompile normal arm64 Compiling\ JournalFollowUpTests.swift /Users/jirathip/.herdr/worktrees/morsel/issue-106-data-reliability/app/Tests/MorselTests/JournalFollowUpTests.swift (in target 'MorselTests' from project 'Morsel')

SwiftCompile normal arm64 /Users/jirathip/.herdr/worktrees/morsel/issue-106-data-reliability/app/Tests/MorselTests/JournalFollowUpTests.swift (in target 'MorselTests' from project 'Morsel')
    cd /Users/jirathip/.herdr/worktrees/morsel/issue-106-data-reliability/app


SwiftCompile normal arm64 Compiling\ AddMealReliabilityRegressionTests.swift,\ AppearanceThemeTests.swift /Users/jirathip/.herdr/worktrees/morsel/issue-106-data-reliability/app/Tests/MorselTests/AddMealReliabilityRegressionTests.swift /Users/jirathip/.herdr/worktrees/morsel/issue-106-data-reliability/app/Tests/MorselTests/AppearanceThemeTests.swift (in target 'MorselTests' from project 'Morsel')

SwiftCompile normal arm64 /Users/jirathip/.herdr/worktrees/morsel/issue-106-data-reliability/app/Tests/MorselTests/AddMealReliabilityRegressionTests.swift (in target 'MorselTests' from project 'Morsel')
    cd /Users/jirathip/.herdr/worktrees/morsel/issue-106-data-reliability/app


SwiftCompile normal arm64 /Users/jirathip/.herdr/worktrees/morsel/issue-106-data-reliability/app/Tests/MorselTests/AppearanceThemeTests.swift (in target 'MorselTests' from project 'Morsel')
    cd /Users/jirathip/.herdr/worktrees/morsel/issue-106-data-reliability/app


SwiftCompile normal arm64 Compiling\ DashboardMathTests.swift /Users/jirathip/.herdr/worktrees/morsel/issue-106-data-reliability/app/Tests/MorselTests/DashboardMathTests.swift (in target 'MorselTests' from project 'Morsel')

SwiftCompile normal arm64 /Users/jirathip/.herdr/worktrees/morsel/issue-106-data-reliability/app/Tests/MorselTests/DashboardMathTests.swift (in target 'MorselTests' from project 'Morsel')
    cd /Users/jirathip/.herdr/worktrees/morsel/issue-106-data-reliability/app


SwiftCompile normal arm64 Compiling\ MealCaptureTests.swift /Users/jirathip/.herdr/worktrees/morsel/issue-106-data-reliability/app/Tests/MorselTests/MealCaptureTests.swift (in target 'MorselTests' from project 'Morsel')

SwiftCompile normal arm64 /Users/jirathip/.herdr/worktrees/morsel/issue-106-data-reliability/app/Tests/MorselTests/MealCaptureTests.swift (in target 'MorselTests' from project 'Morsel')
    cd /Users/jirathip/.herdr/worktrees/morsel/issue-106-data-reliability/app


SwiftCompile normal arm64 Compiling\ MealCorrectionsTests.swift /Users/jirathip/.herdr/worktrees/morsel/issue-106-data-reliability/app/Tests/MorselTests/MealCorrectionsTests.swift (in target 'MorselTests' from project 'Morsel')

SwiftCompile normal arm64 /Users/jirathip/.herdr/worktrees/morsel/issue-106-data-reliability/app/Tests/MorselTests/MealCorrectionsTests.swift (in target 'MorselTests' from project 'Morsel')
    cd /Users/jirathip/.herdr/worktrees/morsel/issue-106-data-reliability/app


SwiftCompile normal arm64 Compiling\ OnboardingTests.swift /Users/jirathip/.herdr/worktrees/morsel/issue-106-data-reliability/app/Tests/MorselTests/OnboardingTests.swift (in target 'MorselTests' from project 'Morsel')

SwiftCompile normal arm64 /Users/jirathip/.herdr/worktrees/morsel/issue-106-data-reliability/app/Tests/MorselTests/OnboardingTests.swift (in target 'MorselTests' from project 'Morsel')
    cd /Users/jirathip/.herdr/worktrees/morsel/issue-106-data-reliability/app


SwiftCompile normal arm64 Compiling\ JournalSemanticsTests.swift /Users/jirathip/.herdr/worktrees/morsel/issue-106-data-reliability/app/Tests/MorselTests/JournalSemanticsTests.swift (in target 'MorselTests' from project 'Morsel')

SwiftCompile normal arm64 /Users/jirathip/.herdr/worktrees/morsel/issue-106-data-reliability/app/Tests/MorselTests/JournalSemanticsTests.swift (in target 'MorselTests' from project 'Morsel')
    cd /Users/jirathip/.herdr/worktrees/morsel/issue-106-data-reliability/app


Ld /Users/jirathip/.herdr/worktrees/morsel/issue-106-data-reliability/.agent-runs/dd-red/Build/Products/Debug-iphonesimulator/Morsel.app/Morsel.debug.dylib normal (in target 'Morsel' from project 'Morsel')
    cd /Users/jirathip/.herdr/worktrees/morsel/issue-106-data-reliability/app
    /Applications/Xcode.app/Contents/Developer/Toolchains/XcodeDefault.xctoolchain/usr/bin/clang -Xlinker -reproducible -target arm64-apple-ios17.0-simulator -dynamiclib -isysroot /Applications/Xcode.app/Contents/Developer/Platforms/iPhoneSimulator.platform/Developer/SDKs/iPhoneSimulator26.5.sdk -O0 -L/Users/jirathip/.herdr/worktrees/morsel/issue-106-data-reliability/.agent-runs/dd-red/Build/Intermediates.noindex/EagerLinkingTBDs/Debug-iphonesimulator -L/Users/jirathip/.herdr/worktrees/morsel/issue-106-data-reliability/.agent-runs/dd-red/Build/Products/Debug-iphonesimulator -F/Users/jirathip/.herdr/worktrees/morsel/issue-106-data-reliability/.agent-runs/dd-red/Build/Intermediates.noindex/EagerLinkingTBDs/Debug-iphonesimulator -F/Users/jirathip/.herdr/worktrees/morsel/issue-106-data-reliability/.agent-runs/dd-red/Build/Products/Debug-iphonesimulator/PackageFrameworks -F/Users/jirathip/.herdr/worktrees/morsel/issue-106-data-reliability/.agent-runs/dd-red/Build/Products/Debug-iphonesimulator/PackageFrameworks -F/Users/jirathip/.herdr/worktrees/morsel/issue-106-data-reliability/.agent-runs/dd-red/Build/Products/Debug-iphonesimulator/PackageFrameworks -F/Users/jirathip/.herdr/worktrees/morsel/issue-106-data-reliability/.agent-runs/dd-red/Build/Products/Debug-iphonesimulator/PackageFrameworks -F/Users/jirathip/.herdr/worktrees/morsel/issue-106-data-reliability/.agent-runs/dd-red/Build/Products/Debug-iphonesimulator/PackageFrameworks -F/Users/jirathip/.herdr/worktrees/morsel/issue-106-data-reliability/.agent-runs/dd-red/Build/Products/Debug-iphonesimulator/PackageFrameworks -F/Users/jirathip/.herdr/worktrees/morsel/issue-106-data-reliability/.agent-runs/dd-red/Build/Products/Debug-iphonesimulator/PackageFrameworks -F/Users/jirathip/.herdr/worktrees/morsel/issue-106-data-reliability/.agent-runs/dd-red/Build/Products/Debug-iphonesimulator/PackageFrameworks -F/Users/jirathip/.herdr/worktrees/morsel/issue-106-data-reliability/.agent-runs/dd-red/Build/Products/Debug-iphonesimulator/PackageFrameworks -F/Users/jirathip/.herdr/worktrees/morsel/issue-106-data-reliability/.agent-runs/dd-red/Build/Products/Debug-iphonesimulator/PackageFrameworks -F/Users/jirathip/.herdr/worktrees/morsel/issue-106-data-reliability/.agent-runs/dd-red/Build/Products/Debug-iphonesimulator/PackageFrameworks -F/Users/jirathip/.herdr/worktrees/morsel/issue-106-data-reliability/.agent-runs/dd-red/Build/Products/Debug-iphonesimulator/PackageFrameworks -F/Users/jirathip/.herdr/worktrees/morsel/issue-106-data-reliability/.agent-runs/dd-red/Build/Products/Debug-iphonesimulator/PackageFrameworks -F/Users/jirathip/.herdr/worktrees/morsel/issue-106-data-reliability/.agent-runs/dd-red/Build/Products/Debug-iphonesimulator/PackageFrameworks -F/Users/jirathip/.herdr/worktrees/morsel/issue-106-data-reliability/.agent-runs/dd-red/Build/Products/Debug-iphonesimulator -filelist /Users/jirathip/.herdr/worktrees/morsel/issue-106-data-reliability/.agent-runs/dd-red/Build/Intermediates.noindex/Morsel.build/Debug-iphonesimulator/Morsel.build/Objects-normal/arm64/Morsel.LinkFileList -install_name @rpath/Morsel.debug.dylib -Xlinker -rpath -Xlinker /usr/lib/swift -Xlinker -rpath -Xlinker /Users/jirathip/.herdr/worktrees/morsel/issue-106-data-reliability/.agent-runs/dd-red/Build/Products/Debug-iphonesimulator/PackageFrameworks -Xlinker -rpath -Xlinker @executable_path/Frameworks -Xlinker -dead_strip -Xlinker -object_path_lto -Xlinker /Users/jirathip/.herdr/worktrees/morsel/issue-106-data-reliability/.agent-runs/dd-red/Build/Intermediates.noindex/Morsel.build/Debug-iphonesimulator/Morsel.build/Objects-normal/arm64/Morsel_lto.o -rdynamic -Xlinker -no_deduplicate -Xlinker -objc_abi_version -Xlinker 2 -Xlinker -dependency_info -Xlinker /Users/jirathip/.herdr/worktrees/morsel/issue-106-data-reliability/.agent-runs/dd-red/Build/Intermediates.noindex/Morsel.build/Debug-iphonesimulator/Morsel.build/Objects-normal/arm64/Morsel_dependency_info.dat -fobjc-link-runtime -L/Applications/Xcode.app/Contents/Developer/Toolchains/XcodeDefault.xctoolchain/usr/lib/swift/iphonesimulator -L/usr/lib/swift -Xlinker -add_ast_path -Xlinker /Users/jirathip/.herdr/worktrees/morsel/issue-106-data-reliability/.agent-runs/dd-red/Build/Intermediates.noindex/Morsel.build/Debug-iphonesimulator/Morsel.build/Objects-normal/arm64/Morsel.swiftmodule @/Users/jirathip/.herdr/worktrees/morsel/issue-106-data-reliability/.agent-runs/dd-red/Build/Intermediates.noindex/Morsel.build/Debug-iphonesimulator/Morsel.build/Objects-normal/arm64/Morsel-linker-args.resp -Wl,-no_warn_duplicate_libraries -Wl,-no_warn_duplicate_libraries -Wl,-no_warn_duplicate_libraries -Wl,-no_warn_duplicate_libraries -Wl,-no_warn_duplicate_libraries -Wl,-no_warn_duplicate_libraries -Wl,-no_warn_duplicate_libraries -Wl,-no_warn_duplicate_libraries -Wl,-no_warn_duplicate_libraries -Wl,-no_warn_duplicate_libraries -Wl,-no_warn_duplicate_libraries -Wl,-no_warn_duplicate_libraries -Wl,-no_warn_duplicate_libraries -Wl,-no_warn_duplicate_libraries -Xlinker -alias -Xlinker _main -Xlinker ___debug_main_executable_dylib_entry_point -o /Users/jirathip/.herdr/worktrees/morsel/issue-106-data-reliability/.agent-runs/dd-red/Build/Products/Debug-iphonesimulator/Morsel.app/Morsel.debug.dylib -Xlinker -add_ast_path -Xlinker /Users/jirathip/.herdr/worktrees/morsel/issue-106-data-reliability/.agent-runs/dd-red/Build/Intermediates.noindex/Supabase.build/Debug-iphonesimulator/Supabase.build/Objects-normal/arm64/Supabase.swiftmodule @/Users/jirathip/.herdr/worktrees/morsel/issue-106-data-reliability/.agent-runs/dd-red/Build/Intermediates.noindex/Supabase.build/Debug-iphonesimulator/Supabase.build/Objects-normal/arm64/Supabase-linker-args.resp -Xlinker -add_ast_path -Xlinker /Users/jirathip/.herdr/worktrees/morsel/issue-106-data-reliability/.agent-runs/dd-red/Build/Intermediates.noindex/swift-concurrency-extras.build/Debug-iphonesimulator/ConcurrencyExtras.build/Objects-normal/arm64/ConcurrencyExtras.swiftmodule @/Users/jirathip/.herdr/worktrees/morsel/issue-106-data-reliability/.agent-runs/dd-red/Build/Intermediates.noindex/swift-concurrency-extras.build/Debug-iphonesimulator/ConcurrencyExtras.build/Objects-normal/arm64/ConcurrencyExtras-linker-args.resp -Xlinker -add_ast_path -Xlinker /Users/jirathip/.herdr/worktrees/morsel/issue-106-data-reliability/.agent-runs/dd-red/Build/Intermediates.noindex/swift-http-types.build/Debug-iphonesimulator/HTTPTypes.build/Objects-normal/arm64/HTTPTypes.swiftmodule @/Users/jirathip/.herdr/worktrees/morsel/issue-106-data-reliability/.agent-runs/dd-red/Build/Intermediates.noindex/swift-http-types.build/Debug-iphonesimulator/HTTPTypes.build/Objects-normal/arm64/HTTPTypes-linker-args.resp -Xlinker -add_ast_path -Xlinker /Users/jirathip/.herdr/worktrees/morsel/issue-106-data-reliability/.agent-runs/dd-red/Build/Intermediates.noindex/swift-clocks.build/Debug-iphonesimulator/Clocks.build/Objects-normal/arm64/Clocks.swiftmodule @/Users/jirathip/.herdr/worktrees/morsel/issue-106-data-reliability/.agent-runs/dd-red/Build/Intermediates.noindex/swift-clocks.build/Debug-iphonesimulator/Clocks.build/Objects-normal/arm64/Clocks-linker-args.resp -Xlinker -add_ast_path -Xlinker /Users/jirathip/.herdr/worktrees/morsel/issue-106-data-reliability/.agent-runs/dd-red/Build/Intermediates.noindex/xctest-dynamic-overlay.build/Debug-iphonesimulator/IssueReporting.build/Objects-normal/arm64/IssueReporting.swiftmodule @/Users/jirathip/.herdr/worktrees/morsel/issue-106-data-reliability/.agent-runs/dd-red/Build/Intermediates.noindex/xctest-dynamic-overlay.build/Debug-iphonesimulator/IssueReporting.build/Objects-normal/arm64/IssueReporting-linker-args.resp -Xlinker -add_ast_path -Xlinker /Users/jirathip/.herdr/worktrees/morsel/issue-106-data-reliability/.agent-runs/dd-red/Build/Intermediates.noindex/xctest-dynamic-overlay.build/Debug-iphonesimulator/XCTestDynamicOverlay.build/Objects-normal/arm64/XCTestDynamicOverlay.swiftmodule @/Users/jirathip/.herdr/worktrees/morsel/issue-106-data-reliability/.agent-runs/dd-red/Build/Intermediates.noindex/xctest-dynamic-overlay.build/Debug-iphonesimulator/XCTestDynamicOverlay.build/Objects-normal/arm64/XCTestDynamicOverlay-linker-args.resp -Xlinker -add_ast_path -Xlinker /Users/jirathip/.herdr/worktrees/morsel/issue-106-data-reliability/.agent-runs/dd-red/Build/Intermediates.noindex/Supabase.build/Debug-iphonesimulator/Helpers.build/Objects-normal/arm64/Helpers.swiftmodule @/Users/jirathip/.herdr/worktrees/morsel/issue-106-data-reliability/.agent-runs/dd-red/Build/Intermediates.noindex/Supabase.build/Debug-iphonesimulator/Helpers.build/Objects-normal/arm64/Helpers-linker-args.resp -Xlinker -add_ast_path -Xlinker /Users/jirathip/.herdr/worktrees/morsel/issue-106-data-reliability/.agent-runs/dd-red/Build/Intermediates.noindex/swift-crypto.build/Debug-iphonesimulator/Crypto.build/Objects-normal/arm64/Crypto.swiftmodule @/Users/jirathip/.herdr/worktrees/morsel/issue-106-data-reliability/.agent-runs/dd-red/Build/Intermediates.noindex/swift-crypto.build/Debug-iphonesimulator/Crypto.build/Objects-normal/arm64/Crypto-linker-args.resp -Xlinker -add_ast_path -Xlinker /Users/jirathip/.herdr/worktrees/morsel/issue-106-data-reliability/.agent-runs/dd-red/Build/Intermediates.noindex/Supabase.build/Debug-iphonesimulator/Auth.build/Objects-normal/arm64/Auth.swiftmodule @/Users/jirathip/.herdr/worktrees/morsel/issue-106-data-reliability/.agent-runs/dd-red/Build/Intermediates.noindex/Supabase.build/Debug-iphonesimulator/Auth.build/Objects-normal/arm64/Auth-linker-args.resp -Xlinker -add_ast_path -Xlinker /Users/jirathip/.herdr/worktrees/morsel/issue-106-data-reliability/.agent-runs/dd-red/Build/Intermediates.noindex/Supabase.build/Debug-iphonesimulator/Functions.build/Objects-normal/arm64/Functions.swiftmodule @/Users/jirathip/.herdr/worktrees/morsel/issue-106-data-reliability/.agent-runs/dd-red/Build/Intermediates.noindex/Supabase.build/Debug-iphonesimulator/Functions.build/Objects-normal/arm64/Functions-linker-args.resp -Xlinker -add_ast_path -Xlinker /Users/jirathip/.herdr/worktrees/morsel/issue-106-data-reliability/.agent-runs/dd-red/Build/Intermediates.noindex/Supabase.build/Debug-iphonesimulator/PostgREST.build/Objects-normal/arm64/PostgREST.swiftmodule @/Users/jirathip/.herdr/worktrees/morsel/issue-106-data-reliability/.agent-runs/dd-red/Build/Intermediates.noindex/Supabase.build/Debug-iphonesimulator/PostgREST.build/Objects-normal/arm64/PostgREST-linker-args.resp -Xlinker -add_ast_path -Xlinker /Users/jirathip/.herdr/worktrees/morsel/issue-106-data-reliability/.agent-runs/dd-red/Build/Intermediates.noindex/Supabase.build/Debug-iphonesimulator/RealtimeV2.build/Objects-normal/arm64/RealtimeV2.swiftmodule @/Users/jirathip/.herdr/worktrees/morsel/issue-106-data-reliability/.agent-runs/dd-red/Build/Intermediates.noindex/Supabase.build/Debug-iphonesimulator/RealtimeV2.build/Objects-normal/arm64/RealtimeV2-linker-args.resp -Xlinker -add_ast_path -Xlinker /Users/jirathip/.herdr/worktrees/morsel/issue-106-data-reliability/.agent-runs/dd-red/Build/Intermediates.noindex/Supabase.build/Debug-iphonesimulator/Realtime.build/Objects-normal/arm64/Realtime.swiftmodule @/Users/jirathip/.herdr/worktrees/morsel/issue-106-data-reliability/.agent-runs/dd-red/Build/Intermediates.noindex/Supabase.build/Debug-iphonesimulator/Realtime.build/Objects-normal/arm64/Realtime-linker-args.resp -Xlinker -add_ast_path -Xlinker /Users/jirathip/.herdr/worktrees/morsel/issue-106-data-reliability/.agent-runs/dd-red/Build/Intermediates.noindex/Supabase.build/Debug-iphonesimulator/Storage.build/Objects-normal/arm64/Storage.swiftmodule @/Users/jirathip/.herdr/worktrees/morsel/issue-106-data-reliability/.agent-runs/dd-red/Build/Intermediates.noindex/Supabase.build/Debug-iphonesimulator/Storage.build/Objects-normal/arm64/Storage-linker-args.resp

SwiftDriverJobDiscovery normal arm64 Emitting module for MorselTests (in target 'MorselTests' from project 'Morsel')

SwiftDriver\ Compilation\ Requirements MorselTests normal arm64 com.apple.xcode.tools.swift.compiler (in target 'MorselTests' from project 'Morsel')
    cd /Users/jirathip/.herdr/worktrees/morsel/issue-106-data-reliability/app
    builtin-Swift-Compilation-Requirements -- /Applications/Xcode.app/Contents/Developer/Toolchains/XcodeDefault.xctoolchain/usr/bin/swiftc -module-name MorselTests -Onone @/Users/jirathip/.herdr/worktrees/morsel/issue-106-data-reliability/.agent-runs/dd-red/Build/Intermediates.noindex/Morsel.build/Debug-iphonesimulator/MorselTests.build/Objects-normal/arm64/MorselTests.SwiftFileList -DDEBUG -plugin-path /Applications/Xcode.app/Contents/Developer/Toolchains/XcodeDefault.xctoolchain/usr/lib/swift/host/plugins/testing -enable-bare-slash-regex -enable-experimental-feature DebugDescriptionMacro -sdk /Applications/Xcode.app/Contents/Developer/Platforms/iPhoneSimulator.platform/Developer/SDKs/iPhoneSimulator26.5.sdk -target arm64-apple-ios17.0-simulator -g -module-cache-path /Users/jirathip/.herdr/worktrees/morsel/issue-106-data-reliability/.agent-runs/dd-red/ModuleCache.noindex -Xfrontend -serialize-debugging-options -enable-testing -index-store-path /Users/jirathip/.herdr/worktrees/morsel/issue-106-data-reliability/.agent-runs/dd-red/Index.noindex/DataStore -Xcc -D_LIBCPP_HARDENING_MODE\=_LIBCPP_HARDENING_MODE_DEBUG -swift-version 5 -I /Users/jirathip/.herdr/worktrees/morsel/issue-106-data-reliability/.agent-runs/dd-red/Build/Products/Debug-iphonesimulator -Isystem /Applications/Xcode.app/Contents/Developer/Platforms/iPhoneSimulator.platform/Developer/usr/lib -F /Users/jirathip/.herdr/worktrees/morsel/issue-106-data-reliability/.agent-runs/dd-red/Build/Products/Debug-iphonesimulator/PackageFrameworks -F /Users/jirathip/.herdr/worktrees/morsel/issue-106-data-reliability/.agent-runs/dd-red/Build/Products/Debug-iphonesimulator/PackageFrameworks -F /Users/jirathip/.herdr/worktrees/morsel/issue-106-data-reliability/.agent-runs/dd-red/Build/Products/Debug-iphonesimulator/PackageFrameworks -F /Users/jirathip/.herdr/worktrees/morsel/issue-106-data-reliability/.agent-runs/dd-red/Build/Products/Debug-iphonesimulator/PackageFrameworks -F /Users/jirathip/.herdr/worktrees/morsel/issue-106-data-reliability/.agent-runs/dd-red/Build/Products/Debug-iphonesimulator/PackageFrameworks -F /Users/jirathip/.herdr/worktrees/morsel/issue-106-data-reliability/.agent-runs/dd-red/Build/Products/Debug-iphonesimulator/PackageFrameworks -F /Users/jirathip/.herdr/worktrees/morsel/issue-106-data-reliability/.agent-runs/dd-red/Build/Products/Debug-iphonesimulator/PackageFrameworks -F /Users/jirathip/.herdr/worktrees/morsel/issue-106-data-reliability/.agent-runs/dd-red/Build/Products/Debug-iphonesimulator/PackageFrameworks -F /Users/jirathip/.herdr/worktrees/morsel/issue-106-data-reliability/.agent-runs/dd-red/Build/Products/Debug-iphonesimulator/PackageFrameworks -F /Users/jirathip/.herdr/worktrees/morsel/issue-106-data-reliability/.agent-runs/dd-red/Build/Products/Debug-iphonesimulator/PackageFrameworks -F /Users/jirathip/.herdr/worktrees/morsel/issue-106-data-reliability/.agent-runs/dd-red/Build/Products/Debug-iphonesimulator/PackageFrameworks -F /Users/jirathip/.herdr/worktrees/morsel/issue-106-data-reliability/.agent-runs/dd-red/Build/Products/Debug-iphonesimulator/PackageFrameworks -F /Users/jirathip/.herdr/worktrees/morsel/issue-106-data-reliability/.agent-runs/dd-red/Build/Products/Debug-iphonesimulator/PackageFrameworks -F /Users/jirathip/.herdr/worktrees/morsel/issue-106-data-reliability/.agent-runs/dd-red/Build/Products/Debug-iphonesimulator/PackageFrameworks -F /Users/jirathip/.herdr/worktrees/morsel/issue-106-data-reliability/.agent-runs/dd-red/Build/Products/Debug-iphonesimulator -F /Applications/Xcode.app/Contents/Developer/Platforms/iPhoneSimulator.platform/Developer/Library/Frameworks -F /Applications/Xcode.app/Contents/Developer/Platforms/iPhoneSimulator.platform/Developer/SDKs/iPhoneSimulator26.5.sdk/Developer/Library/Frameworks -c -j10 -enable-batch-mode -incremental -Xcc -ivfsstatcache -Xcc /Users/jirathip/.herdr/worktrees/morsel/issue-106-data-reliability/.agent-runs/dd-red/SDKStatCaches.noindex/iphonesimulator26.5-23F81a-6cfe768891a92b912361537c460fe42b.sdkstatcache -output-file-map /Users/jirathip/.herdr/worktrees/morsel/issue-106-data-reliability/.agent-runs/dd-red/Build/Intermediates.noindex/Morsel.build/Debug-iphonesimulator/MorselTests.build/Objects-normal/arm64/MorselTests-OutputFileMap.json -use-frontend-parseable-output -save-temps -no-color-diagnostics -explicit-module-build -module-cache-path /Users/jirathip/.herdr/worktrees/morsel/issue-106-data-reliability/.agent-runs/dd-red/Build/Intermediates.noindex/SwiftExplicitPrecompiledModules -clang-scanner-module-cache-path /Users/jirathip/.herdr/worktrees/morsel/issue-106-data-reliability/.agent-runs/dd-red/ModuleCache.noindex -sdk-module-cache-path /Users/jirathip/.herdr/worktrees/morsel/issue-106-data-reliability/.agent-runs/dd-red/ModuleCache.noindex -serialize-diagnostics -emit-dependencies -emit-module -emit-module-path /Users/jirathip/.herdr/worktrees/morsel/issue-106-data-reliability/.agent-runs/dd-red/Build/Intermediates.noindex/Morsel.build/Debug-iphonesimulator/MorselTests.build/Objects-normal/arm64/MorselTests.swiftmodule -validate-clang-modules-once -clang-build-session-file /Users/jirathip/.herdr/worktrees/morsel/issue-106-data-reliability/.agent-runs/dd-red/ModuleCache.noindex/Session.modulevalidation -Xcc -I/Users/jirathip/.herdr/worktrees/morsel/issue-106-data-reliability/.agent-runs/dd-red/Build/Intermediates.noindex/Morsel.build/Debug-iphonesimulator/MorselTests.build/swift-overrides.hmap -emit-const-values -Xfrontend -const-gather-protocols-file -Xfrontend /Users/jirathip/.herdr/worktrees/morsel/issue-106-data-reliability/.agent-runs/dd-red/Build/Intermediates.noindex/Morsel.build/Debug-iphonesimulator/MorselTests.build/Objects-normal/arm64/MorselTests_const_extract_protocols.json -Xcc -iquote -Xcc /Users/jirathip/.herdr/worktrees/morsel/issue-106-data-reliability/.agent-runs/dd-red/Build/Intermediates.noindex/Morsel.build/Debug-iphonesimulator/MorselTests.build/MorselTests-generated-files.hmap -Xcc -I/Users/jirathip/.herdr/worktrees/morsel/issue-106-data-reliability/.agent-runs/dd-red/Build/Intermediates.noindex/Morsel.build/Debug-iphonesimulator/MorselTests.build/MorselTests-own-target-headers.hmap -Xcc -I/Users/jirathip/.herdr/worktrees/morsel/issue-106-data-reliability/.agent-runs/dd-red/Build/Intermediates.noindex/Morsel.build/Debug-iphonesimulator/MorselTests.build/MorselTests-all-non-framework-target-headers.hmap -Xcc -ivfsoverlay -Xcc /Users/jirathip/.herdr/worktrees/morsel/issue-106-data-reliability/.agent-runs/dd-red/Build/Intermediates.noindex/Morsel.build/Debug-iphonesimulator/Morsel-17248c3624f98dc6f156c39ec7fad702-VFS-iphonesimulator/all-product-headers.yaml -Xcc -iquote -Xcc /Users/jirathip/.herdr/worktrees/morsel/issue-106-data-reliability/.agent-runs/dd-red/Build/Intermediates.noindex/Morsel.build/Debug-iphonesimulator/MorselTests.build/MorselTests-project-headers.hmap -Xcc -I/Users/jirathip/.herdr/worktrees/morsel/issue-106-data-reliability/.agent-runs/dd-red/Build/Products/Debug-iphonesimulator/include -Xcc -I/Users/jirathip/.herdr/worktrees/morsel/issue-106-data-reliability/.agent-runs/dd-red/Build/Intermediates.noindex/Morsel.build/Debug-iphonesimulator/MorselTests.build/DerivedSources-normal/arm64 -Xcc -I/Users/jirathip/.herdr/worktrees/morsel/issue-106-data-reliability/.agent-runs/dd-red/Build/Intermediates.noindex/Morsel.build/Debug-iphonesimulator/MorselTests.build/DerivedSources/arm64 -Xcc -I/Users/jirathip/.herdr/worktrees/morsel/issue-106-data-reliability/.agent-runs/dd-red/Build/Intermediates.noindex/Morsel.build/Debug-iphonesimulator/MorselTests.build/DerivedSources -Xcc -DDEBUG\=1 -emit-objc-header -emit-objc-header-path /Users/jirathip/.herdr/worktrees/morsel/issue-106-data-reliability/.agent-runs/dd-red/Build/Intermediates.noindex/Morsel.build/Debug-iphonesimulator/MorselTests.build/Objects-normal/arm64/MorselTests-Swift.h -working-directory /Users/jirathip/.herdr/worktrees/morsel/issue-106-data-reliability/app -experimental-emit-module-separately -disable-cmo

SwiftDriverJobDiscovery normal arm64 Compiling JournalFollowUpTests.swift (in target 'MorselTests' from project 'Morsel')

SwiftCompile normal arm64 Compiling\ WeightImportTests.swift /Users/jirathip/.herdr/worktrees/morsel/issue-106-data-reliability/app/Tests/MorselTests/WeightImportTests.swift (in target 'MorselTests' from project 'Morsel')
SwiftCompile normal arm64 /Users/jirathip/.herdr/worktrees/morsel/issue-106-data-reliability/app/Tests/MorselTests/WeightImportTests.swift (in target 'MorselTests' from project 'Morsel')
    cd /Users/jirathip/.herdr/worktrees/morsel/issue-106-data-reliability/app


SwiftDriverJobDiscovery normal arm64 Compiling AddMealReliabilityRegressionTests.swift, AppearanceThemeTests.swift (in target 'MorselTests' from project 'Morsel')

SwiftMergeGeneratedHeaders /Users/jirathip/.herdr/worktrees/morsel/issue-106-data-reliability/.agent-runs/dd-red/Build/Intermediates.noindex/Morsel.build/Debug-iphonesimulator/MorselTests.build/DerivedSources/MorselTests-Swift.h /Users/jirathip/.herdr/worktrees/morsel/issue-106-data-reliability/.agent-runs/dd-red/Build/Intermediates.noindex/Morsel.build/Debug-iphonesimulator/MorselTests.build/Objects-normal/arm64/MorselTests-Swift.h (in target 'MorselTests' from project 'Morsel')
    cd /Users/jirathip/.herdr/worktrees/morsel/issue-106-data-reliability/app
    builtin-swiftHeaderTool -arch arm64 /Users/jirathip/.herdr/worktrees/morsel/issue-106-data-reliability/.agent-runs/dd-red/Build/Intermediates.noindex/Morsel.build/Debug-iphonesimulator/MorselTests.build/Objects-normal/arm64/MorselTests-Swift.h -o /Users/jirathip/.herdr/worktrees/morsel/issue-106-data-reliability/.agent-runs/dd-red/Build/Intermediates.noindex/Morsel.build/Debug-iphonesimulator/MorselTests.build/DerivedSources/MorselTests-Swift.h

Copy /Users/jirathip/.herdr/worktrees/morsel/issue-106-data-reliability/.agent-runs/dd-red/Build/Products/Debug-iphonesimulator/MorselTests.swiftmodule/arm64-apple-ios-simulator.swiftmodule /Users/jirathip/.herdr/worktrees/morsel/issue-106-data-reliability/.agent-runs/dd-red/Build/Intermediates.noindex/Morsel.build/Debug-iphonesimulator/MorselTests.build/Objects-normal/arm64/MorselTests.swiftmodule (in target 'MorselTests' from project 'Morsel')
    cd /Users/jirathip/.herdr/worktrees/morsel/issue-106-data-reliability/app
    builtin-copy -exclude .DS_Store -exclude CVS -exclude .svn -exclude .git -exclude .hg -resolve-src-symlinks -rename /Users/jirathip/.herdr/worktrees/morsel/issue-106-data-reliability/.agent-runs/dd-red/Build/Intermediates.noindex/Morsel.build/Debug-iphonesimulator/MorselTests.build/Objects-normal/arm64/MorselTests.swiftmodule /Users/jirathip/.herdr/worktrees/morsel/issue-106-data-reliability/.agent-runs/dd-red/Build/Products/Debug-iphonesimulator/MorselTests.swiftmodule/arm64-apple-ios-simulator.swiftmodule

Copy /Users/jirathip/.herdr/worktrees/morsel/issue-106-data-reliability/.agent-runs/dd-red/Build/Products/Debug-iphonesimulator/MorselTests.swiftmodule/arm64-apple-ios-simulator.swiftdoc /Users/jirathip/.herdr/worktrees/morsel/issue-106-data-reliability/.agent-runs/dd-red/Build/Intermediates.noindex/Morsel.build/Debug-iphonesimulator/MorselTests.build/Objects-normal/arm64/MorselTests.swiftdoc (in target 'MorselTests' from project 'Morsel')
    cd /Users/jirathip/.herdr/worktrees/morsel/issue-106-data-reliability/app
    builtin-copy -exclude .DS_Store -exclude CVS -exclude .svn -exclude .git -exclude .hg -resolve-src-symlinks -rename /Users/jirathip/.herdr/worktrees/morsel/issue-106-data-reliability/.agent-runs/dd-red/Build/Intermediates.noindex/Morsel.build/Debug-iphonesimulator/MorselTests.build/Objects-normal/arm64/MorselTests.swiftdoc /Users/jirathip/.herdr/worktrees/morsel/issue-106-data-reliability/.agent-runs/dd-red/Build/Products/Debug-iphonesimulator/MorselTests.swiftmodule/arm64-apple-ios-simulator.swiftdoc

Copy /Users/jirathip/.herdr/worktrees/morsel/issue-106-data-reliability/.agent-runs/dd-red/Build/Products/Debug-iphonesimulator/MorselTests.swiftmodule/arm64-apple-ios-simulator.abi.json /Users/jirathip/.herdr/worktrees/morsel/issue-106-data-reliability/.agent-runs/dd-red/Build/Intermediates.noindex/Morsel.build/Debug-iphonesimulator/MorselTests.build/Objects-normal/arm64/MorselTests.abi.json (in target 'MorselTests' from project 'Morsel')
    cd /Users/jirathip/.herdr/worktrees/morsel/issue-106-data-reliability/app
    builtin-copy -exclude .DS_Store -exclude CVS -exclude .svn -exclude .git -exclude .hg -resolve-src-symlinks -rename /Users/jirathip/.herdr/worktrees/morsel/issue-106-data-reliability/.agent-runs/dd-red/Build/Intermediates.noindex/Morsel.build/Debug-iphonesimulator/MorselTests.build/Objects-normal/arm64/MorselTests.abi.json /Users/jirathip/.herdr/worktrees/morsel/issue-106-data-reliability/.agent-runs/dd-red/Build/Products/Debug-iphonesimulator/MorselTests.swiftmodule/arm64-apple-ios-simulator.abi.json

Copy /Users/jirathip/.herdr/worktrees/morsel/issue-106-data-reliability/.agent-runs/dd-red/Build/Products/Debug-iphonesimulator/MorselTests.swiftmodule/Project/arm64-apple-ios-simulator.swiftsourceinfo /Users/jirathip/.herdr/worktrees/morsel/issue-106-data-reliability/.agent-runs/dd-red/Build/Intermediates.noindex/Morsel.build/Debug-iphonesimulator/MorselTests.build/Objects-normal/arm64/MorselTests.swiftsourceinfo (in target 'MorselTests' from project 'Morsel')
    cd /Users/jirathip/.herdr/worktrees/morsel/issue-106-data-reliability/app
    builtin-copy -exclude .DS_Store -exclude CVS -exclude .svn -exclude .git -exclude .hg -resolve-src-symlinks -rename /Users/jirathip/.herdr/worktrees/morsel/issue-106-data-reliability/.agent-runs/dd-red/Build/Intermediates.noindex/Morsel.build/Debug-iphonesimulator/MorselTests.build/Objects-normal/arm64/MorselTests.swiftsourceinfo /Users/jirathip/.herdr/worktrees/morsel/issue-106-data-reliability/.agent-runs/dd-red/Build/Products/Debug-iphonesimulator/MorselTests.swiftmodule/Project/arm64-apple-ios-simulator.swiftsourceinfo

SwiftDriverJobDiscovery normal arm64 Compiling DashboardMathTests.swift (in target 'MorselTests' from project 'Morsel')

SwiftDriverJobDiscovery normal arm64 Compiling JournalSemanticsTests.swift (in target 'MorselTests' from project 'Morsel')

SwiftDriverJobDiscovery normal arm64 Compiling HealthSyncCopyTests.swift (in target 'MorselTests' from project 'Morsel')

SwiftDriverJobDiscovery normal arm64 Compiling MealCorrectionsTests.swift (in target 'MorselTests' from project 'Morsel')

SwiftDriverJobDiscovery normal arm64 Compiling OnboardingTests.swift (in target 'MorselTests' from project 'Morsel')

SwiftDriverJobDiscovery normal arm64 Compiling MealCaptureTests.swift (in target 'MorselTests' from project 'Morsel')

ConstructStubExecutorLinkFileList /Users/jirathip/.herdr/worktrees/morsel/issue-106-data-reliability/.agent-runs/dd-red/Build/Intermediates.noindex/Morsel.build/Debug-iphonesimulator/Morsel.build/Morsel-ExecutorLinkFileList-normal-arm64.txt (in target 'Morsel' from project 'Morsel')
    cd /Users/jirathip/.herdr/worktrees/morsel/issue-106-data-reliability/app
    construct-stub-executor-link-file-list /Users/jirathip/.herdr/worktrees/morsel/issue-106-data-reliability/.agent-runs/dd-red/Build/Products/Debug-iphonesimulator/Morsel.app/Morsel.debug.dylib /Applications/Xcode.app/Contents/Developer/Platforms/iPhoneSimulator.platform/Developer/usr/lib/libPreviewsJITStubExecutor_no_swift_entry_point.a /Applications/Xcode.app/Contents/Developer/Platforms/iPhoneSimulator.platform/Developer/usr/lib/libPreviewsJITStubExecutor.a --output /Users/jirathip/.herdr/worktrees/morsel/issue-106-data-reliability/.agent-runs/dd-red/Build/Intermediates.noindex/Morsel.build/Debug-iphonesimulator/Morsel.build/Morsel-ExecutorLinkFileList-normal-arm64.txt
note: Using stub executor library with Swift entry point. (in target 'Morsel' from project 'Morsel')

Ld /Users/jirathip/.herdr/worktrees/morsel/issue-106-data-reliability/.agent-runs/dd-red/Build/Products/Debug-iphonesimulator/Morsel.app/Morsel normal (in target 'Morsel' from project 'Morsel')
    cd /Users/jirathip/.herdr/worktrees/morsel/issue-106-data-reliability/app
    /Applications/Xcode.app/Contents/Developer/Toolchains/XcodeDefault.xctoolchain/usr/bin/clang -Xlinker -reproducible -target arm64-apple-ios17.0-simulator -isysroot /Applications/Xcode.app/Contents/Developer/Platforms/iPhoneSimulator.platform/Developer/SDKs/iPhoneSimulator26.5.sdk -O0 -L/Users/jirathip/.herdr/worktrees/morsel/issue-106-data-reliability/.agent-runs/dd-red/Build/Products/Debug-iphonesimulator -F/Users/jirathip/.herdr/worktrees/morsel/issue-106-data-reliability/.agent-runs/dd-red/Build/Products/Debug-iphonesimulator/PackageFrameworks -F/Users/jirathip/.herdr/worktrees/morsel/issue-106-data-reliability/.agent-runs/dd-red/Build/Products/Debug-iphonesimulator/PackageFrameworks -F/Users/jirathip/.herdr/worktrees/morsel/issue-106-data-reliability/.agent-runs/dd-red/Build/Products/Debug-iphonesimulator/PackageFrameworks -F/Users/jirathip/.herdr/worktrees/morsel/issue-106-data-reliability/.agent-runs/dd-red/Build/Products/Debug-iphonesimulator/PackageFrameworks -F/Users/jirathip/.herdr/worktrees/morsel/issue-106-data-reliability/.agent-runs/dd-red/Build/Products/Debug-iphonesimulator/PackageFrameworks -F/Users/jirathip/.herdr/worktrees/morsel/issue-106-data-reliability/.agent-runs/dd-red/Build/Products/Debug-iphonesimulator/PackageFrameworks -F/Users/jirathip/.herdr/worktrees/morsel/issue-106-data-reliability/.agent-runs/dd-red/Build/Products/Debug-iphonesimulator/PackageFrameworks -F/Users/jirathip/.herdr/worktrees/morsel/issue-106-data-reliability/.agent-runs/dd-red/Build/Products/Debug-iphonesimulator/PackageFrameworks -F/Users/jirathip/.herdr/worktrees/morsel/issue-106-data-reliability/.agent-runs/dd-red/Build/Products/Debug-iphonesimulator/PackageFrameworks -F/Users/jirathip/.herdr/worktrees/morsel/issue-106-data-reliability/.agent-runs/dd-red/Build/Products/Debug-iphonesimulator/PackageFrameworks -F/Users/jirathip/.herdr/worktrees/morsel/issue-106-data-reliability/.agent-runs/dd-red/Build/Products/Debug-iphonesimulator/PackageFrameworks -F/Users/jirathip/.herdr/worktrees/morsel/issue-106-data-reliability/.agent-runs/dd-red/Build/Products/Debug-iphonesimulator/PackageFrameworks -F/Users/jirathip/.herdr/worktrees/morsel/issue-106-data-reliability/.agent-runs/dd-red/Build/Products/Debug-iphonesimulator/PackageFrameworks -F/Users/jirathip/.herdr/worktrees/morsel/issue-106-data-reliability/.agent-runs/dd-red/Build/Products/Debug-iphonesimulator/PackageFrameworks -F/Users/jirathip/.herdr/worktrees/morsel/issue-106-data-reliability/.agent-runs/dd-red/Build/Products/Debug-iphonesimulator -Xlinker -rpath -Xlinker @executable_path -Xlinker -rpath -Xlinker /Users/jirathip/.herdr/worktrees/morsel/issue-106-data-reliability/.agent-runs/dd-red/Build/Products/Debug-iphonesimulator/PackageFrameworks -Xlinker -rpath -Xlinker @executable_path/Frameworks -rdynamic -Xlinker -no_deduplicate -Xlinker -objc_abi_version -Xlinker 2 -e ___debug_blank_executor_main -Xlinker -sectcreate -Xlinker __TEXT -Xlinker __debug_dylib -Xlinker /Users/jirathip/.herdr/worktrees/morsel/issue-106-data-reliability/.agent-runs/dd-red/Build/Intermediates.noindex/Morsel.build/Debug-iphonesimulator/Morsel.build/Morsel-DebugDylibPath-normal-arm64.txt -Xlinker -sectcreate -Xlinker __TEXT -Xlinker __debug_instlnm -Xlinker /Users/jirathip/.herdr/worktrees/morsel/issue-106-data-reliability/.agent-runs/dd-red/Build/Intermediates.noindex/Morsel.build/Debug-iphonesimulator/Morsel.build/Morsel-DebugDylibInstallName-normal-arm64.txt -Xlinker -filelist -Xlinker /Users/jirathip/.herdr/worktrees/morsel/issue-106-data-reliability/.agent-runs/dd-red/Build/Intermediates.noindex/Morsel.build/Debug-iphonesimulator/Morsel.build/Morsel-ExecutorLinkFileList-normal-arm64.txt /Users/jirathip/.herdr/worktrees/morsel/issue-106-data-reliability/.agent-runs/dd-red/Build/Products/Debug-iphonesimulator/Morsel.app/Morsel.debug.dylib -o /Users/jirathip/.herdr/worktrees/morsel/issue-106-data-reliability/.agent-runs/dd-red/Build/Products/Debug-iphonesimulator/Morsel.app/Morsel

SwiftDriverJobDiscovery normal arm64 Compiling GoalsEditorTests.swift (in target 'MorselTests' from project 'Morsel')

CopySwiftLibs /Users/jirathip/.herdr/worktrees/morsel/issue-106-data-reliability/.agent-runs/dd-red/Build/Products/Debug-iphonesimulator/Morsel.app (in target 'Morsel' from project 'Morsel')
    cd /Users/jirathip/.herdr/worktrees/morsel/issue-106-data-reliability/app
    builtin-swiftStdLibTool --copy --verbose --scan-executable /Users/jirathip/.herdr/worktrees/morsel/issue-106-data-reliability/.agent-runs/dd-red/Build/Products/Debug-iphonesimulator/Morsel.app/Morsel.debug.dylib --scan-folder /Users/jirathip/.herdr/worktrees/morsel/issue-106-data-reliability/.agent-runs/dd-red/Build/Products/Debug-iphonesimulator/Morsel.app/Frameworks --scan-folder /Users/jirathip/.herdr/worktrees/morsel/issue-106-data-reliability/.agent-runs/dd-red/Build/Products/Debug-iphonesimulator/Morsel.app/PlugIns --scan-folder /Users/jirathip/.herdr/worktrees/morsel/issue-106-data-reliability/.agent-runs/dd-red/Build/Products/Debug-iphonesimulator/Morsel.app/SystemExtensions --scan-folder /Users/jirathip/.herdr/worktrees/morsel/issue-106-data-reliability/.agent-runs/dd-red/Build/Products/Debug-iphonesimulator/Morsel.app/Extensions --platform iphonesimulator --toolchain /Applications/Xcode.app/Contents/Developer/Toolchains/XcodeDefault.xctoolchain --destination /Users/jirathip/.herdr/worktrees/morsel/issue-106-data-reliability/.agent-runs/dd-red/Build/Products/Debug-iphonesimulator/Morsel.app/Frameworks --strip-bitcode --strip-bitcode-tool /Applications/Xcode.app/Contents/Developer/Toolchains/XcodeDefault.xctoolchain/usr/bin/bitcode_strip --emit-dependency-info /Users/jirathip/.herdr/worktrees/morsel/issue-106-data-reliability/.agent-runs/dd-red/Build/Intermediates.noindex/Morsel.build/Debug-iphonesimulator/Morsel.build/SwiftStdLibToolInputDependencies.dep --filter-for-swift-os
Ignoring --strip-bitcode because --sign was not passed

ExtractAppIntentsMetadata (in target 'Morsel' from project 'Morsel')
    cd /Users/jirathip/.herdr/worktrees/morsel/issue-106-data-reliability/app
    /Applications/Xcode.app/Contents/Developer/Toolchains/XcodeDefault.xctoolchain/usr/bin/appintentsmetadataprocessor --toolchain-dir /Applications/Xcode.app/Contents/Developer/Toolchains/XcodeDefault.xctoolchain --module-name Morsel --sdk-root /Applications/Xcode.app/Contents/Developer/Platforms/iPhoneSimulator.platform/Developer/SDKs/iPhoneSimulator26.5.sdk --xcode-version 17F113 --platform-family iOS --deployment-target 17.0 --bundle-identifier com.jirathip.morsel --output /Users/jirathip/.herdr/worktrees/morsel/issue-106-data-reliability/.agent-runs/dd-red/Build/Products/Debug-iphonesimulator/Morsel.app --target-triple arm64-apple-ios17.0-simulator --binary-file /Users/jirathip/.herdr/worktrees/morsel/issue-106-data-reliability/.agent-runs/dd-red/Build/Products/Debug-iphonesimulator/Morsel.app/Morsel --dependency-file /Users/jirathip/.herdr/worktrees/morsel/issue-106-data-reliability/.agent-runs/dd-red/Build/Intermediates.noindex/Morsel.build/Debug-iphonesimulator/Morsel.build/Objects-normal/arm64/Morsel_dependency_info.dat --stringsdata-file /Users/jirathip/.herdr/worktrees/morsel/issue-106-data-reliability/.agent-runs/dd-red/Build/Intermediates.noindex/Morsel.build/Debug-iphonesimulator/Morsel.build/Objects-normal/arm64/ExtractedAppShortcutsMetadata.stringsdata --source-file-list /Users/jirathip/.herdr/worktrees/morsel/issue-106-data-reliability/.agent-runs/dd-red/Build/Intermediates.noindex/Morsel.build/Debug-iphonesimulator/Morsel.build/Objects-normal/arm64/Morsel.SwiftFileList --metadata-file-list /Users/jirathip/.herdr/worktrees/morsel/issue-106-data-reliability/.agent-runs/dd-red/Build/Intermediates.noindex/Morsel.build/Debug-iphonesimulator/Morsel.build/Morsel.DependencyMetadataFileList --static-metadata-file-list /Users/jirathip/.herdr/worktrees/morsel/issue-106-data-reliability/.agent-runs/dd-red/Build/Intermediates.noindex/Morsel.build/Debug-iphonesimulator/Morsel.build/Morsel.DependencyStaticMetadataFileList --swift-const-vals-list /Users/jirathip/.herdr/worktrees/morsel/issue-106-data-reliability/.agent-runs/dd-red/Build/Intermediates.noindex/Morsel.build/Debug-iphonesimulator/Morsel.build/Objects-normal/arm64/Morsel.SwiftConstValuesFileList --compile-time-extraction --deployment-aware-processing --validate-assistant-intents --no-app-shortcuts-localization
2026-09-05 02:01:40.677 appintentsmetadataprocessor[99121:17487316] Starting appintentsmetadataprocessor export
2026-09-05 02:01:40.690 appintentsmetadataprocessor[99121:17487316] warning: Metadata extraction skipped. No AppIntents.framework dependency found.

AppIntentsSSUTraining (in target 'Morsel' from project 'Morsel')
    cd /Users/jirathip/.herdr/worktrees/morsel/issue-106-data-reliability/app
    /Applications/Xcode.app/Contents/Developer/Toolchains/XcodeDefault.xctoolchain/usr/bin/appintentsnltrainingprocessor --infoplist-path /Users/jirathip/.herdr/worktrees/morsel/issue-106-data-reliability/.agent-runs/dd-red/Build/Products/Debug-iphonesimulator/Morsel.app/Info.plist --temp-dir-path /Users/jirathip/.herdr/worktrees/morsel/issue-106-data-reliability/.agent-runs/dd-red/Build/Intermediates.noindex/Morsel.build/Debug-iphonesimulator/Morsel.build/ssu --bundle-id com.jirathip.morsel --product-path /Users/jirathip/.herdr/worktrees/morsel/issue-106-data-reliability/.agent-runs/dd-red/Build/Products/Debug-iphonesimulator/Morsel.app --extracted-metadata-path /Users/jirathip/.herdr/worktrees/morsel/issue-106-data-reliability/.agent-runs/dd-red/Build/Products/Debug-iphonesimulator/Morsel.app/Metadata.appintents --metadata-file-list /Users/jirathip/.herdr/worktrees/morsel/issue-106-data-reliability/.agent-runs/dd-red/Build/Intermediates.noindex/Morsel.build/Debug-iphonesimulator/Morsel.build/Morsel.DependencyMetadataFileList --source-file /Users/jirathip/.herdr/worktrees/morsel/issue-106-data-reliability/.agent-runs/dd-red/Build/Products/Debug-iphonesimulator/Morsel.app/Info.plist --archive-ssu-assets
2026-09-05 02:01:40.736 appintentsnltrainingprocessor[99122:17487324] Parsing options for appintentsnltrainingprocessor
2026-09-05 02:01:40.737 appintentsnltrainingprocessor[99122:17487324] Starting AppIntents SSU YAML Generation
2026-09-05 02:01:40.740 appintentsnltrainingprocessor[99122:17487324] No AppShortcuts found - Skipping.

SwiftDriverJobDiscovery normal arm64 Compiling WeightImportTests.swift (in target 'MorselTests' from project 'Morsel')

SwiftDriver\ Compilation MorselTests normal arm64 com.apple.xcode.tools.swift.compiler (in target 'MorselTests' from project 'Morsel')
    cd /Users/jirathip/.herdr/worktrees/morsel/issue-106-data-reliability/app
    builtin-Swift-Compilation -- /Applications/Xcode.app/Contents/Developer/Toolchains/XcodeDefault.xctoolchain/usr/bin/swiftc -module-name MorselTests -Onone @/Users/jirathip/.herdr/worktrees/morsel/issue-106-data-reliability/.agent-runs/dd-red/Build/Intermediates.noindex/Morsel.build/Debug-iphonesimulator/MorselTests.build/Objects-normal/arm64/MorselTests.SwiftFileList -DDEBUG -plugin-path /Applications/Xcode.app/Contents/Developer/Toolchains/XcodeDefault.xctoolchain/usr/lib/swift/host/plugins/testing -enable-bare-slash-regex -enable-experimental-feature DebugDescriptionMacro -sdk /Applications/Xcode.app/Contents/Developer/Platforms/iPhoneSimulator.platform/Developer/SDKs/iPhoneSimulator26.5.sdk -target arm64-apple-ios17.0-simulator -g -module-cache-path /Users/jirathip/.herdr/worktrees/morsel/issue-106-data-reliability/.agent-runs/dd-red/ModuleCache.noindex -Xfrontend -serialize-debugging-options -enable-testing -index-store-path /Users/jirathip/.herdr/worktrees/morsel/issue-106-data-reliability/.agent-runs/dd-red/Index.noindex/DataStore -Xcc -D_LIBCPP_HARDENING_MODE\=_LIBCPP_HARDENING_MODE_DEBUG -swift-version 5 -I /Users/jirathip/.herdr/worktrees/morsel/issue-106-data-reliability/.agent-runs/dd-red/Build/Products/Debug-iphonesimulator -Isystem /Applications/Xcode.app/Contents/Developer/Platforms/iPhoneSimulator.platform/Developer/usr/lib -F /Users/jirathip/.herdr/worktrees/morsel/issue-106-data-reliability/.agent-runs/dd-red/Build/Products/Debug-iphonesimulator/PackageFrameworks -F /Users/jirathip/.herdr/worktrees/morsel/issue-106-data-reliability/.agent-runs/dd-red/Build/Products/Debug-iphonesimulator/PackageFrameworks -F /Users/jirathip/.herdr/worktrees/morsel/issue-106-data-reliability/.agent-runs/dd-red/Build/Products/Debug-iphonesimulator/PackageFrameworks -F /Users/jirathip/.herdr/worktrees/morsel/issue-106-data-reliability/.agent-runs/dd-red/Build/Products/Debug-iphonesimulator/PackageFrameworks -F /Users/jirathip/.herdr/worktrees/morsel/issue-106-data-reliability/.agent-runs/dd-red/Build/Products/Debug-iphonesimulator/PackageFrameworks -F /Users/jirathip/.herdr/worktrees/morsel/issue-106-data-reliability/.agent-runs/dd-red/Build/Products/Debug-iphonesimulator/PackageFrameworks -F /Users/jirathip/.herdr/worktrees/morsel/issue-106-data-reliability/.agent-runs/dd-red/Build/Products/Debug-iphonesimulator/PackageFrameworks -F /Users/jirathip/.herdr/worktrees/morsel/issue-106-data-reliability/.agent-runs/dd-red/Build/Products/Debug-iphonesimulator/PackageFrameworks -F /Users/jirathip/.herdr/worktrees/morsel/issue-106-data-reliability/.agent-runs/dd-red/Build/Products/Debug-iphonesimulator/PackageFrameworks -F /Users/jirathip/.herdr/worktrees/morsel/issue-106-data-reliability/.agent-runs/dd-red/Build/Products/Debug-iphonesimulator/PackageFrameworks -F /Users/jirathip/.herdr/worktrees/morsel/issue-106-data-reliability/.agent-runs/dd-red/Build/Products/Debug-iphonesimulator/PackageFrameworks -F /Users/jirathip/.herdr/worktrees/morsel/issue-106-data-reliability/.agent-runs/dd-red/Build/Products/Debug-iphonesimulator/PackageFrameworks -F /Users/jirathip/.herdr/worktrees/morsel/issue-106-data-reliability/.agent-runs/dd-red/Build/Products/Debug-iphonesimulator/PackageFrameworks -F /Users/jirathip/.herdr/worktrees/morsel/issue-106-data-reliability/.agent-runs/dd-red/Build/Products/Debug-iphonesimulator/PackageFrameworks -F /Users/jirathip/.herdr/worktrees/morsel/issue-106-data-reliability/.agent-runs/dd-red/Build/Products/Debug-iphonesimulator -F /Applications/Xcode.app/Contents/Developer/Platforms/iPhoneSimulator.platform/Developer/Library/Frameworks -F /Applications/Xcode.app/Contents/Developer/Platforms/iPhoneSimulator.platform/Developer/SDKs/iPhoneSimulator26.5.sdk/Developer/Library/Frameworks -c -j10 -enable-batch-mode -incremental -Xcc -ivfsstatcache -Xcc /Users/jirathip/.herdr/worktrees/morsel/issue-106-data-reliability/.agent-runs/dd-red/SDKStatCaches.noindex/iphonesimulator26.5-23F81a-6cfe768891a92b912361537c460fe42b.sdkstatcache -output-file-map /Users/jirathip/.herdr/worktrees/morsel/issue-106-data-reliability/.agent-runs/dd-red/Build/Intermediates.noindex/Morsel.build/Debug-iphonesimulator/MorselTests.build/Objects-normal/arm64/MorselTests-OutputFileMap.json -use-frontend-parseable-output -save-temps -no-color-diagnostics -explicit-module-build -module-cache-path /Users/jirathip/.herdr/worktrees/morsel/issue-106-data-reliability/.agent-runs/dd-red/Build/Intermediates.noindex/SwiftExplicitPrecompiledModules -clang-scanner-module-cache-path /Users/jirathip/.herdr/worktrees/morsel/issue-106-data-reliability/.agent-runs/dd-red/ModuleCache.noindex -sdk-module-cache-path /Users/jirathip/.herdr/worktrees/morsel/issue-106-data-reliability/.agent-runs/dd-red/ModuleCache.noindex -serialize-diagnostics -emit-dependencies -emit-module -emit-module-path /Users/jirathip/.herdr/worktrees/morsel/issue-106-data-reliability/.agent-runs/dd-red/Build/Intermediates.noindex/Morsel.build/Debug-iphonesimulator/MorselTests.build/Objects-normal/arm64/MorselTests.swiftmodule -validate-clang-modules-once -clang-build-session-file /Users/jirathip/.herdr/worktrees/morsel/issue-106-data-reliability/.agent-runs/dd-red/ModuleCache.noindex/Session.modulevalidation -Xcc -I/Users/jirathip/.herdr/worktrees/morsel/issue-106-data-reliability/.agent-runs/dd-red/Build/Intermediates.noindex/Morsel.build/Debug-iphonesimulator/MorselTests.build/swift-overrides.hmap -emit-const-values -Xfrontend -const-gather-protocols-file -Xfrontend /Users/jirathip/.herdr/worktrees/morsel/issue-106-data-reliability/.agent-runs/dd-red/Build/Intermediates.noindex/Morsel.build/Debug-iphonesimulator/MorselTests.build/Objects-normal/arm64/MorselTests_const_extract_protocols.json -Xcc -iquote -Xcc /Users/jirathip/.herdr/worktrees/morsel/issue-106-data-reliability/.agent-runs/dd-red/Build/Intermediates.noindex/Morsel.build/Debug-iphonesimulator/MorselTests.build/MorselTests-generated-files.hmap -Xcc -I/Users/jirathip/.herdr/worktrees/morsel/issue-106-data-reliability/.agent-runs/dd-red/Build/Intermediates.noindex/Morsel.build/Debug-iphonesimulator/MorselTests.build/MorselTests-own-target-headers.hmap -Xcc -I/Users/jirathip/.herdr/worktrees/morsel/issue-106-data-reliability/.agent-runs/dd-red/Build/Intermediates.noindex/Morsel.build/Debug-iphonesimulator/MorselTests.build/MorselTests-all-non-framework-target-headers.hmap -Xcc -ivfsoverlay -Xcc /Users/jirathip/.herdr/worktrees/morsel/issue-106-data-reliability/.agent-runs/dd-red/Build/Intermediates.noindex/Morsel.build/Debug-iphonesimulator/Morsel-17248c3624f98dc6f156c39ec7fad702-VFS-iphonesimulator/all-product-headers.yaml -Xcc -iquote -Xcc /Users/jirathip/.herdr/worktrees/morsel/issue-106-data-reliability/.agent-runs/dd-red/Build/Intermediates.noindex/Morsel.build/Debug-iphonesimulator/MorselTests.build/MorselTests-project-headers.hmap -Xcc -I/Users/jirathip/.herdr/worktrees/morsel/issue-106-data-reliability/.agent-runs/dd-red/Build/Products/Debug-iphonesimulator/include -Xcc -I/Users/jirathip/.herdr/worktrees/morsel/issue-106-data-reliability/.agent-runs/dd-red/Build/Intermediates.noindex/Morsel.build/Debug-iphonesimulator/MorselTests.build/DerivedSources-normal/arm64 -Xcc -I/Users/jirathip/.herdr/worktrees/morsel/issue-106-data-reliability/.agent-runs/dd-red/Build/Intermediates.noindex/Morsel.build/Debug-iphonesimulator/MorselTests.build/DerivedSources/arm64 -Xcc -I/Users/jirathip/.herdr/worktrees/morsel/issue-106-data-reliability/.agent-runs/dd-red/Build/Intermediates.noindex/Morsel.build/Debug-iphonesimulator/MorselTests.build/DerivedSources -Xcc -DDEBUG\=1 -emit-objc-header -emit-objc-header-path /Users/jirathip/.herdr/worktrees/morsel/issue-106-data-reliability/.agent-runs/dd-red/Build/Intermediates.noindex/Morsel.build/Debug-iphonesimulator/MorselTests.build/Objects-normal/arm64/MorselTests-Swift.h -working-directory /Users/jirathip/.herdr/worktrees/morsel/issue-106-data-reliability/app -experimental-emit-module-separately -disable-cmo

Copy /Users/jirathip/.herdr/worktrees/morsel/issue-106-data-reliability/.agent-runs/dd-red/Build/Products/Debug-iphonesimulator/Morsel.app/PlugIns/MorselTests.xctest/swift-crypto_Crypto.bundle /Users/jirathip/.herdr/worktrees/morsel/issue-106-data-reliability/.agent-runs/dd-red/Build/Products/Debug-iphonesimulator/swift-crypto_Crypto.bundle (in target 'MorselTests' from project 'Morsel')
    cd /Users/jirathip/.herdr/worktrees/morsel/issue-106-data-reliability/app
    builtin-copy -exclude .DS_Store -exclude CVS -exclude .svn -exclude .git -exclude .hg -resolve-src-symlinks /Users/jirathip/.herdr/worktrees/morsel/issue-106-data-reliability/.agent-runs/dd-red/Build/Products/Debug-iphonesimulator/swift-crypto_Crypto.bundle /Users/jirathip/.herdr/worktrees/morsel/issue-106-data-reliability/.agent-runs/dd-red/Build/Products/Debug-iphonesimulator/Morsel.app/PlugIns/MorselTests.xctest

Ld /Users/jirathip/.herdr/worktrees/morsel/issue-106-data-reliability/.agent-runs/dd-red/Build/Products/Debug-iphonesimulator/Morsel.app/PlugIns/MorselTests.xctest/MorselTests normal (in target 'MorselTests' from project 'Morsel')
    cd /Users/jirathip/.herdr/worktrees/morsel/issue-106-data-reliability/app
    /Applications/Xcode.app/Contents/Developer/Toolchains/XcodeDefault.xctoolchain/usr/bin/clang -Xlinker -reproducible -target arm64-apple-ios17.0-simulator -bundle -isysroot /Applications/Xcode.app/Contents/Developer/Platforms/iPhoneSimulator.platform/Developer/SDKs/iPhoneSimulator26.5.sdk -O0 -L/Users/jirathip/.herdr/worktrees/morsel/issue-106-data-reliability/.agent-runs/dd-red/Build/Intermediates.noindex/EagerLinkingTBDs/Debug-iphonesimulator -L/Users/jirathip/.herdr/worktrees/morsel/issue-106-data-reliability/.agent-runs/dd-red/Build/Products/Debug-iphonesimulator -L/Applications/Xcode.app/Contents/Developer/Platforms/iPhoneSimulator.platform/Developer/usr/lib -F/Users/jirathip/.herdr/worktrees/morsel/issue-106-data-reliability/.agent-runs/dd-red/Build/Intermediates.noindex/EagerLinkingTBDs/Debug-iphonesimulator -F/Users/jirathip/.herdr/worktrees/morsel/issue-106-data-reliability/.agent-runs/dd-red/Build/Products/Debug-iphonesimulator/PackageFrameworks -F/Users/jirathip/.herdr/worktrees/morsel/issue-106-data-reliability/.agent-runs/dd-red/Build/Products/Debug-iphonesimulator/PackageFrameworks -F/Users/jirathip/.herdr/worktrees/morsel/issue-106-data-reliability/.agent-runs/dd-red/Build/Products/Debug-iphonesimulator/PackageFrameworks -F/Users/jirathip/.herdr/worktrees/morsel/issue-106-data-reliability/.agent-runs/dd-red/Build/Products/Debug-iphonesimulator/PackageFrameworks -F/Users/jirathip/.herdr/worktrees/morsel/issue-106-data-reliability/.agent-runs/dd-red/Build/Products/Debug-iphonesimulator/PackageFrameworks -F/Users/jirathip/.herdr/worktrees/morsel/issue-106-data-reliability/.agent-runs/dd-red/Build/Products/Debug-iphonesimulator/PackageFrameworks -F/Users/jirathip/.herdr/worktrees/morsel/issue-106-data-reliability/.agent-runs/dd-red/Build/Products/Debug-iphonesimulator/PackageFrameworks -F/Users/jirathip/.herdr/worktrees/morsel/issue-106-data-reliability/.agent-runs/dd-red/Build/Products/Debug-iphonesimulator/PackageFrameworks -F/Users/jirathip/.herdr/worktrees/morsel/issue-106-data-reliability/.agent-runs/dd-red/Build/Products/Debug-iphonesimulator/PackageFrameworks -F/Users/jirathip/.herdr/worktrees/morsel/issue-106-data-reliability/.agent-runs/dd-red/Build/Products/Debug-iphonesimulator/PackageFrameworks -F/Users/jirathip/.herdr/worktrees/morsel/issue-106-data-reliability/.agent-runs/dd-red/Build/Products/Debug-iphonesimulator/PackageFrameworks -F/Users/jirathip/.herdr/worktrees/morsel/issue-106-data-reliability/.agent-runs/dd-red/Build/Products/Debug-iphonesimulator/PackageFrameworks -F/Users/jirathip/.herdr/worktrees/morsel/issue-106-data-reliability/.agent-runs/dd-red/Build/Products/Debug-iphonesimulator/PackageFrameworks -F/Users/jirathip/.herdr/worktrees/morsel/issue-106-data-reliability/.agent-runs/dd-red/Build/Products/Debug-iphonesimulator/PackageFrameworks -F/Users/jirathip/.herdr/worktrees/morsel/issue-106-data-reliability/.agent-runs/dd-red/Build/Products/Debug-iphonesimulator -iframework /Applications/Xcode.app/Contents/Developer/Platforms/iPhoneSimulator.platform/Developer/Library/Frameworks -iframework /Applications/Xcode.app/Contents/Developer/Platforms/iPhoneSimulator.platform/Developer/SDKs/iPhoneSimulator26.5.sdk/Developer/Library/Frameworks -filelist /Users/jirathip/.herdr/worktrees/morsel/issue-106-data-reliability/.agent-runs/dd-red/Build/Intermediates.noindex/Morsel.build/Debug-iphonesimulator/MorselTests.build/Objects-normal/arm64/MorselTests.LinkFileList -Xlinker -rpath -Xlinker /usr/lib/swift -Xlinker -rpath -Xlinker /Users/jirathip/.herdr/worktrees/morsel/issue-106-data-reliability/.agent-runs/dd-red/Build/Products/Debug-iphonesimulator/PackageFrameworks -Xlinker -rpath -Xlinker @loader_path/Frameworks -Xlinker -rpath -Xlinker @executable_path/Frameworks -Xlinker -dead_strip -bundle_loader /Users/jirathip/.herdr/worktrees/morsel/issue-106-data-reliability/.agent-runs/dd-red/Build/Products/Debug-iphonesimulator/Morsel.app/Morsel -Xlinker -object_path_lto -Xlinker /Users/jirathip/.herdr/worktrees/morsel/issue-106-data-reliability/.agent-runs/dd-red/Build/Intermediates.noindex/Morsel.build/Debug-iphonesimulator/MorselTests.build/Objects-normal/arm64/MorselTests_lto.o -rdynamic -Xlinker -no_deduplicate -Xlinker -objc_abi_version -Xlinker 2 -Xlinker -dependency_info -Xlinker /Users/jirathip/.herdr/worktrees/morsel/issue-106-data-reliability/.agent-runs/dd-red/Build/Intermediates.noindex/Morsel.build/Debug-iphonesimulator/MorselTests.build/Objects-normal/arm64/MorselTests_dependency_info.dat -fobjc-link-runtime -L/Applications/Xcode.app/Contents/Developer/Toolchains/XcodeDefault.xctoolchain/usr/lib/swift/iphonesimulator -L/usr/lib/swift -Xlinker -add_ast_path -Xlinker /Users/jirathip/.herdr/worktrees/morsel/issue-106-data-reliability/.agent-runs/dd-red/Build/Intermediates.noindex/Morsel.build/Debug-iphonesimulator/MorselTests.build/Objects-normal/arm64/MorselTests.swiftmodule @/Users/jirathip/.herdr/worktrees/morsel/issue-106-data-reliability/.agent-runs/dd-red/Build/Intermediates.noindex/Morsel.build/Debug-iphonesimulator/MorselTests.build/Objects-normal/arm64/MorselTests-linker-args.resp -Wl,-no_warn_duplicate_libraries -Wl,-no_warn_duplicate_libraries -Wl,-no_warn_duplicate_libraries -Wl,-no_warn_duplicate_libraries -Wl,-no_warn_duplicate_libraries -Wl,-no_warn_duplicate_libraries -Wl,-no_warn_duplicate_libraries -Wl,-no_warn_duplicate_libraries -Wl,-no_warn_duplicate_libraries -Wl,-no_warn_duplicate_libraries -Wl,-no_warn_duplicate_libraries -Wl,-no_warn_duplicate_libraries -Wl,-no_warn_duplicate_libraries -Wl,-no_warn_duplicate_libraries -Xlinker -needed_framework -Xlinker XCTest -framework XCTest -Xlinker -needed-lXCTestSwiftSupport -lXCTestSwiftSupport /Users/jirathip/.herdr/worktrees/morsel/issue-106-data-reliability/.agent-runs/dd-red/Build/Products/Debug-iphonesimulator/Morsel.app/Morsel.debug.dylib -o /Users/jirathip/.herdr/worktrees/morsel/issue-106-data-reliability/.agent-runs/dd-red/Build/Products/Debug-iphonesimulator/Morsel.app/PlugIns/MorselTests.xctest/MorselTests

ProcessInfoPlistFile /Users/jirathip/.herdr/worktrees/morsel/issue-106-data-reliability/.agent-runs/dd-red/Build/Products/Debug-iphonesimulator/Morsel.app/PlugIns/MorselTests.xctest/Info.plist /Users/jirathip/.herdr/worktrees/morsel/issue-106-data-reliability/.agent-runs/dd-red/Build/Intermediates.noindex/Morsel.build/Debug-iphonesimulator/MorselTests.build/empty-MorselTests.plist (in target 'MorselTests' from project 'Morsel')
    cd /Users/jirathip/.herdr/worktrees/morsel/issue-106-data-reliability/app
    builtin-infoPlistUtility /Users/jirathip/.herdr/worktrees/morsel/issue-106-data-reliability/.agent-runs/dd-red/Build/Intermediates.noindex/Morsel.build/Debug-iphonesimulator/MorselTests.build/empty-MorselTests.plist -producttype com.apple.product-type.bundle.unit-test -expandbuildsettings -format binary -platform iphonesimulator -scanforprivacyfile /Users/jirathip/.herdr/worktrees/morsel/issue-106-data-reliability/.agent-runs/dd-red/Build/Products/Debug-iphonesimulator/Morsel.app/PlugIns/MorselTests.xctest/swift-crypto_Crypto.bundle -o /Users/jirathip/.herdr/worktrees/morsel/issue-106-data-reliability/.agent-runs/dd-red/Build/Products/Debug-iphonesimulator/Morsel.app/PlugIns/MorselTests.xctest/Info.plist

CopySwiftLibs /Users/jirathip/.herdr/worktrees/morsel/issue-106-data-reliability/.agent-runs/dd-red/Build/Products/Debug-iphonesimulator/Morsel.app/PlugIns/MorselTests.xctest (in target 'MorselTests' from project 'Morsel')
    cd /Users/jirathip/.herdr/worktrees/morsel/issue-106-data-reliability/app
    builtin-swiftStdLibTool --copy --verbose --scan-executable /Users/jirathip/.herdr/worktrees/morsel/issue-106-data-reliability/.agent-runs/dd-red/Build/Products/Debug-iphonesimulator/Morsel.app/PlugIns/MorselTests.xctest/MorselTests --scan-folder /Users/jirathip/.herdr/worktrees/morsel/issue-106-data-reliability/.agent-runs/dd-red/Build/Products/Debug-iphonesimulator/Morsel.app/PlugIns/MorselTests.xctest/Frameworks --scan-folder /Users/jirathip/.herdr/worktrees/morsel/issue-106-data-reliability/.agent-runs/dd-red/Build/Products/Debug-iphonesimulator/Morsel.app/PlugIns/MorselTests.xctest/PlugIns --scan-folder /Users/jirathip/.herdr/worktrees/morsel/issue-106-data-reliability/.agent-runs/dd-red/Build/Products/Debug-iphonesimulator/Morsel.app/PlugIns/MorselTests.xctest/SystemExtensions --scan-folder /Users/jirathip/.herdr/worktrees/morsel/issue-106-data-reliability/.agent-runs/dd-red/Build/Products/Debug-iphonesimulator/Morsel.app/PlugIns/MorselTests.xctest/Extensions --platform iphonesimulator --toolchain /Applications/Xcode.app/Contents/Developer/Toolchains/XcodeDefault.xctoolchain --destination /Users/jirathip/.herdr/worktrees/morsel/issue-106-data-reliability/.agent-runs/dd-red/Build/Products/Debug-iphonesimulator/Morsel.app/PlugIns/MorselTests.xctest/Frameworks --strip-bitcode --scan-executable /Applications/Xcode.app/Contents/Developer/Platforms/iPhoneSimulator.platform/Developer/usr/lib/libXCTestSwiftSupport.dylib --strip-bitcode-tool /Applications/Xcode.app/Contents/Developer/Toolchains/XcodeDefault.xctoolchain/usr/bin/bitcode_strip --emit-dependency-info /Users/jirathip/.herdr/worktrees/morsel/issue-106-data-reliability/.agent-runs/dd-red/Build/Intermediates.noindex/Morsel.build/Debug-iphonesimulator/MorselTests.build/SwiftStdLibToolInputDependencies.dep --filter-for-swift-os
Ignoring --strip-bitcode because --sign was not passed

ExtractAppIntentsMetadata (in target 'MorselTests' from project 'Morsel')
    cd /Users/jirathip/.herdr/worktrees/morsel/issue-106-data-reliability/app
    /Applications/Xcode.app/Contents/Developer/Toolchains/XcodeDefault.xctoolchain/usr/bin/appintentsmetadataprocessor --toolchain-dir /Applications/Xcode.app/Contents/Developer/Toolchains/XcodeDefault.xctoolchain --module-name MorselTests --sdk-root /Applications/Xcode.app/Contents/Developer/Platforms/iPhoneSimulator.platform/Developer/SDKs/iPhoneSimulator26.5.sdk --xcode-version 17F113 --platform-family iOS --deployment-target 17.0 --bundle-identifier com.jirathip.morsel.tests --output /Users/jirathip/.herdr/worktrees/morsel/issue-106-data-reliability/.agent-runs/dd-red/Build/Products/Debug-iphonesimulator/Morsel.app/PlugIns/MorselTests.xctest --target-triple arm64-apple-ios17.0-simulator --binary-file /Users/jirathip/.herdr/worktrees/morsel/issue-106-data-reliability/.agent-runs/dd-red/Build/Products/Debug-iphonesimulator/Morsel.app/PlugIns/MorselTests.xctest/MorselTests --dependency-file /Users/jirathip/.herdr/worktrees/morsel/issue-106-data-reliability/.agent-runs/dd-red/Build/Intermediates.noindex/Morsel.build/Debug-iphonesimulator/MorselTests.build/Objects-normal/arm64/MorselTests_dependency_info.dat --stringsdata-file /Users/jirathip/.herdr/worktrees/morsel/issue-106-data-reliability/.agent-runs/dd-red/Build/Intermediates.noindex/Morsel.build/Debug-iphonesimulator/MorselTests.build/Objects-normal/arm64/ExtractedAppShortcutsMetadata.stringsdata --source-file-list /Users/jirathip/.herdr/worktrees/morsel/issue-106-data-reliability/.agent-runs/dd-red/Build/Intermediates.noindex/Morsel.build/Debug-iphonesimulator/MorselTests.build/Objects-normal/arm64/MorselTests.SwiftFileList --metadata-file-list /Users/jirathip/.herdr/worktrees/morsel/issue-106-data-reliability/.agent-runs/dd-red/Build/Intermediates.noindex/Morsel.build/Debug-iphonesimulator/MorselTests.build/MorselTests.DependencyMetadataFileList --static-metadata-file-list /Users/jirathip/.herdr/worktrees/morsel/issue-106-data-reliability/.agent-runs/dd-red/Build/Intermediates.noindex/Morsel.build/Debug-iphonesimulator/MorselTests.build/MorselTests.DependencyStaticMetadataFileList --swift-const-vals-list /Users/jirathip/.herdr/worktrees/morsel/issue-106-data-reliability/.agent-runs/dd-red/Build/Intermediates.noindex/Morsel.build/Debug-iphonesimulator/MorselTests.build/Objects-normal/arm64/MorselTests.SwiftConstValuesFileList --compile-time-extraction --deployment-aware-processing --validate-assistant-intents --no-app-shortcuts-localization
2026-09-05 02:01:41.451 appintentsmetadataprocessor[99135:17487431] Starting appintentsmetadataprocessor export
2026-09-05 02:01:41.453 appintentsmetadataprocessor[99135:17487431] warning: Metadata extraction skipped. No AppIntents.framework dependency found.

AppIntentsSSUTraining (in target 'MorselTests' from project 'Morsel')
    cd /Users/jirathip/.herdr/worktrees/morsel/issue-106-data-reliability/app
    /Applications/Xcode.app/Contents/Developer/Toolchains/XcodeDefault.xctoolchain/usr/bin/appintentsnltrainingprocessor --infoplist-path /Users/jirathip/.herdr/worktrees/morsel/issue-106-data-reliability/.agent-runs/dd-red/Build/Products/Debug-iphonesimulator/Morsel.app/PlugIns/MorselTests.xctest/Info.plist --temp-dir-path /Users/jirathip/.herdr/worktrees/morsel/issue-106-data-reliability/.agent-runs/dd-red/Build/Intermediates.noindex/Morsel.build/Debug-iphonesimulator/MorselTests.build/ssu --bundle-id com.jirathip.morsel.tests --product-path /Users/jirathip/.herdr/worktrees/morsel/issue-106-data-reliability/.agent-runs/dd-red/Build/Products/Debug-iphonesimulator/Morsel.app/PlugIns/MorselTests.xctest --extracted-metadata-path /Users/jirathip/.herdr/worktrees/morsel/issue-106-data-reliability/.agent-runs/dd-red/Build/Products/Debug-iphonesimulator/Morsel.app/PlugIns/MorselTests.xctest/Metadata.appintents --metadata-file-list /Users/jirathip/.herdr/worktrees/morsel/issue-106-data-reliability/.agent-runs/dd-red/Build/Intermediates.noindex/Morsel.build/Debug-iphonesimulator/MorselTests.build/MorselTests.DependencyMetadataFileList --source-file /Users/jirathip/.herdr/worktrees/morsel/issue-106-data-reliability/.agent-runs/dd-red/Build/Products/Debug-iphonesimulator/Morsel.app/PlugIns/MorselTests.xctest/Info.plist --archive-ssu-assets
2026-09-05 02:01:41.485 appintentsnltrainingprocessor[99136:17487433] Parsing options for appintentsnltrainingprocessor
2026-09-05 02:01:41.486 appintentsnltrainingprocessor[99136:17487433] Starting AppIntents SSU YAML Generation
2026-09-05 02:01:41.486 appintentsnltrainingprocessor[99136:17487433] No AppShortcuts found - Skipping.

RegisterExecutionPolicyException /Users/jirathip/.herdr/worktrees/morsel/issue-106-data-reliability/.agent-runs/dd-red/Build/Products/Debug-iphonesimulator/Morsel.app/PlugIns/MorselTests.xctest (in target 'MorselTests' from project 'Morsel')
    cd /Users/jirathip/.herdr/worktrees/morsel/issue-106-data-reliability/app
    builtin-RegisterExecutionPolicyException /Users/jirathip/.herdr/worktrees/morsel/issue-106-data-reliability/.agent-runs/dd-red/Build/Products/Debug-iphonesimulator/Morsel.app/PlugIns/MorselTests.xctest

Touch /Users/jirathip/.herdr/worktrees/morsel/issue-106-data-reliability/.agent-runs/dd-red/Build/Products/Debug-iphonesimulator/Morsel.app/PlugIns/MorselTests.xctest (in target 'MorselTests' from project 'Morsel')
    cd /Users/jirathip/.herdr/worktrees/morsel/issue-106-data-reliability/app
    /usr/bin/touch -c /Users/jirathip/.herdr/worktrees/morsel/issue-106-data-reliability/.agent-runs/dd-red/Build/Products/Debug-iphonesimulator/Morsel.app/PlugIns/MorselTests.xctest

RegisterExecutionPolicyException /Users/jirathip/.herdr/worktrees/morsel/issue-106-data-reliability/.agent-runs/dd-red/Build/Products/Debug-iphonesimulator/Morsel.app (in target 'Morsel' from project 'Morsel')
    cd /Users/jirathip/.herdr/worktrees/morsel/issue-106-data-reliability/app
    builtin-RegisterExecutionPolicyException /Users/jirathip/.herdr/worktrees/morsel/issue-106-data-reliability/.agent-runs/dd-red/Build/Products/Debug-iphonesimulator/Morsel.app

Validate /Users/jirathip/.herdr/worktrees/morsel/issue-106-data-reliability/.agent-runs/dd-red/Build/Products/Debug-iphonesimulator/Morsel.app (in target 'Morsel' from project 'Morsel')
    cd /Users/jirathip/.herdr/worktrees/morsel/issue-106-data-reliability/app
    builtin-validationUtility /Users/jirathip/.herdr/worktrees/morsel/issue-106-data-reliability/.agent-runs/dd-red/Build/Products/Debug-iphonesimulator/Morsel.app -shallow-bundle -infoplist-subpath Info.plist

Touch /Users/jirathip/.herdr/worktrees/morsel/issue-106-data-reliability/.agent-runs/dd-red/Build/Products/Debug-iphonesimulator/Morsel.app (in target 'Morsel' from project 'Morsel')
    cd /Users/jirathip/.herdr/worktrees/morsel/issue-106-data-reliability/app
    /usr/bin/touch -c /Users/jirathip/.herdr/worktrees/morsel/issue-106-data-reliability/.agent-runs/dd-red/Build/Products/Debug-iphonesimulator/Morsel.app

note: Removed stale file '/Users/jirathip/.herdr/worktrees/morsel/issue-106-data-reliability/.agent-runs/dd-red/Build/Intermediates.noindex/Morsel.build/Debug-iphonesimulator/Morsel.build/Objects-normal/arm64/OutboxModels.swiftconstvalues'

Test Suite 'Selected tests' started at 2569-09-05 2:01:52.469 AM.
Test Suite 'MorselTests.xctest' started at 2569-09-05 2:01:52.470 AM.
Test Suite 'AddMealReliabilityRegressionTests' started at 2569-09-05 2:01:52.471 AM.
Test Case '-[MorselTests.AddMealReliabilityRegressionTests testSuccessfulWriteWithFailedReloadIsNotReportedAsNotSaved]' started.
/Users/jirathip/.herdr/worktrees/morsel/issue-106-data-reliability/app/Tests/MorselTests/AddMealReliabilityRegressionTests.swift:34: error: -[MorselTests.AddMealReliabilityRegressionTests testSuccessfulWriteWithFailedReloadIsNotReportedAsNotSaved] : XCTAssertTrue failed - A committed meal must not be reported as not saved when the follow-up reload fails.
/Users/jirathip/.herdr/worktrees/morsel/issue-106-data-reliability/app/Tests/MorselTests/AddMealReliabilityRegressionTests.swift:38: error: -[MorselTests.AddMealReliabilityRegressionTests testSuccessfulWriteWithFailedReloadIsNotReportedAsNotSaved] : XCTAssertNil failed: "The request could not be completed. Try again." - A successful write must not surface an error message that claims the save failed.
Test Case '-[MorselTests.AddMealReliabilityRegressionTests testSuccessfulWriteWithFailedReloadIsNotReportedAsNotSaved]' failed (0.593 seconds).
Test Suite 'AddMealReliabilityRegressionTests' failed at 2569-09-05 2:01:53.065 AM.
	 Executed 1 test, with 2 failures (0 unexpected) in 0.593 (0.594) seconds
Test Suite 'MorselTests.xctest' failed at 2569-09-05 2:01:53.065 AM.
	 Executed 1 test, with 2 failures (0 unexpected) in 0.593 (0.595) seconds
Test Suite 'Selected tests' failed at 2569-09-05 2:01:53.066 AM.
	 Executed 1 test, with 2 failures (0 unexpected) in 0.593 (0.596) seconds
2026-09-05 02:02:38.040 xcodebuild[98118:17483163] [MT] IDETestOperationsObserverDebug: 56.434 elapsed -- Testing started completed.
2026-09-05 02:02:38.041 xcodebuild[98118:17483163] [MT] IDETestOperationsObserverDebug: 0.000 sec, +0.000 sec -- start
2026-09-05 02:02:38.041 xcodebuild[98118:17483163] [MT] IDETestOperationsObserverDebug: 56.434 sec, +56.434 sec -- end

Test session results, code coverage, and logs:
	/Users/jirathip/.herdr/worktrees/morsel/issue-106-data-reliability/.agent-runs/dd-red/Logs/Test/Test-Morsel-2569.09.05_2-01-08-+0700.xcresult

Failing tests:
	AddMealReliabilityRegressionTests.testSuccessfulWriteWithFailedReloadIsNotReportedAsNotSaved()
	AddMealReliabilityRegressionTests.testSuccessfulWriteWithFailedReloadIsNotReportedAsNotSaved()

** TEST FAILED **

Testing started
RED-EXIT=65
