COMMAND=["xcodebuild", "test", "-project", "Morsel.xcodeproj", "-scheme", "Morsel", "-destination", "platform=iOS Simulator,id=AB3BD9FD-BCC4-4851-991B-6BD5E8AE53CE", "-derivedDataPath", "/tmp/morsel-286-dd", "-parallel-testing-enabled", "NO", "CODE_SIGNING_ALLOWED=NO", "-only-testing:MorselTests/HeroDatedTargetTests/testPastUsesSavedCaloriesAndMacrosNotTodaysGoal", "-resultBundlePath", "/Users/jirathip/.herdr/worktrees/morsel/issue-286-hero/.lane-logs/mutation-red.xcresult"]
Command line invocation:
    /Applications/Xcode.app/Contents/Developer/usr/bin/xcodebuild test -project Morsel.xcodeproj -scheme Morsel -destination "platform=iOS Simulator,id=AB3BD9FD-BCC4-4851-991B-6BD5E8AE53CE" -derivedDataPath /tmp/morsel-286-dd -parallel-testing-enabled NO CODE_SIGNING_ALLOWED=NO "-only-testing:MorselTests/HeroDatedTargetTests/testPastUsesSavedCaloriesAndMacrosNotTodaysGoal" -resultBundlePath /Users/jirathip/.herdr/worktrees/morsel/issue-286-hero/.lane-logs/mutation-red.xcresult

Build settings from command line:
    CODE_SIGNING_ALLOWED = NO

Resolve Package Graph


Resolved source packages:
  Supabase: https://github.com/supabase/supabase-swift.git @ 2.55.1
  swift-crypto: https://github.com/apple/swift-crypto.git @ 4.5.1
  swift-clocks: https://github.com/pointfreeco/swift-clocks @ 1.1.1
  xctest-dynamic-overlay: https://github.com/pointfreeco/xctest-dynamic-overlay @ 1.13.1
  swift-concurrency-extras: https://github.com/pointfreeco/swift-concurrency-extras @ 1.4.1
  swift-asn1: https://github.com/apple/swift-asn1.git @ 1.7.1
  swift-http-types: https://github.com/apple/swift-http-types.git @ 1.6.0

Writing result bundle at path:
	/Users/jirathip/.herdr/worktrees/morsel/issue-286-hero/.lane-logs/mutation-red.xcresult

ComputePackagePrebuildTargetDependencyGraph

Prepare packages

CreateBuildRequest

SendProjectDescription

CreateBuildOperation

ComputeTargetDependencyGraph
note: Building targets in dependency order
note: Target dependency graph (24 targets)
    Target 'MorselTests' in project 'Morsel'
        ➜ Explicit dependency on target 'Morsel' in project 'Morsel'
    Target 'Morsel' in project 'Morsel'
        ➜ Explicit dependency on target 'Supabase' in project 'Supabase'
    Target 'Supabase' in project 'Supabase'
        ➜ Explicit dependency on target 'Supabase' in project 'Supabase'
        ➜ Explicit dependency on target 'Helpers' in project 'Supabase'
        ➜ Explicit dependency on target 'Auth' in project 'Supabase'
        ➜ Explicit dependency on target 'Functions' in project 'Supabase'
        ➜ Explicit dependency on target 'PostgREST' in project 'Supabase'
        ➜ Explicit dependency on target 'RealtimeV2' in project 'Supabase'
        ➜ Explicit dependency on target 'Realtime' in project 'Supabase'
        ➜ Explicit dependency on target 'Storage' in project 'Supabase'
        ➜ Explicit dependency on target 'ConcurrencyExtras' in project 'swift-concurrency-extras'
        ➜ Explicit dependency on target 'HTTPTypes' in project 'swift-http-types'
        ➜ Explicit dependency on target 'Clocks' in project 'swift-clocks'
        ➜ Explicit dependency on target 'XCTestDynamicOverlay' in project 'xctest-dynamic-overlay'
        ➜ Explicit dependency on target 'IssueReporting' in project 'xctest-dynamic-overlay'
        ➜ Explicit dependency on target 'Crypto' in project 'swift-crypto'
    Target 'Supabase' in project 'Supabase'
        ➜ Explicit dependency on target 'Helpers' in project 'Supabase'
        ➜ Explicit dependency on target 'Auth' in project 'Supabase'
        ➜ Explicit dependency on target 'Functions' in project 'Supabase'
        ➜ Explicit dependency on target 'PostgREST' in project 'Supabase'
        ➜ Explicit dependency on target 'RealtimeV2' in project 'Supabase'
        ➜ Explicit dependency on target 'Realtime' in project 'Supabase'
        ➜ Explicit dependency on target 'Storage' in project 'Supabase'
        ➜ Explicit dependency on target 'ConcurrencyExtras' in project 'swift-concurrency-extras'
        ➜ Explicit dependency on target 'HTTPTypes' in project 'swift-http-types'
        ➜ Explicit dependency on target 'Clocks' in project 'swift-clocks'
        ➜ Explicit dependency on target 'XCTestDynamicOverlay' in project 'xctest-dynamic-overlay'
        ➜ Explicit dependency on target 'IssueReporting' in project 'xctest-dynamic-overlay'
        ➜ Explicit dependency on target 'Crypto' in project 'swift-crypto'
    Target 'Storage' in project 'Supabase'
        ➜ Explicit dependency on target 'Helpers' in project 'Supabase'
        ➜ Explicit dependency on target 'ConcurrencyExtras' in project 'swift-concurrency-extras'
        ➜ Explicit dependency on target 'HTTPTypes' in project 'swift-http-types'
        ➜ Explicit dependency on target 'Clocks' in project 'swift-clocks'
        ➜ Explicit dependency on target 'XCTestDynamicOverlay' in project 'xctest-dynamic-overlay'
        ➜ Explicit dependency on target 'IssueReporting' in project 'xctest-dynamic-overlay'
    Target 'Realtime' in project 'Supabase'
        ➜ Explicit dependency on target 'Helpers' in project 'Supabase'
        ➜ Explicit dependency on target 'RealtimeV2' in project 'Supabase'
        ➜ Explicit dependency on target 'ConcurrencyExtras' in project 'swift-concurrency-extras'
        ➜ Explicit dependency on target 'HTTPTypes' in project 'swift-http-types'
        ➜ Explicit dependency on target 'Clocks' in project 'swift-clocks'
        ➜ Explicit dependency on target 'XCTestDynamicOverlay' in project 'xctest-dynamic-overlay'
        ➜ Explicit dependency on target 'IssueReporting' in project 'xctest-dynamic-overlay'
    Target 'RealtimeV2' in project 'Supabase'
        ➜ Explicit dependency on target 'Helpers' in project 'Supabase'
        ➜ Explicit dependency on target 'ConcurrencyExtras' in project 'swift-concurrency-extras'
        ➜ Explicit dependency on target 'HTTPTypes' in project 'swift-http-types'
        ➜ Explicit dependency on target 'Clocks' in project 'swift-clocks'
        ➜ Explicit dependency on target 'XCTestDynamicOverlay' in project 'xctest-dynamic-overlay'
        ➜ Explicit dependency on target 'IssueReporting' in project 'xctest-dynamic-overlay'
    Target 'PostgREST' in project 'Supabase'
        ➜ Explicit dependency on target 'Helpers' in project 'Supabase'
        ➜ Explicit dependency on target 'ConcurrencyExtras' in project 'swift-concurrency-extras'
        ➜ Explicit dependency on target 'HTTPTypes' in project 'swift-http-types'
        ➜ Explicit dependency on target 'Clocks' in project 'swift-clocks'
        ➜ Explicit dependency on target 'XCTestDynamicOverlay' in project 'xctest-dynamic-overlay'
        ➜ Explicit dependency on target 'IssueReporting' in project 'xctest-dynamic-overlay'
    Target 'Functions' in project 'Supabase'
        ➜ Explicit dependency on target 'Helpers' in project 'Supabase'
        ➜ Explicit dependency on target 'ConcurrencyExtras' in project 'swift-concurrency-extras'
        ➜ Explicit dependency on target 'HTTPTypes' in project 'swift-http-types'
        ➜ Explicit dependency on target 'Clocks' in project 'swift-clocks'
        ➜ Explicit dependency on target 'XCTestDynamicOverlay' in project 'xctest-dynamic-overlay'
        ➜ Explicit dependency on target 'IssueReporting' in project 'xctest-dynamic-overlay'
    Target 'Auth' in project 'Supabase'
        ➜ Explicit dependency on target 'Helpers' in project 'Supabase'
        ➜ Explicit dependency on target 'ConcurrencyExtras' in project 'swift-concurrency-extras'
        ➜ Explicit dependency on target 'HTTPTypes' in project 'swift-http-types'
        ➜ Explicit dependency on target 'Clocks' in project 'swift-clocks'
        ➜ Explicit dependency on target 'XCTestDynamicOverlay' in project 'xctest-dynamic-overlay'
        ➜ Explicit dependency on target 'IssueReporting' in project 'xctest-dynamic-overlay'
        ➜ Explicit dependency on target 'Crypto' in project 'swift-crypto'
    Target 'Crypto' in project 'swift-crypto'
        ➜ Explicit dependency on target 'Crypto' in project 'swift-crypto'
        ➜ Explicit dependency on target 'swift-crypto_Crypto' in project 'swift-crypto'
    Target 'Crypto' in project 'swift-crypto'
        ➜ Explicit dependency on target 'swift-crypto_Crypto' in project 'swift-crypto'
    Target 'swift-crypto_Crypto' in project 'swift-crypto' (no dependencies)
    Target 'Helpers' in project 'Supabase'
        ➜ Explicit dependency on target 'ConcurrencyExtras' in project 'swift-concurrency-extras'
        ➜ Explicit dependency on target 'HTTPTypes' in project 'swift-http-types'
        ➜ Explicit dependency on target 'Clocks' in project 'swift-clocks'
        ➜ Explicit dependency on target 'XCTestDynamicOverlay' in project 'xctest-dynamic-overlay'
        ➜ Explicit dependency on target 'IssueReporting' in project 'xctest-dynamic-overlay'
    Target 'XCTestDynamicOverlay' in project 'xctest-dynamic-overlay'
        ➜ Explicit dependency on target 'XCTestDynamicOverlay' in project 'xctest-dynamic-overlay'
        ➜ Explicit dependency on target 'IssueReporting' in project 'xctest-dynamic-overlay'
    Target 'XCTestDynamicOverlay' in project 'xctest-dynamic-overlay'
        ➜ Explicit dependency on target 'IssueReporting' in project 'xctest-dynamic-overlay'
    Target 'Clocks' in project 'swift-clocks'
        ➜ Explicit dependency on target 'Clocks' in project 'swift-clocks'
        ➜ Explicit dependency on target 'ConcurrencyExtras' in project 'swift-concurrency-extras'
        ➜ Explicit dependency on target 'IssueReporting' in project 'xctest-dynamic-overlay'
    Target 'Clocks' in project 'swift-clocks'
        ➜ Explicit dependency on target 'ConcurrencyExtras' in project 'swift-concurrency-extras'
        ➜ Explicit dependency on target 'IssueReporting' in project 'xctest-dynamic-overlay'
    Target 'IssueReporting' in project 'xctest-dynamic-overlay'
        ➜ Explicit dependency on target 'IssueReporting' in project 'xctest-dynamic-overlay'
    Target 'IssueReporting' in project 'xctest-dynamic-overlay' (no dependencies)
    Target 'HTTPTypes' in project 'swift-http-types'
        ➜ Explicit dependency on target 'HTTPTypes' in project 'swift-http-types'
    Target 'HTTPTypes' in project 'swift-http-types' (no dependencies)
    Target 'ConcurrencyExtras' in project 'swift-concurrency-extras'
        ➜ Explicit dependency on target 'ConcurrencyExtras' in project 'swift-concurrency-extras'
    Target 'ConcurrencyExtras' in project 'swift-concurrency-extras' (no dependencies)

GatherProvisioningInputs

CreateBuildDescription

ExecuteExternalTool /Applications/Xcode.app/Contents/Developer/Toolchains/XcodeDefault.xctoolchain/usr/bin/swiftc --version

ExecuteExternalTool /Applications/Xcode.app/Contents/Developer/Toolchains/XcodeDefault.xctoolchain/usr/bin/clang -v -E -dM -isysroot /Applications/Xcode.app/Contents/Developer/Platforms/iPhoneSimulator.platform/Developer/SDKs/iPhoneSimulator26.5.sdk -x c -c /dev/null

ExecuteExternalTool /Applications/Xcode.app/Contents/Developer/usr/bin/actool --print-asset-tag-combinations --output-format xml1 /tmp/morsel-286-mutation-qcdw70bm/issue-286-hero/app/Assets.xcassets

ExecuteExternalTool /Applications/Xcode.app/Contents/Developer/Toolchains/XcodeDefault.xctoolchain/usr/bin/ld -version_details

ReadFileContents /Applications/Xcode.app/Contents/Developer/Toolchains/XcodeDefault.xctoolchain/usr/share/docc/features.json

ExecuteExternalTool /Applications/Xcode.app/Contents/Developer/usr/bin/actool --version --output-format xml1

Build description signature: d6598b95d16e864f2738f785de0c166f
Build description path: /tmp/morsel-286-dd/Build/Intermediates.noindex/XCBuildData/d6598b95d16e864f2738f785de0c166f.xcbuilddata
ClangStatCache /Applications/Xcode.app/Contents/Developer/Toolchains/XcodeDefault.xctoolchain/usr/bin/clang-stat-cache /Applications/Xcode.app/Contents/Developer/Platforms/iPhoneSimulator.platform/Developer/SDKs/iPhoneSimulator26.5.sdk /tmp/morsel-286-dd/SDKStatCaches.noindex/iphonesimulator26.5-23F81a-6cfe768891a92b912361537c460fe42b.sdkstatcache
    cd /tmp/morsel-286-mutation-qcdw70bm/issue-286-hero/app/Morsel.xcodeproj
    /Applications/Xcode.app/Contents/Developer/Toolchains/XcodeDefault.xctoolchain/usr/bin/clang-stat-cache /Applications/Xcode.app/Contents/Developer/Platforms/iPhoneSimulator.platform/Developer/SDKs/iPhoneSimulator26.5.sdk -o /tmp/morsel-286-dd/SDKStatCaches.noindex/iphonesimulator26.5-23F81a-6cfe768891a92b912361537c460fe42b.sdkstatcache

WriteAuxiliaryFile /tmp/morsel-286-dd/Build/Intermediates.noindex/Morsel.build/Debug-iphonesimulator/Morsel.build/Objects-normal/arm64/Morsel.SwiftFileList (in target 'Morsel' from project 'Morsel')
    cd /tmp/morsel-286-mutation-qcdw70bm/issue-286-hero/app
    write-file /tmp/morsel-286-dd/Build/Intermediates.noindex/Morsel.build/Debug-iphonesimulator/Morsel.build/Objects-normal/arm64/Morsel.SwiftFileList

WriteAuxiliaryFile /tmp/morsel-286-dd/Build/Intermediates.noindex/Morsel.build/Debug-iphonesimulator/Morsel.build/Objects-normal/arm64/Morsel-OutputFileMap.json (in target 'Morsel' from project 'Morsel')
    cd /tmp/morsel-286-mutation-qcdw70bm/issue-286-hero/app
    write-file /tmp/morsel-286-dd/Build/Intermediates.noindex/Morsel.build/Debug-iphonesimulator/Morsel.build/Objects-normal/arm64/Morsel-OutputFileMap.json

SwiftDriver ConcurrencyExtras normal arm64 com.apple.xcode.tools.swift.compiler (in target 'ConcurrencyExtras' from project 'swift-concurrency-extras')
    cd /tmp/morsel-286-mutation-qcdw70bm/issue-286-hero/app/Morsel.xcodeproj
    builtin-SwiftDriver -- /Applications/Xcode.app/Contents/Developer/Toolchains/XcodeDefault.xctoolchain/usr/bin/swiftc -module-name ConcurrencyExtras -Onone @/tmp/morsel-286-dd/Build/Intermediates.noindex/swift-concurrency-extras.build/Debug-iphonesimulator/ConcurrencyExtras.build/Objects-normal/arm64/ConcurrencyExtras.SwiftFileList -DSWIFT_PACKAGE -DDEBUG -DSWIFT_MODULE_RESOURCE_BUNDLE_UNAVAILABLE -DXcode -enable-upcoming-feature ExistentialAny -enable-upcoming-feature ImmutableWeakCaptures -enable-upcoming-feature InferIsolatedConformances -enable-upcoming-feature InternalImportsByDefault -enable-upcoming-feature MemberImportVisibility -enable-upcoming-feature NonisolatedNonsendingByDefault -plugin-path /Applications/Xcode.app/Contents/Developer/Toolchains/XcodeDefault.xctoolchain/usr/lib/swift/host/plugins/testing -enable-experimental-feature DebugDescriptionMacro -sdk /Applications/Xcode.app/Contents/Developer/Platforms/iPhoneSimulator.platform/Developer/SDKs/iPhoneSimulator26.5.sdk -target arm64-apple-ios13.0-simulator -g -module-cache-path /tmp/morsel-286-dd/ModuleCache.noindex -Xfrontend -serialize-debugging-options -enable-testing -suppress-warnings -index-store-path /tmp/morsel-286-dd/Index.noindex/DataStore -Xcc -D_LIBCPP_HARDENING_MODE\=_LIBCPP_HARDENING_MODE_DEBUG -swift-version 6 -I /tmp/morsel-286-dd/Build/Products/Debug-iphonesimulator -Isystem /Applications/Xcode.app/Contents/Developer/Platforms/iPhoneSimulator.platform/Developer/usr/lib -F /tmp/morsel-286-dd/Build/Products/Debug-iphonesimulator -F /Applications/Xcode.app/Contents/Developer/Platforms/iPhoneSimulator.platform/Developer/Library/Frameworks -F /Applications/Xcode.app/Contents/Developer/Platforms/iPhoneSimulator.platform/Developer/SDKs/iPhoneSimulator26.5.sdk/Developer/Library/Frameworks -c -j10 -enable-batch-mode -incremental -Xcc -ivfsstatcache -Xcc /tmp/morsel-286-dd/SDKStatCaches.noindex/iphonesimulator26.5-23F81a-6cfe768891a92b912361537c460fe42b.sdkstatcache -output-file-map /tmp/morsel-286-dd/Build/Intermediates.noindex/swift-concurrency-extras.build/Debug-iphonesimulator/ConcurrencyExtras.build/Objects-normal/arm64/ConcurrencyExtras-OutputFileMap.json -use-frontend-parseable-output -save-temps -no-color-diagnostics -explicit-module-build -module-cache-path /tmp/morsel-286-dd/Build/Intermediates.noindex/SwiftExplicitPrecompiledModules -clang-scanner-module-cache-path /tmp/morsel-286-dd/ModuleCache.noindex -sdk-module-cache-path /tmp/morsel-286-dd/ModuleCache.noindex -serialize-diagnostics -emit-dependencies -emit-module -emit-module-path /tmp/morsel-286-dd/Build/Intermediates.noindex/swift-concurrency-extras.build/Debug-iphonesimulator/ConcurrencyExtras.build/Objects-normal/arm64/ConcurrencyExtras.swiftmodule -user-module-version 1.4.1 -validate-clang-modules-once -clang-build-session-file /tmp/morsel-286-dd/ModuleCache.noindex/Session.modulevalidation -package-name swift_concurrency_extras -Xcc -I/tmp/morsel-286-dd/Build/Intermediates.noindex/swift-concurrency-extras.build/Debug-iphonesimulator/ConcurrencyExtras.build/swift-overrides.hmap -emit-const-values -Xfrontend -const-gather-protocols-file -Xfrontend /tmp/morsel-286-dd/Build/Intermediates.noindex/swift-concurrency-extras.build/Debug-iphonesimulator/ConcurrencyExtras.build/Objects-normal/arm64/ConcurrencyExtras_const_extract_protocols.json -Xcc -I/tmp/morsel-286-dd/Build/Products/Debug-iphonesimulator/include -Xcc -I/tmp/morsel-286-dd/Build/Intermediates.noindex/swift-concurrency-extras.build/Debug-iphonesimulator/ConcurrencyExtras.build/DerivedSources-normal/arm64 -Xcc -I/tmp/morsel-286-dd/Build/Intermediates.noindex/swift-concurrency-extras.build/Debug-iphonesimulator/ConcurrencyExtras.build/DerivedSources/arm64 -Xcc -I/tmp/morsel-286-dd/Build/Intermediates.noindex/swift-concurrency-extras.build/Debug-iphonesimulator/ConcurrencyExtras.build/DerivedSources -Xcc -DSWIFT_PACKAGE -Xcc -DDEBUG\=1 -emit-objc-header -emit-objc-header-path /tmp/morsel-286-dd/Build/Intermediates.noindex/swift-concurrency-extras.build/Debug-iphonesimulator/ConcurrencyExtras.build/Objects-normal/arm64/ConcurrencyExtras-Swift.h -working-directory /tmp/morsel-286-mutation-qcdw70bm/issue-286-hero/app/Morsel.xcodeproj -experimental-emit-module-separately -disable-cmo

SwiftCompile normal arm64 Compiling\ ActorIsolated.swift,\ AnyHashableSendable.swift /tmp/morsel-286-dd/SourcePackages/checkouts/swift-concurrency-extras/Sources/ConcurrencyExtras/ActorIsolated.swift /tmp/morsel-286-dd/SourcePackages/checkouts/swift-concurrency-extras/Sources/ConcurrencyExtras/AnyHashableSendable.swift (in target 'ConcurrencyExtras' from project 'swift-concurrency-extras')

SwiftCompile normal arm64 /tmp/morsel-286-dd/SourcePackages/checkouts/swift-concurrency-extras/Sources/ConcurrencyExtras/ActorIsolated.swift (in target 'ConcurrencyExtras' from project 'swift-concurrency-extras')
    cd /tmp/morsel-286-mutation-qcdw70bm/issue-286-hero/app/Morsel.xcodeproj


SwiftCompile normal arm64 /tmp/morsel-286-dd/SourcePackages/checkouts/swift-concurrency-extras/Sources/ConcurrencyExtras/AnyHashableSendable.swift (in target 'ConcurrencyExtras' from project 'swift-concurrency-extras')
    cd /tmp/morsel-286-mutation-qcdw70bm/issue-286-hero/app/Morsel.xcodeproj


SwiftEmitModule normal arm64 Emitting\ module\ for\ ConcurrencyExtras (in target 'ConcurrencyExtras' from project 'swift-concurrency-extras')

EmitSwiftModule normal arm64 (in target 'ConcurrencyExtras' from project 'swift-concurrency-extras')
    cd /tmp/morsel-286-mutation-qcdw70bm/issue-286-hero/app/Morsel.xcodeproj


SwiftCompile normal arm64 Compiling\ LockIsolated.swift /tmp/morsel-286-dd/SourcePackages/checkouts/swift-concurrency-extras/Sources/ConcurrencyExtras/LockIsolated.swift (in target 'ConcurrencyExtras' from project 'swift-concurrency-extras')

SwiftCompile normal arm64 /tmp/morsel-286-dd/SourcePackages/checkouts/swift-concurrency-extras/Sources/ConcurrencyExtras/LockIsolated.swift (in target 'ConcurrencyExtras' from project 'swift-concurrency-extras')
    cd /tmp/morsel-286-mutation-qcdw70bm/issue-286-hero/app/Morsel.xcodeproj


SwiftCompile normal arm64 Compiling\ UncheckedBox.swift /tmp/morsel-286-dd/SourcePackages/checkouts/swift-concurrency-extras/Sources/ConcurrencyExtras/Internal/UncheckedBox.swift (in target 'ConcurrencyExtras' from project 'swift-concurrency-extras')

SwiftCompile normal arm64 /tmp/morsel-286-dd/SourcePackages/checkouts/swift-concurrency-extras/Sources/ConcurrencyExtras/Internal/UncheckedBox.swift (in target 'ConcurrencyExtras' from project 'swift-concurrency-extras')
    cd /tmp/morsel-286-mutation-qcdw70bm/issue-286-hero/app/Morsel.xcodeproj


SwiftCompile normal arm64 Compiling\ AsyncThrowingStream.swift /tmp/morsel-286-dd/SourcePackages/checkouts/swift-concurrency-extras/Sources/ConcurrencyExtras/AsyncThrowingStream.swift (in target 'ConcurrencyExtras' from project 'swift-concurrency-extras')

SwiftCompile normal arm64 /tmp/morsel-286-dd/SourcePackages/checkouts/swift-concurrency-extras/Sources/ConcurrencyExtras/AsyncThrowingStream.swift (in target 'ConcurrencyExtras' from project 'swift-concurrency-extras')
    cd /tmp/morsel-286-mutation-qcdw70bm/issue-286-hero/app/Morsel.xcodeproj


SwiftCompile normal arm64 Compiling\ MainSerialExecutor.swift /tmp/morsel-286-dd/SourcePackages/checkouts/swift-concurrency-extras/Sources/ConcurrencyExtras/MainSerialExecutor.swift (in target 'ConcurrencyExtras' from project 'swift-concurrency-extras')

SwiftCompile normal arm64 /tmp/morsel-286-dd/SourcePackages/checkouts/swift-concurrency-extras/Sources/ConcurrencyExtras/MainSerialExecutor.swift (in target 'ConcurrencyExtras' from project 'swift-concurrency-extras')
    cd /tmp/morsel-286-mutation-qcdw70bm/issue-286-hero/app/Morsel.xcodeproj


SwiftCompile normal arm64 Compiling\ UncheckedSendable.swift /tmp/morsel-286-dd/SourcePackages/checkouts/swift-concurrency-extras/Sources/ConcurrencyExtras/UncheckedSendable.swift (in target 'ConcurrencyExtras' from project 'swift-concurrency-extras')

SwiftCompile normal arm64 /tmp/morsel-286-dd/SourcePackages/checkouts/swift-concurrency-extras/Sources/ConcurrencyExtras/UncheckedSendable.swift (in target 'ConcurrencyExtras' from project 'swift-concurrency-extras')
    cd /tmp/morsel-286-mutation-qcdw70bm/issue-286-hero/app/Morsel.xcodeproj


SwiftCompile normal arm64 Compiling\ Result.swift /tmp/morsel-286-dd/SourcePackages/checkouts/swift-concurrency-extras/Sources/ConcurrencyExtras/Result.swift (in target 'ConcurrencyExtras' from project 'swift-concurrency-extras')

SwiftCompile normal arm64 /tmp/morsel-286-dd/SourcePackages/checkouts/swift-concurrency-extras/Sources/ConcurrencyExtras/Result.swift (in target 'ConcurrencyExtras' from project 'swift-concurrency-extras')
    cd /tmp/morsel-286-mutation-qcdw70bm/issue-286-hero/app/Morsel.xcodeproj


SwiftCompile normal arm64 Compiling\ Task.swift /tmp/morsel-286-dd/SourcePackages/checkouts/swift-concurrency-extras/Sources/ConcurrencyExtras/Task.swift (in target 'ConcurrencyExtras' from project 'swift-concurrency-extras')

SwiftCompile normal arm64 /tmp/morsel-286-dd/SourcePackages/checkouts/swift-concurrency-extras/Sources/ConcurrencyExtras/Task.swift (in target 'ConcurrencyExtras' from project 'swift-concurrency-extras')
    cd /tmp/morsel-286-mutation-qcdw70bm/issue-286-hero/app/Morsel.xcodeproj


SwiftCompile normal arm64 Compiling\ Locking.swift /tmp/morsel-286-dd/SourcePackages/checkouts/swift-concurrency-extras/Sources/ConcurrencyExtras/Internal/Locking.swift (in target 'ConcurrencyExtras' from project 'swift-concurrency-extras')

SwiftCompile normal arm64 /tmp/morsel-286-dd/SourcePackages/checkouts/swift-concurrency-extras/Sources/ConcurrencyExtras/Internal/Locking.swift (in target 'ConcurrencyExtras' from project 'swift-concurrency-extras')
    cd /tmp/morsel-286-mutation-qcdw70bm/issue-286-hero/app/Morsel.xcodeproj


SwiftCompile normal arm64 Compiling\ AsyncStream.swift /tmp/morsel-286-dd/SourcePackages/checkouts/swift-concurrency-extras/Sources/ConcurrencyExtras/AsyncStream.swift (in target 'ConcurrencyExtras' from project 'swift-concurrency-extras')
SwiftCompile normal arm64 /tmp/morsel-286-dd/SourcePackages/checkouts/swift-concurrency-extras/Sources/ConcurrencyExtras/AsyncStream.swift (in target 'ConcurrencyExtras' from project 'swift-concurrency-extras')
    cd /tmp/morsel-286-mutation-qcdw70bm/issue-286-hero/app/Morsel.xcodeproj


SwiftDriverJobDiscovery normal arm64 Compiling Locking.swift (in target 'ConcurrencyExtras' from project 'swift-concurrency-extras')

SwiftDriverJobDiscovery normal arm64 Compiling Result.swift (in target 'ConcurrencyExtras' from project 'swift-concurrency-extras')

SwiftDriverJobDiscovery normal arm64 Compiling UncheckedBox.swift (in target 'ConcurrencyExtras' from project 'swift-concurrency-extras')

SwiftDriverJobDiscovery normal arm64 Compiling LockIsolated.swift (in target 'ConcurrencyExtras' from project 'swift-concurrency-extras')

SwiftDriverJobDiscovery normal arm64 Compiling MainSerialExecutor.swift (in target 'ConcurrencyExtras' from project 'swift-concurrency-extras')

SwiftDriverJobDiscovery normal arm64 Compiling AsyncThrowingStream.swift (in target 'ConcurrencyExtras' from project 'swift-concurrency-extras')

SwiftDriverJobDiscovery normal arm64 Compiling UncheckedSendable.swift (in target 'ConcurrencyExtras' from project 'swift-concurrency-extras')

SwiftDriverJobDiscovery normal arm64 Compiling Task.swift (in target 'ConcurrencyExtras' from project 'swift-concurrency-extras')

SwiftDriverJobDiscovery normal arm64 Emitting module for ConcurrencyExtras (in target 'ConcurrencyExtras' from project 'swift-concurrency-extras')

SwiftDriver\ Compilation\ Requirements ConcurrencyExtras normal arm64 com.apple.xcode.tools.swift.compiler (in target 'ConcurrencyExtras' from project 'swift-concurrency-extras')
    cd /tmp/morsel-286-mutation-qcdw70bm/issue-286-hero/app/Morsel.xcodeproj
    builtin-Swift-Compilation-Requirements -- /Applications/Xcode.app/Contents/Developer/Toolchains/XcodeDefault.xctoolchain/usr/bin/swiftc -module-name ConcurrencyExtras -Onone @/tmp/morsel-286-dd/Build/Intermediates.noindex/swift-concurrency-extras.build/Debug-iphonesimulator/ConcurrencyExtras.build/Objects-normal/arm64/ConcurrencyExtras.SwiftFileList -DSWIFT_PACKAGE -DDEBUG -DSWIFT_MODULE_RESOURCE_BUNDLE_UNAVAILABLE -DXcode -enable-upcoming-feature ExistentialAny -enable-upcoming-feature ImmutableWeakCaptures -enable-upcoming-feature InferIsolatedConformances -enable-upcoming-feature InternalImportsByDefault -enable-upcoming-feature MemberImportVisibility -enable-upcoming-feature NonisolatedNonsendingByDefault -plugin-path /Applications/Xcode.app/Contents/Developer/Toolchains/XcodeDefault.xctoolchain/usr/lib/swift/host/plugins/testing -enable-experimental-feature DebugDescriptionMacro -sdk /Applications/Xcode.app/Contents/Developer/Platforms/iPhoneSimulator.platform/Developer/SDKs/iPhoneSimulator26.5.sdk -target arm64-apple-ios13.0-simulator -g -module-cache-path /tmp/morsel-286-dd/ModuleCache.noindex -Xfrontend -serialize-debugging-options -enable-testing -suppress-warnings -index-store-path /tmp/morsel-286-dd/Index.noindex/DataStore -Xcc -D_LIBCPP_HARDENING_MODE\=_LIBCPP_HARDENING_MODE_DEBUG -swift-version 6 -I /tmp/morsel-286-dd/Build/Products/Debug-iphonesimulator -Isystem /Applications/Xcode.app/Contents/Developer/Platforms/iPhoneSimulator.platform/Developer/usr/lib -F /tmp/morsel-286-dd/Build/Products/Debug-iphonesimulator -F /Applications/Xcode.app/Contents/Developer/Platforms/iPhoneSimulator.platform/Developer/Library/Frameworks -F /Applications/Xcode.app/Contents/Developer/Platforms/iPhoneSimulator.platform/Developer/SDKs/iPhoneSimulator26.5.sdk/Developer/Library/Frameworks -c -j10 -enable-batch-mode -incremental -Xcc -ivfsstatcache -Xcc /tmp/morsel-286-dd/SDKStatCaches.noindex/iphonesimulator26.5-23F81a-6cfe768891a92b912361537c460fe42b.sdkstatcache -output-file-map /tmp/morsel-286-dd/Build/Intermediates.noindex/swift-concurrency-extras.build/Debug-iphonesimulator/ConcurrencyExtras.build/Objects-normal/arm64/ConcurrencyExtras-OutputFileMap.json -use-frontend-parseable-output -save-temps -no-color-diagnostics -explicit-module-build -module-cache-path /tmp/morsel-286-dd/Build/Intermediates.noindex/SwiftExplicitPrecompiledModules -clang-scanner-module-cache-path /tmp/morsel-286-dd/ModuleCache.noindex -sdk-module-cache-path /tmp/morsel-286-dd/ModuleCache.noindex -serialize-diagnostics -emit-dependencies -emit-module -emit-module-path /tmp/morsel-286-dd/Build/Intermediates.noindex/swift-concurrency-extras.build/Debug-iphonesimulator/ConcurrencyExtras.build/Objects-normal/arm64/ConcurrencyExtras.swiftmodule -user-module-version 1.4.1 -validate-clang-modules-once -clang-build-session-file /tmp/morsel-286-dd/ModuleCache.noindex/Session.modulevalidation -package-name swift_concurrency_extras -Xcc -I/tmp/morsel-286-dd/Build/Intermediates.noindex/swift-concurrency-extras.build/Debug-iphonesimulator/ConcurrencyExtras.build/swift-overrides.hmap -emit-const-values -Xfrontend -const-gather-protocols-file -Xfrontend /tmp/morsel-286-dd/Build/Intermediates.noindex/swift-concurrency-extras.build/Debug-iphonesimulator/ConcurrencyExtras.build/Objects-normal/arm64/ConcurrencyExtras_const_extract_protocols.json -Xcc -I/tmp/morsel-286-dd/Build/Products/Debug-iphonesimulator/include -Xcc -I/tmp/morsel-286-dd/Build/Intermediates.noindex/swift-concurrency-extras.build/Debug-iphonesimulator/ConcurrencyExtras.build/DerivedSources-normal/arm64 -Xcc -I/tmp/morsel-286-dd/Build/Intermediates.noindex/swift-concurrency-extras.build/Debug-iphonesimulator/ConcurrencyExtras.build/DerivedSources/arm64 -Xcc -I/tmp/morsel-286-dd/Build/Intermediates.noindex/swift-concurrency-extras.build/Debug-iphonesimulator/ConcurrencyExtras.build/DerivedSources -Xcc -DSWIFT_PACKAGE -Xcc -DDEBUG\=1 -emit-objc-header -emit-objc-header-path /tmp/morsel-286-dd/Build/Intermediates.noindex/swift-concurrency-extras.build/Debug-iphonesimulator/ConcurrencyExtras.build/Objects-normal/arm64/ConcurrencyExtras-Swift.h -working-directory /tmp/morsel-286-mutation-qcdw70bm/issue-286-hero/app/Morsel.xcodeproj -experimental-emit-module-separately -disable-cmo

Copy /tmp/morsel-286-dd/Build/Products/Debug-iphonesimulator/ConcurrencyExtras.swiftmodule/arm64-apple-ios-simulator.abi.json /tmp/morsel-286-dd/Build/Intermediates.noindex/swift-concurrency-extras.build/Debug-iphonesimulator/ConcurrencyExtras.build/Objects-normal/arm64/ConcurrencyExtras.abi.json (in target 'ConcurrencyExtras' from project 'swift-concurrency-extras')
    cd /tmp/morsel-286-dd/SourcePackages/checkouts/swift-concurrency-extras
    builtin-copy -exclude .DS_Store -exclude CVS -exclude .svn -exclude .git -exclude .hg -resolve-src-symlinks -rename /tmp/morsel-286-dd/Build/Intermediates.noindex/swift-concurrency-extras.build/Debug-iphonesimulator/ConcurrencyExtras.build/Objects-normal/arm64/ConcurrencyExtras.abi.json /tmp/morsel-286-dd/Build/Products/Debug-iphonesimulator/ConcurrencyExtras.swiftmodule/arm64-apple-ios-simulator.abi.json

SwiftDriverJobDiscovery normal arm64 Compiling ActorIsolated.swift, AnyHashableSendable.swift (in target 'ConcurrencyExtras' from project 'swift-concurrency-extras')

Copy /tmp/morsel-286-dd/Build/Products/Debug-iphonesimulator/ConcurrencyExtras.swiftmodule/arm64-apple-ios-simulator.swiftmodule /tmp/morsel-286-dd/Build/Intermediates.noindex/swift-concurrency-extras.build/Debug-iphonesimulator/ConcurrencyExtras.build/Objects-normal/arm64/ConcurrencyExtras.swiftmodule (in target 'ConcurrencyExtras' from project 'swift-concurrency-extras')
    cd /tmp/morsel-286-dd/SourcePackages/checkouts/swift-concurrency-extras
    builtin-copy -exclude .DS_Store -exclude CVS -exclude .svn -exclude .git -exclude .hg -resolve-src-symlinks -rename /tmp/morsel-286-dd/Build/Intermediates.noindex/swift-concurrency-extras.build/Debug-iphonesimulator/ConcurrencyExtras.build/Objects-normal/arm64/ConcurrencyExtras.swiftmodule /tmp/morsel-286-dd/Build/Products/Debug-iphonesimulator/ConcurrencyExtras.swiftmodule/arm64-apple-ios-simulator.swiftmodule

SwiftDriver HTTPTypes normal arm64 com.apple.xcode.tools.swift.compiler (in target 'HTTPTypes' from project 'swift-http-types')
    cd /tmp/morsel-286-mutation-qcdw70bm/issue-286-hero/app/Morsel.xcodeproj
    builtin-SwiftDriver -- /Applications/Xcode.app/Contents/Developer/Toolchains/XcodeDefault.xctoolchain/usr/bin/swiftc -module-name HTTPTypes -Onone @/tmp/morsel-286-dd/Build/Intermediates.noindex/swift-http-types.build/Debug-iphonesimulator/HTTPTypes.build/Objects-normal/arm64/HTTPTypes.SwiftFileList -DSWIFT_PACKAGE -DDEBUG -DSWIFT_MODULE_RESOURCE_BUNDLE_UNAVAILABLE -DFoundationURL -DXcode -enable-upcoming-feature InternalImportsByDefault -enable-upcoming-feature MemberImportVisibility -plugin-path /Applications/Xcode.app/Contents/Developer/Toolchains/XcodeDefault.xctoolchain/usr/lib/swift/host/plugins/testing -enable-experimental-feature DebugDescriptionMacro -sdk /Applications/Xcode.app/Contents/Developer/Platforms/iPhoneSimulator.platform/Developer/SDKs/iPhoneSimulator26.5.sdk -target arm64-apple-ios12.0-simulator -g -module-cache-path /tmp/morsel-286-dd/ModuleCache.noindex -Xfrontend -serialize-debugging-options -enable-testing -suppress-warnings -index-store-path /tmp/morsel-286-dd/Index.noindex/DataStore -Xcc -D_LIBCPP_HARDENING_MODE\=_LIBCPP_HARDENING_MODE_DEBUG -swift-version 6 -I /tmp/morsel-286-dd/Build/Products/Debug-iphonesimulator -Isystem /Applications/Xcode.app/Contents/Developer/Platforms/iPhoneSimulator.platform/Developer/usr/lib -F /tmp/morsel-286-dd/Build/Products/Debug-iphonesimulator -F /Applications/Xcode.app/Contents/Developer/Platforms/iPhoneSimulator.platform/Developer/Library/Frameworks -F /Applications/Xcode.app/Contents/Developer/Platforms/iPhoneSimulator.platform/Developer/SDKs/iPhoneSimulator26.5.sdk/Developer/Library/Frameworks -c -j10 -enable-batch-mode -incremental -Xcc -ivfsstatcache -Xcc /tmp/morsel-286-dd/SDKStatCaches.noindex/iphonesimulator26.5-23F81a-6cfe768891a92b912361537c460fe42b.sdkstatcache -output-file-map /tmp/morsel-286-dd/Build/Intermediates.noindex/swift-http-types.build/Debug-iphonesimulator/HTTPTypes.build/Objects-normal/arm64/HTTPTypes-OutputFileMap.json -use-frontend-parseable-output -save-temps -no-color-diagnostics -explicit-module-build -module-cache-path /tmp/morsel-286-dd/Build/Intermediates.noindex/SwiftExplicitPrecompiledModules -clang-scanner-module-cache-path /tmp/morsel-286-dd/ModuleCache.noindex -sdk-module-cache-path /tmp/morsel-286-dd/ModuleCache.noindex -serialize-diagnostics -emit-dependencies -emit-module -emit-module-path /tmp/morsel-286-dd/Build/Intermediates.noindex/swift-http-types.build/Debug-iphonesimulator/HTTPTypes.build/Objects-normal/arm64/HTTPTypes.swiftmodule -user-module-version 1.6.0 -validate-clang-modules-once -clang-build-session-file /tmp/morsel-286-dd/ModuleCache.noindex/Session.modulevalidation -package-name swift_http_types -Xcc -I/tmp/morsel-286-dd/Build/Intermediates.noindex/swift-http-types.build/Debug-iphonesimulator/HTTPTypes.build/swift-overrides.hmap -emit-const-values -Xfrontend -const-gather-protocols-file -Xfrontend /tmp/morsel-286-dd/Build/Intermediates.noindex/swift-http-types.build/Debug-iphonesimulator/HTTPTypes.build/Objects-normal/arm64/HTTPTypes_const_extract_protocols.json -Xcc -I/tmp/morsel-286-dd/Build/Products/Debug-iphonesimulator/include -Xcc -I/tmp/morsel-286-dd/Build/Intermediates.noindex/swift-http-types.build/Debug-iphonesimulator/HTTPTypes.build/DerivedSources-normal/arm64 -Xcc -I/tmp/morsel-286-dd/Build/Intermediates.noindex/swift-http-types.build/Debug-iphonesimulator/HTTPTypes.build/DerivedSources/arm64 -Xcc -I/tmp/morsel-286-dd/Build/Intermediates.noindex/swift-http-types.build/Debug-iphonesimulator/HTTPTypes.build/DerivedSources -Xcc -DSWIFT_PACKAGE -Xcc -DDEBUG\=1 -emit-objc-header -emit-objc-header-path /tmp/morsel-286-dd/Build/Intermediates.noindex/swift-http-types.build/Debug-iphonesimulator/HTTPTypes.build/Objects-normal/arm64/HTTPTypes-Swift.h -working-directory /tmp/morsel-286-mutation-qcdw70bm/issue-286-hero/app/Morsel.xcodeproj -experimental-emit-module-separately -disable-cmo

SwiftDriverJobDiscovery normal arm64 Compiling AsyncStream.swift (in target 'ConcurrencyExtras' from project 'swift-concurrency-extras')

SwiftDriver\ Compilation ConcurrencyExtras normal arm64 com.apple.xcode.tools.swift.compiler (in target 'ConcurrencyExtras' from project 'swift-concurrency-extras')
    cd /tmp/morsel-286-mutation-qcdw70bm/issue-286-hero/app/Morsel.xcodeproj
    builtin-Swift-Compilation -- /Applications/Xcode.app/Contents/Developer/Toolchains/XcodeDefault.xctoolchain/usr/bin/swiftc -module-name ConcurrencyExtras -Onone @/tmp/morsel-286-dd/Build/Intermediates.noindex/swift-concurrency-extras.build/Debug-iphonesimulator/ConcurrencyExtras.build/Objects-normal/arm64/ConcurrencyExtras.SwiftFileList -DSWIFT_PACKAGE -DDEBUG -DSWIFT_MODULE_RESOURCE_BUNDLE_UNAVAILABLE -DXcode -enable-upcoming-feature ExistentialAny -enable-upcoming-feature ImmutableWeakCaptures -enable-upcoming-feature InferIsolatedConformances -enable-upcoming-feature InternalImportsByDefault -enable-upcoming-feature MemberImportVisibility -enable-upcoming-feature NonisolatedNonsendingByDefault -plugin-path /Applications/Xcode.app/Contents/Developer/Toolchains/XcodeDefault.xctoolchain/usr/lib/swift/host/plugins/testing -enable-experimental-feature DebugDescriptionMacro -sdk /Applications/Xcode.app/Contents/Developer/Platforms/iPhoneSimulator.platform/Developer/SDKs/iPhoneSimulator26.5.sdk -target arm64-apple-ios13.0-simulator -g -module-cache-path /tmp/morsel-286-dd/ModuleCache.noindex -Xfrontend -serialize-debugging-options -enable-testing -suppress-warnings -index-store-path /tmp/morsel-286-dd/Index.noindex/DataStore -Xcc -D_LIBCPP_HARDENING_MODE\=_LIBCPP_HARDENING_MODE_DEBUG -swift-version 6 -I /tmp/morsel-286-dd/Build/Products/Debug-iphonesimulator -Isystem /Applications/Xcode.app/Contents/Developer/Platforms/iPhoneSimulator.platform/Developer/usr/lib -F /tmp/morsel-286-dd/Build/Products/Debug-iphonesimulator -F /Applications/Xcode.app/Contents/Developer/Platforms/iPhoneSimulator.platform/Developer/Library/Frameworks -F /Applications/Xcode.app/Contents/Developer/Platforms/iPhoneSimulator.platform/Developer/SDKs/iPhoneSimulator26.5.sdk/Developer/Library/Frameworks -c -j10 -enable-batch-mode -incremental -Xcc -ivfsstatcache -Xcc /tmp/morsel-286-dd/SDKStatCaches.noindex/iphonesimulator26.5-23F81a-6cfe768891a92b912361537c460fe42b.sdkstatcache -output-file-map /tmp/morsel-286-dd/Build/Intermediates.noindex/swift-concurrency-extras.build/Debug-iphonesimulator/ConcurrencyExtras.build/Objects-normal/arm64/ConcurrencyExtras-OutputFileMap.json -use-frontend-parseable-output -save-temps -no-color-diagnostics -explicit-module-build -module-cache-path /tmp/morsel-286-dd/Build/Intermediates.noindex/SwiftExplicitPrecompiledModules -clang-scanner-module-cache-path /tmp/morsel-286-dd/ModuleCache.noindex -sdk-module-cache-path /tmp/morsel-286-dd/ModuleCache.noindex -serialize-diagnostics -emit-dependencies -emit-module -emit-module-path /tmp/morsel-286-dd/Build/Intermediates.noindex/swift-concurrency-extras.build/Debug-iphonesimulator/ConcurrencyExtras.build/Objects-normal/arm64/ConcurrencyExtras.swiftmodule -user-module-version 1.4.1 -validate-clang-modules-once -clang-build-session-file /tmp/morsel-286-dd/ModuleCache.noindex/Session.modulevalidation -package-name swift_concurrency_extras -Xcc -I/tmp/morsel-286-dd/Build/Intermediates.noindex/swift-concurrency-extras.build/Debug-iphonesimulator/ConcurrencyExtras.build/swift-overrides.hmap -emit-const-values -Xfrontend -const-gather-protocols-file -Xfrontend /tmp/morsel-286-dd/Build/Intermediates.noindex/swift-concurrency-extras.build/Debug-iphonesimulator/ConcurrencyExtras.build/Objects-normal/arm64/ConcurrencyExtras_const_extract_protocols.json -Xcc -I/tmp/morsel-286-dd/Build/Products/Debug-iphonesimulator/include -Xcc -I/tmp/morsel-286-dd/Build/Intermediates.noindex/swift-concurrency-extras.build/Debug-iphonesimulator/ConcurrencyExtras.build/DerivedSources-normal/arm64 -Xcc -I/tmp/morsel-286-dd/Build/Intermediates.noindex/swift-concurrency-extras.build/Debug-iphonesimulator/ConcurrencyExtras.build/DerivedSources/arm64 -Xcc -I/tmp/morsel-286-dd/Build/Intermediates.noindex/swift-concurrency-extras.build/Debug-iphonesimulator/ConcurrencyExtras.build/DerivedSources -Xcc -DSWIFT_PACKAGE -Xcc -DDEBUG\=1 -emit-objc-header -emit-objc-header-path /tmp/morsel-286-dd/Build/Intermediates.noindex/swift-concurrency-extras.build/Debug-iphonesimulator/ConcurrencyExtras.build/Objects-normal/arm64/ConcurrencyExtras-Swift.h -working-directory /tmp/morsel-286-mutation-qcdw70bm/issue-286-hero/app/Morsel.xcodeproj -experimental-emit-module-separately -disable-cmo

Ld /tmp/morsel-286-dd/Build/Products/Debug-iphonesimulator/ConcurrencyExtras.o normal (in target 'ConcurrencyExtras' from project 'swift-concurrency-extras')
    cd /tmp/morsel-286-dd/SourcePackages/checkouts/swift-concurrency-extras
    /Applications/Xcode.app/Contents/Developer/Toolchains/XcodeDefault.xctoolchain/usr/bin/clang -Xlinker -reproducible -target arm64-apple-ios13.0-simulator -r -isysroot /Applications/Xcode.app/Contents/Developer/Platforms/iPhoneSimulator.platform/Developer/SDKs/iPhoneSimulator26.5.sdk -O0 -w -F/tmp/morsel-286-dd/Build/Intermediates.noindex/EagerLinkingTBDs/Debug-iphonesimulator -F/tmp/morsel-286-dd/Build/Products/Debug-iphonesimulator -iframework /Applications/Xcode.app/Contents/Developer/Platforms/iPhoneSimulator.platform/Developer/Library/Frameworks -iframework /Applications/Xcode.app/Contents/Developer/Platforms/iPhoneSimulator.platform/Developer/SDKs/iPhoneSimulator26.5.sdk/Developer/Library/Frameworks -filelist /tmp/morsel-286-dd/Build/Intermediates.noindex/swift-concurrency-extras.build/Debug-iphonesimulator/ConcurrencyExtras.build/Objects-normal/arm64/ConcurrencyExtras.LinkFileList -nostdlib -Xlinker -object_path_lto -Xlinker /tmp/morsel-286-dd/Build/Intermediates.noindex/swift-concurrency-extras.build/Debug-iphonesimulator/ConcurrencyExtras.build/Objects-normal/arm64/ConcurrencyExtras_lto.o -Xlinker -no_deduplicate -Xlinker -objc_abi_version -Xlinker 2 -Xlinker -dependency_info -Xlinker /tmp/morsel-286-dd/Build/Intermediates.noindex/swift-concurrency-extras.build/Debug-iphonesimulator/ConcurrencyExtras.build/Objects-normal/arm64/ConcurrencyExtras_dependency_info.dat -fobjc-link-runtime -L/Applications/Xcode.app/Contents/Developer/Toolchains/XcodeDefault.xctoolchain/usr/lib/swift/iphonesimulator -L/usr/lib/swift -Xlinker -add_ast_path -Xlinker /tmp/morsel-286-dd/Build/Intermediates.noindex/swift-concurrency-extras.build/Debug-iphonesimulator/ConcurrencyExtras.build/Objects-normal/arm64/ConcurrencyExtras.swiftmodule @/tmp/morsel-286-dd/Build/Intermediates.noindex/swift-concurrency-extras.build/Debug-iphonesimulator/ConcurrencyExtras.build/Objects-normal/arm64/ConcurrencyExtras-linker-args.resp -o /tmp/morsel-286-dd/Build/Products/Debug-iphonesimulator/ConcurrencyExtras.o

ExtractAppIntentsMetadata (in target 'ConcurrencyExtras' from project 'swift-concurrency-extras')
    cd /tmp/morsel-286-dd/SourcePackages/checkouts/swift-concurrency-extras
    /Applications/Xcode.app/Contents/Developer/Toolchains/XcodeDefault.xctoolchain/usr/bin/appintentsmetadataprocessor --toolchain-dir /Applications/Xcode.app/Contents/Developer/Toolchains/XcodeDefault.xctoolchain --module-name ConcurrencyExtras --sdk-root /Applications/Xcode.app/Contents/Developer/Platforms/iPhoneSimulator.platform/Developer/SDKs/iPhoneSimulator26.5.sdk --xcode-version 17F113 --platform-family iOS --deployment-target 13.0 --bundle-identifier swift-concurrency-extras.ConcurrencyExtras --output /tmp/morsel-286-dd/Build/Products/Debug-iphonesimulator/ConcurrencyExtras.appintents --target-triple arm64-apple-ios13.0-simulator --binary-file /tmp/morsel-286-dd/Build/Products/Debug-iphonesimulator/ConcurrencyExtras.o --dependency-file /tmp/morsel-286-dd/Build/Intermediates.noindex/swift-concurrency-extras.build/Debug-iphonesimulator/ConcurrencyExtras.build/Objects-normal/arm64/ConcurrencyExtras_dependency_info.dat --stringsdata-file /tmp/morsel-286-dd/Build/Intermediates.noindex/swift-concurrency-extras.build/Debug-iphonesimulator/ConcurrencyExtras.build/Objects-normal/arm64/ExtractedAppShortcutsMetadata.stringsdata --source-file-list /tmp/morsel-286-dd/Build/Intermediates.noindex/swift-concurrency-extras.build/Debug-iphonesimulator/ConcurrencyExtras.build/Objects-normal/arm64/ConcurrencyExtras.SwiftFileList --metadata-file-list /tmp/morsel-286-dd/Build/Intermediates.noindex/swift-concurrency-extras.build/Debug-iphonesimulator/ConcurrencyExtras.build/ConcurrencyExtras.DependencyMetadataFileList --static-metadata-file-list /tmp/morsel-286-dd/Build/Intermediates.noindex/swift-concurrency-extras.build/Debug-iphonesimulator/ConcurrencyExtras.build/ConcurrencyExtras.DependencyStaticMetadataFileList --swift-const-vals-list /tmp/morsel-286-dd/Build/Intermediates.noindex/swift-concurrency-extras.build/Debug-iphonesimulator/ConcurrencyExtras.build/Objects-normal/arm64/ConcurrencyExtras.SwiftConstValuesFileList --force --compile-time-extraction --deployment-aware-processing --validate-assistant-intents --no-app-shortcuts-localization
2026-09-17 12:32:44.938 appintentsmetadataprocessor[30647:12829687] Starting appintentsmetadataprocessor export
2026-09-17 12:32:44.996 appintentsmetadataprocessor[30647:12829687] Extracted no relevant App Intents symbols, skipping writing output

SwiftEmitModule normal arm64 Emitting\ module\ for\ HTTPTypes (in target 'HTTPTypes' from project 'swift-http-types')

EmitSwiftModule normal arm64 (in target 'HTTPTypes' from project 'swift-http-types')
    cd /tmp/morsel-286-mutation-qcdw70bm/issue-286-hero/app/Morsel.xcodeproj


RegisterExecutionPolicyException /tmp/morsel-286-dd/Build/Products/Debug-iphonesimulator/ConcurrencyExtras.o (in target 'ConcurrencyExtras' from project 'swift-concurrency-extras')
    cd /tmp/morsel-286-dd/SourcePackages/checkouts/swift-concurrency-extras
    builtin-RegisterExecutionPolicyException /tmp/morsel-286-dd/Build/Products/Debug-iphonesimulator/ConcurrencyExtras.o

SwiftCompile normal arm64 Compiling\ HTTPRequest+URL.swift /tmp/morsel-286-dd/SourcePackages/checkouts/swift-http-types/Sources/HTTPTypes/HTTPRequest+URL.swift (in target 'HTTPTypes' from project 'swift-http-types')
SwiftCompile normal arm64 /tmp/morsel-286-dd/SourcePackages/checkouts/swift-http-types/Sources/HTTPTypes/HTTPRequest+URL.swift (in target 'HTTPTypes' from project 'swift-http-types')
    cd /tmp/morsel-286-mutation-qcdw70bm/issue-286-hero/app/Morsel.xcodeproj


SwiftCompile normal arm64 Compiling\ HTTPParsedFields.swift /tmp/morsel-286-dd/SourcePackages/checkouts/swift-http-types/Sources/HTTPTypes/HTTPParsedFields.swift (in target 'HTTPTypes' from project 'swift-http-types')

SwiftCompile normal arm64 /tmp/morsel-286-dd/SourcePackages/checkouts/swift-http-types/Sources/HTTPTypes/HTTPParsedFields.swift (in target 'HTTPTypes' from project 'swift-http-types')
    cd /tmp/morsel-286-mutation-qcdw70bm/issue-286-hero/app/Morsel.xcodeproj


SwiftCompile normal arm64 Compiling\ NIOLock.swift /tmp/morsel-286-dd/SourcePackages/checkouts/swift-http-types/Sources/HTTPTypes/NIOLock.swift (in target 'HTTPTypes' from project 'swift-http-types')

SwiftCompile normal arm64 /tmp/morsel-286-dd/SourcePackages/checkouts/swift-http-types/Sources/HTTPTypes/NIOLock.swift (in target 'HTTPTypes' from project 'swift-http-types')
    cd /tmp/morsel-286-mutation-qcdw70bm/issue-286-hero/app/Morsel.xcodeproj


SwiftCompile normal arm64 Compiling\ HTTPField.swift /tmp/morsel-286-dd/SourcePackages/checkouts/swift-http-types/Sources/HTTPTypes/HTTPField.swift (in target 'HTTPTypes' from project 'swift-http-types')
SwiftCompile normal arm64 /tmp/morsel-286-dd/SourcePackages/checkouts/swift-http-types/Sources/HTTPTypes/HTTPField.swift (in target 'HTTPTypes' from project 'swift-http-types')
    cd /tmp/morsel-286-mutation-qcdw70bm/issue-286-hero/app/Morsel.xcodeproj


SwiftCompile normal arm64 Compiling\ HTTPFields.swift /tmp/morsel-286-dd/SourcePackages/checkouts/swift-http-types/Sources/HTTPTypes/HTTPFields.swift (in target 'HTTPTypes' from project 'swift-http-types')
SwiftCompile normal arm64 /tmp/morsel-286-dd/SourcePackages/checkouts/swift-http-types/Sources/HTTPTypes/HTTPFields.swift (in target 'HTTPTypes' from project 'swift-http-types')
    cd /tmp/morsel-286-mutation-qcdw70bm/issue-286-hero/app/Morsel.xcodeproj


SwiftCompile normal arm64 Compiling\ HTTPResponse.swift /tmp/morsel-286-dd/SourcePackages/checkouts/swift-http-types/Sources/HTTPTypes/HTTPResponse.swift (in target 'HTTPTypes' from project 'swift-http-types')

SwiftCompile normal arm64 /tmp/morsel-286-dd/SourcePackages/checkouts/swift-http-types/Sources/HTTPTypes/HTTPResponse.swift (in target 'HTTPTypes' from project 'swift-http-types')
    cd /tmp/morsel-286-mutation-qcdw70bm/issue-286-hero/app/Morsel.xcodeproj


SwiftCompile normal arm64 Compiling\ HTTPFieldName.swift /tmp/morsel-286-dd/SourcePackages/checkouts/swift-http-types/Sources/HTTPTypes/HTTPFieldName.swift (in target 'HTTPTypes' from project 'swift-http-types')

SwiftCompile normal arm64 /tmp/morsel-286-dd/SourcePackages/checkouts/swift-http-types/Sources/HTTPTypes/HTTPFieldName.swift (in target 'HTTPTypes' from project 'swift-http-types')
    cd /tmp/morsel-286-mutation-qcdw70bm/issue-286-hero/app/Morsel.xcodeproj


SwiftCompile normal arm64 Compiling\ ISOLatin1String.swift /tmp/morsel-286-dd/SourcePackages/checkouts/swift-http-types/Sources/HTTPTypes/ISOLatin1String.swift (in target 'HTTPTypes' from project 'swift-http-types')

SwiftCompile normal arm64 /tmp/morsel-286-dd/SourcePackages/checkouts/swift-http-types/Sources/HTTPTypes/ISOLatin1String.swift (in target 'HTTPTypes' from project 'swift-http-types')
    cd /tmp/morsel-286-mutation-qcdw70bm/issue-286-hero/app/Morsel.xcodeproj


SwiftCompile normal arm64 Compiling\ HTTPRequest.swift /tmp/morsel-286-dd/SourcePackages/checkouts/swift-http-types/Sources/HTTPTypes/HTTPRequest.swift (in target 'HTTPTypes' from project 'swift-http-types')

SwiftCompile normal arm64 /tmp/morsel-286-dd/SourcePackages/checkouts/swift-http-types/Sources/HTTPTypes/HTTPRequest.swift (in target 'HTTPTypes' from project 'swift-http-types')
    cd /tmp/morsel-286-mutation-qcdw70bm/issue-286-hero/app/Morsel.xcodeproj


SwiftDriverJobDiscovery normal arm64 Compiling NIOLock.swift (in target 'HTTPTypes' from project 'swift-http-types')

SwiftDriverJobDiscovery normal arm64 Emitting module for HTTPTypes (in target 'HTTPTypes' from project 'swift-http-types')

SwiftDriver\ Compilation\ Requirements HTTPTypes normal arm64 com.apple.xcode.tools.swift.compiler (in target 'HTTPTypes' from project 'swift-http-types')
    cd /tmp/morsel-286-mutation-qcdw70bm/issue-286-hero/app/Morsel.xcodeproj
    builtin-Swift-Compilation-Requirements -- /Applications/Xcode.app/Contents/Developer/Toolchains/XcodeDefault.xctoolchain/usr/bin/swiftc -module-name HTTPTypes -Onone @/tmp/morsel-286-dd/Build/Intermediates.noindex/swift-http-types.build/Debug-iphonesimulator/HTTPTypes.build/Objects-normal/arm64/HTTPTypes.SwiftFileList -DSWIFT_PACKAGE -DDEBUG -DSWIFT_MODULE_RESOURCE_BUNDLE_UNAVAILABLE -DFoundationURL -DXcode -enable-upcoming-feature InternalImportsByDefault -enable-upcoming-feature MemberImportVisibility -plugin-path /Applications/Xcode.app/Contents/Developer/Toolchains/XcodeDefault.xctoolchain/usr/lib/swift/host/plugins/testing -enable-experimental-feature DebugDescriptionMacro -sdk /Applications/Xcode.app/Contents/Developer/Platforms/iPhoneSimulator.platform/Developer/SDKs/iPhoneSimulator26.5.sdk -target arm64-apple-ios12.0-simulator -g -module-cache-path /tmp/morsel-286-dd/ModuleCache.noindex -Xfrontend -serialize-debugging-options -enable-testing -suppress-warnings -index-store-path /tmp/morsel-286-dd/Index.noindex/DataStore -Xcc -D_LIBCPP_HARDENING_MODE\=_LIBCPP_HARDENING_MODE_DEBUG -swift-version 6 -I /tmp/morsel-286-dd/Build/Products/Debug-iphonesimulator -Isystem /Applications/Xcode.app/Contents/Developer/Platforms/iPhoneSimulator.platform/Developer/usr/lib -F /tmp/morsel-286-dd/Build/Products/Debug-iphonesimulator -F /Applications/Xcode.app/Contents/Developer/Platforms/iPhoneSimulator.platform/Developer/Library/Frameworks -F /Applications/Xcode.app/Contents/Developer/Platforms/iPhoneSimulator.platform/Developer/SDKs/iPhoneSimulator26.5.sdk/Developer/Library/Frameworks -c -j10 -enable-batch-mode -incremental -Xcc -ivfsstatcache -Xcc /tmp/morsel-286-dd/SDKStatCaches.noindex/iphonesimulator26.5-23F81a-6cfe768891a92b912361537c460fe42b.sdkstatcache -output-file-map /tmp/morsel-286-dd/Build/Intermediates.noindex/swift-http-types.build/Debug-iphonesimulator/HTTPTypes.build/Objects-normal/arm64/HTTPTypes-OutputFileMap.json -use-frontend-parseable-output -save-temps -no-color-diagnostics -explicit-module-build -module-cache-path /tmp/morsel-286-dd/Build/Intermediates.noindex/SwiftExplicitPrecompiledModules -clang-scanner-module-cache-path /tmp/morsel-286-dd/ModuleCache.noindex -sdk-module-cache-path /tmp/morsel-286-dd/ModuleCache.noindex -serialize-diagnostics -emit-dependencies -emit-module -emit-module-path /tmp/morsel-286-dd/Build/Intermediates.noindex/swift-http-types.build/Debug-iphonesimulator/HTTPTypes.build/Objects-normal/arm64/HTTPTypes.swiftmodule -user-module-version 1.6.0 -validate-clang-modules-once -clang-build-session-file /tmp/morsel-286-dd/ModuleCache.noindex/Session.modulevalidation -package-name swift_http_types -Xcc -I/tmp/morsel-286-dd/Build/Intermediates.noindex/swift-http-types.build/Debug-iphonesimulator/HTTPTypes.build/swift-overrides.hmap -emit-const-values -Xfrontend -const-gather-protocols-file -Xfrontend /tmp/morsel-286-dd/Build/Intermediates.noindex/swift-http-types.build/Debug-iphonesimulator/HTTPTypes.build/Objects-normal/arm64/HTTPTypes_const_extract_protocols.json -Xcc -I/tmp/morsel-286-dd/Build/Products/Debug-iphonesimulator/include -Xcc -I/tmp/morsel-286-dd/Build/Intermediates.noindex/swift-http-types.build/Debug-iphonesimulator/HTTPTypes.build/DerivedSources-normal/arm64 -Xcc -I/tmp/morsel-286-dd/Build/Intermediates.noindex/swift-http-types.build/Debug-iphonesimulator/HTTPTypes.build/DerivedSources/arm64 -Xcc -I/tmp/morsel-286-dd/Build/Intermediates.noindex/swift-http-types.build/Debug-iphonesimulator/HTTPTypes.build/DerivedSources -Xcc -DSWIFT_PACKAGE -Xcc -DDEBUG\=1 -emit-objc-header -emit-objc-header-path /tmp/morsel-286-dd/Build/Intermediates.noindex/swift-http-types.build/Debug-iphonesimulator/HTTPTypes.build/Objects-normal/arm64/HTTPTypes-Swift.h -working-directory /tmp/morsel-286-mutation-qcdw70bm/issue-286-hero/app/Morsel.xcodeproj -experimental-emit-module-separately -disable-cmo

Copy /tmp/morsel-286-dd/Build/Products/Debug-iphonesimulator/HTTPTypes.swiftmodule/arm64-apple-ios-simulator.abi.json /tmp/morsel-286-dd/Build/Intermediates.noindex/swift-http-types.build/Debug-iphonesimulator/HTTPTypes.build/Objects-normal/arm64/HTTPTypes.abi.json (in target 'HTTPTypes' from project 'swift-http-types')
    cd /tmp/morsel-286-dd/SourcePackages/checkouts/swift-http-types
    builtin-copy -exclude .DS_Store -exclude CVS -exclude .svn -exclude .git -exclude .hg -resolve-src-symlinks -rename /tmp/morsel-286-dd/Build/Intermediates.noindex/swift-http-types.build/Debug-iphonesimulator/HTTPTypes.build/Objects-normal/arm64/HTTPTypes.abi.json /tmp/morsel-286-dd/Build/Products/Debug-iphonesimulator/HTTPTypes.swiftmodule/arm64-apple-ios-simulator.abi.json

Copy /tmp/morsel-286-dd/Build/Products/Debug-iphonesimulator/HTTPTypes.swiftmodule/arm64-apple-ios-simulator.swiftmodule /tmp/morsel-286-dd/Build/Intermediates.noindex/swift-http-types.build/Debug-iphonesimulator/HTTPTypes.build/Objects-normal/arm64/HTTPTypes.swiftmodule (in target 'HTTPTypes' from project 'swift-http-types')
    cd /tmp/morsel-286-dd/SourcePackages/checkouts/swift-http-types
    builtin-copy -exclude .DS_Store -exclude CVS -exclude .svn -exclude .git -exclude .hg -resolve-src-symlinks -rename /tmp/morsel-286-dd/Build/Intermediates.noindex/swift-http-types.build/Debug-iphonesimulator/HTTPTypes.build/Objects-normal/arm64/HTTPTypes.swiftmodule /tmp/morsel-286-dd/Build/Products/Debug-iphonesimulator/HTTPTypes.swiftmodule/arm64-apple-ios-simulator.swiftmodule

SwiftDriver IssueReporting normal arm64 com.apple.xcode.tools.swift.compiler (in target 'IssueReporting' from project 'xctest-dynamic-overlay')
    cd /tmp/morsel-286-mutation-qcdw70bm/issue-286-hero/app/Morsel.xcodeproj
    builtin-SwiftDriver -- /Applications/Xcode.app/Contents/Developer/Toolchains/XcodeDefault.xctoolchain/usr/bin/swiftc -module-name IssueReporting -Onone @/tmp/morsel-286-dd/Build/Intermediates.noindex/xctest-dynamic-overlay.build/Debug-iphonesimulator/IssueReporting.build/Objects-normal/arm64/IssueReporting.SwiftFileList -DSWIFT_PACKAGE -DDEBUG -DSWIFT_MODULE_RESOURCE_BUNDLE_UNAVAILABLE -DXcode -enable-upcoming-feature ExistentialAny -enable-upcoming-feature ImmutableWeakCaptures -enable-upcoming-feature InferIsolatedConformances -enable-upcoming-feature InternalImportsByDefault -enable-upcoming-feature MemberImportVisibility -enable-upcoming-feature NonisolatedNonsendingByDefault -plugin-path /Applications/Xcode.app/Contents/Developer/Toolchains/XcodeDefault.xctoolchain/usr/lib/swift/host/plugins/testing -enable-experimental-feature DebugDescriptionMacro -sdk /Applications/Xcode.app/Contents/Developer/Platforms/iPhoneSimulator.platform/Developer/SDKs/iPhoneSimulator26.5.sdk -target arm64-apple-ios13.0-simulator -g -module-cache-path /tmp/morsel-286-dd/ModuleCache.noindex -Xfrontend -serialize-debugging-options -enable-testing -suppress-warnings -index-store-path /tmp/morsel-286-dd/Index.noindex/DataStore -Xcc -D_LIBCPP_HARDENING_MODE\=_LIBCPP_HARDENING_MODE_DEBUG -swift-version 6 -I /tmp/morsel-286-dd/Build/Products/Debug-iphonesimulator -Isystem /Applications/Xcode.app/Contents/Developer/Platforms/iPhoneSimulator.platform/Developer/usr/lib -F /tmp/morsel-286-dd/Build/Products/Debug-iphonesimulator -F /Applications/Xcode.app/Contents/Developer/Platforms/iPhoneSimulator.platform/Developer/Library/Frameworks -F /Applications/Xcode.app/Contents/Developer/Platforms/iPhoneSimulator.platform/Developer/SDKs/iPhoneSimulator26.5.sdk/Developer/Library/Frameworks -c -j10 -enable-batch-mode -incremental -Xcc -ivfsstatcache -Xcc /tmp/morsel-286-dd/SDKStatCaches.noindex/iphonesimulator26.5-23F81a-6cfe768891a92b912361537c460fe42b.sdkstatcache -output-file-map /tmp/morsel-286-dd/Build/Intermediates.noindex/xctest-dynamic-overlay.build/Debug-iphonesimulator/IssueReporting.build/Objects-normal/arm64/IssueReporting-OutputFileMap.json -use-frontend-parseable-output -save-temps -no-color-diagnostics -explicit-module-build -module-cache-path /tmp/morsel-286-dd/Build/Intermediates.noindex/SwiftExplicitPrecompiledModules -clang-scanner-module-cache-path /tmp/morsel-286-dd/ModuleCache.noindex -sdk-module-cache-path /tmp/morsel-286-dd/ModuleCache.noindex -serialize-diagnostics -emit-dependencies -emit-module -emit-module-path /tmp/morsel-286-dd/Build/Intermediates.noindex/xctest-dynamic-overlay.build/Debug-iphonesimulator/IssueReporting.build/Objects-normal/arm64/IssueReporting.swiftmodule -user-module-version 1.13.1 -validate-clang-modules-once -clang-build-session-file /tmp/morsel-286-dd/ModuleCache.noindex/Session.modulevalidation -package-name xctest_dynamic_overlay -Xcc -I/tmp/morsel-286-dd/Build/Intermediates.noindex/xctest-dynamic-overlay.build/Debug-iphonesimulator/IssueReporting.build/swift-overrides.hmap -emit-const-values -Xfrontend -const-gather-protocols-file -Xfrontend /tmp/morsel-286-dd/Build/Intermediates.noindex/xctest-dynamic-overlay.build/Debug-iphonesimulator/IssueReporting.build/Objects-normal/arm64/IssueReporting_const_extract_protocols.json -Xcc -I/tmp/morsel-286-dd/Build/Products/Debug-iphonesimulator/include -Xcc -I/tmp/morsel-286-dd/Build/Intermediates.noindex/xctest-dynamic-overlay.build/Debug-iphonesimulator/IssueReporting.build/DerivedSources-normal/arm64 -Xcc -I/tmp/morsel-286-dd/Build/Intermediates.noindex/xctest-dynamic-overlay.build/Debug-iphonesimulator/IssueReporting.build/DerivedSources/arm64 -Xcc -I/tmp/morsel-286-dd/Build/Intermediates.noindex/xctest-dynamic-overlay.build/Debug-iphonesimulator/IssueReporting.build/DerivedSources -Xcc -DSWIFT_PACKAGE -Xcc -DDEBUG\=1 -emit-objc-header -emit-objc-header-path /tmp/morsel-286-dd/Build/Intermediates.noindex/xctest-dynamic-overlay.build/Debug-iphonesimulator/IssueReporting.build/Objects-normal/arm64/IssueReporting-Swift.h -working-directory /tmp/morsel-286-mutation-qcdw70bm/issue-286-hero/app/Morsel.xcodeproj -experimental-emit-module-separately -disable-cmo

SwiftDriverJobDiscovery normal arm64 Compiling HTTPFieldName.swift (in target 'HTTPTypes' from project 'swift-http-types')

SwiftDriverJobDiscovery normal arm64 Compiling HTTPParsedFields.swift (in target 'HTTPTypes' from project 'swift-http-types')

SwiftDriverJobDiscovery normal arm64 Compiling ISOLatin1String.swift (in target 'HTTPTypes' from project 'swift-http-types')

SwiftDriverJobDiscovery normal arm64 Compiling HTTPRequest+URL.swift (in target 'HTTPTypes' from project 'swift-http-types')

SwiftDriverJobDiscovery normal arm64 Compiling HTTPField.swift (in target 'HTTPTypes' from project 'swift-http-types')

SwiftEmitModule normal arm64 Emitting\ module\ for\ IssueReporting (in target 'IssueReporting' from project 'xctest-dynamic-overlay')
EmitSwiftModule normal arm64 (in target 'IssueReporting' from project 'xctest-dynamic-overlay')
    cd /tmp/morsel-286-mutation-qcdw70bm/issue-286-hero/app/Morsel.xcodeproj


SwiftDriverJobDiscovery normal arm64 Compiling HTTPRequest.swift (in target 'HTTPTypes' from project 'swift-http-types')

SwiftDriverJobDiscovery normal arm64 Compiling HTTPResponse.swift (in target 'HTTPTypes' from project 'swift-http-types')

SwiftDriverJobDiscovery normal arm64 Compiling HTTPFields.swift (in target 'HTTPTypes' from project 'swift-http-types')

SwiftDriver\ Compilation HTTPTypes normal arm64 com.apple.xcode.tools.swift.compiler (in target 'HTTPTypes' from project 'swift-http-types')
    cd /tmp/morsel-286-mutation-qcdw70bm/issue-286-hero/app/Morsel.xcodeproj
    builtin-Swift-Compilation -- /Applications/Xcode.app/Contents/Developer/Toolchains/XcodeDefault.xctoolchain/usr/bin/swiftc -module-name HTTPTypes -Onone @/tmp/morsel-286-dd/Build/Intermediates.noindex/swift-http-types.build/Debug-iphonesimulator/HTTPTypes.build/Objects-normal/arm64/HTTPTypes.SwiftFileList -DSWIFT_PACKAGE -DDEBUG -DSWIFT_MODULE_RESOURCE_BUNDLE_UNAVAILABLE -DFoundationURL -DXcode -enable-upcoming-feature InternalImportsByDefault -enable-upcoming-feature MemberImportVisibility -plugin-path /Applications/Xcode.app/Contents/Developer/Toolchains/XcodeDefault.xctoolchain/usr/lib/swift/host/plugins/testing -enable-experimental-feature DebugDescriptionMacro -sdk /Applications/Xcode.app/Contents/Developer/Platforms/iPhoneSimulator.platform/Developer/SDKs/iPhoneSimulator26.5.sdk -target arm64-apple-ios12.0-simulator -g -module-cache-path /tmp/morsel-286-dd/ModuleCache.noindex -Xfrontend -serialize-debugging-options -enable-testing -suppress-warnings -index-store-path /tmp/morsel-286-dd/Index.noindex/DataStore -Xcc -D_LIBCPP_HARDENING_MODE\=_LIBCPP_HARDENING_MODE_DEBUG -swift-version 6 -I /tmp/morsel-286-dd/Build/Products/Debug-iphonesimulator -Isystem /Applications/Xcode.app/Contents/Developer/Platforms/iPhoneSimulator.platform/Developer/usr/lib -F /tmp/morsel-286-dd/Build/Products/Debug-iphonesimulator -F /Applications/Xcode.app/Contents/Developer/Platforms/iPhoneSimulator.platform/Developer/Library/Frameworks -F /Applications/Xcode.app/Contents/Developer/Platforms/iPhoneSimulator.platform/Developer/SDKs/iPhoneSimulator26.5.sdk/Developer/Library/Frameworks -c -j10 -enable-batch-mode -incremental -Xcc -ivfsstatcache -Xcc /tmp/morsel-286-dd/SDKStatCaches.noindex/iphonesimulator26.5-23F81a-6cfe768891a92b912361537c460fe42b.sdkstatcache -output-file-map /tmp/morsel-286-dd/Build/Intermediates.noindex/swift-http-types.build/Debug-iphonesimulator/HTTPTypes.build/Objects-normal/arm64/HTTPTypes-OutputFileMap.json -use-frontend-parseable-output -save-temps -no-color-diagnostics -explicit-module-build -module-cache-path /tmp/morsel-286-dd/Build/Intermediates.noindex/SwiftExplicitPrecompiledModules -clang-scanner-module-cache-path /tmp/morsel-286-dd/ModuleCache.noindex -sdk-module-cache-path /tmp/morsel-286-dd/ModuleCache.noindex -serialize-diagnostics -emit-dependencies -emit-module -emit-module-path /tmp/morsel-286-dd/Build/Intermediates.noindex/swift-http-types.build/Debug-iphonesimulator/HTTPTypes.build/Objects-normal/arm64/HTTPTypes.swiftmodule -user-module-version 1.6.0 -validate-clang-modules-once -clang-build-session-file /tmp/morsel-286-dd/ModuleCache.noindex/Session.modulevalidation -package-name swift_http_types -Xcc -I/tmp/morsel-286-dd/Build/Intermediates.noindex/swift-http-types.build/Debug-iphonesimulator/HTTPTypes.build/swift-overrides.hmap -emit-const-values -Xfrontend -const-gather-protocols-file -Xfrontend /tmp/morsel-286-dd/Build/Intermediates.noindex/swift-http-types.build/Debug-iphonesimulator/HTTPTypes.build/Objects-normal/arm64/HTTPTypes_const_extract_protocols.json -Xcc -I/tmp/morsel-286-dd/Build/Products/Debug-iphonesimulator/include -Xcc -I/tmp/morsel-286-dd/Build/Intermediates.noindex/swift-http-types.build/Debug-iphonesimulator/HTTPTypes.build/DerivedSources-normal/arm64 -Xcc -I/tmp/morsel-286-dd/Build/Intermediates.noindex/swift-http-types.build/Debug-iphonesimulator/HTTPTypes.build/DerivedSources/arm64 -Xcc -I/tmp/morsel-286-dd/Build/Intermediates.noindex/swift-http-types.build/Debug-iphonesimulator/HTTPTypes.build/DerivedSources -Xcc -DSWIFT_PACKAGE -Xcc -DDEBUG\=1 -emit-objc-header -emit-objc-header-path /tmp/morsel-286-dd/Build/Intermediates.noindex/swift-http-types.build/Debug-iphonesimulator/HTTPTypes.build/Objects-normal/arm64/HTTPTypes-Swift.h -working-directory /tmp/morsel-286-mutation-qcdw70bm/issue-286-hero/app/Morsel.xcodeproj -experimental-emit-module-separately -disable-cmo

Ld /tmp/morsel-286-dd/Build/Products/Debug-iphonesimulator/HTTPTypes.o normal (in target 'HTTPTypes' from project 'swift-http-types')
    cd /tmp/morsel-286-dd/SourcePackages/checkouts/swift-http-types
    /Applications/Xcode.app/Contents/Developer/Toolchains/XcodeDefault.xctoolchain/usr/bin/clang -Xlinker -reproducible -target arm64-apple-ios12.0-simulator -r -isysroot /Applications/Xcode.app/Contents/Developer/Platforms/iPhoneSimulator.platform/Developer/SDKs/iPhoneSimulator26.5.sdk -O0 -w -F/tmp/morsel-286-dd/Build/Intermediates.noindex/EagerLinkingTBDs/Debug-iphonesimulator -F/tmp/morsel-286-dd/Build/Products/Debug-iphonesimulator -iframework /Applications/Xcode.app/Contents/Developer/Platforms/iPhoneSimulator.platform/Developer/Library/Frameworks -iframework /Applications/Xcode.app/Contents/Developer/Platforms/iPhoneSimulator.platform/Developer/SDKs/iPhoneSimulator26.5.sdk/Developer/Library/Frameworks -filelist /tmp/morsel-286-dd/Build/Intermediates.noindex/swift-http-types.build/Debug-iphonesimulator/HTTPTypes.build/Objects-normal/arm64/HTTPTypes.LinkFileList -nostdlib -Xlinker -object_path_lto -Xlinker /tmp/morsel-286-dd/Build/Intermediates.noindex/swift-http-types.build/Debug-iphonesimulator/HTTPTypes.build/Objects-normal/arm64/HTTPTypes_lto.o -Xlinker -no_deduplicate -Xlinker -objc_abi_version -Xlinker 2 -Xlinker -dependency_info -Xlinker /tmp/morsel-286-dd/Build/Intermediates.noindex/swift-http-types.build/Debug-iphonesimulator/HTTPTypes.build/Objects-normal/arm64/HTTPTypes_dependency_info.dat -fobjc-link-runtime -L/Applications/Xcode.app/Contents/Developer/Toolchains/XcodeDefault.xctoolchain/usr/lib/swift/iphonesimulator -L/usr/lib/swift -Xlinker -add_ast_path -Xlinker /tmp/morsel-286-dd/Build/Intermediates.noindex/swift-http-types.build/Debug-iphonesimulator/HTTPTypes.build/Objects-normal/arm64/HTTPTypes.swiftmodule @/tmp/morsel-286-dd/Build/Intermediates.noindex/swift-http-types.build/Debug-iphonesimulator/HTTPTypes.build/Objects-normal/arm64/HTTPTypes-linker-args.resp -o /tmp/morsel-286-dd/Build/Products/Debug-iphonesimulator/HTTPTypes.o

ExtractAppIntentsMetadata (in target 'HTTPTypes' from project 'swift-http-types')
    cd /tmp/morsel-286-dd/SourcePackages/checkouts/swift-http-types
    /Applications/Xcode.app/Contents/Developer/Toolchains/XcodeDefault.xctoolchain/usr/bin/appintentsmetadataprocessor --toolchain-dir /Applications/Xcode.app/Contents/Developer/Toolchains/XcodeDefault.xctoolchain --module-name HTTPTypes --sdk-root /Applications/Xcode.app/Contents/Developer/Platforms/iPhoneSimulator.platform/Developer/SDKs/iPhoneSimulator26.5.sdk --xcode-version 17F113 --platform-family iOS --deployment-target 12.0 --bundle-identifier swift-http-types.HTTPTypes --output /tmp/morsel-286-dd/Build/Products/Debug-iphonesimulator/HTTPTypes.appintents --target-triple arm64-apple-ios12.0-simulator --binary-file /tmp/morsel-286-dd/Build/Products/Debug-iphonesimulator/HTTPTypes.o --dependency-file /tmp/morsel-286-dd/Build/Intermediates.noindex/swift-http-types.build/Debug-iphonesimulator/HTTPTypes.build/Objects-normal/arm64/HTTPTypes_dependency_info.dat --stringsdata-file /tmp/morsel-286-dd/Build/Intermediates.noindex/swift-http-types.build/Debug-iphonesimulator/HTTPTypes.build/Objects-normal/arm64/ExtractedAppShortcutsMetadata.stringsdata --source-file-list /tmp/morsel-286-dd/Build/Intermediates.noindex/swift-http-types.build/Debug-iphonesimulator/HTTPTypes.build/Objects-normal/arm64/HTTPTypes.SwiftFileList --metadata-file-list /tmp/morsel-286-dd/Build/Intermediates.noindex/swift-http-types.build/Debug-iphonesimulator/HTTPTypes.build/HTTPTypes.DependencyMetadataFileList --static-metadata-file-list /tmp/morsel-286-dd/Build/Intermediates.noindex/swift-http-types.build/Debug-iphonesimulator/HTTPTypes.build/HTTPTypes.DependencyStaticMetadataFileList --swift-const-vals-list /tmp/morsel-286-dd/Build/Intermediates.noindex/swift-http-types.build/Debug-iphonesimulator/HTTPTypes.build/Objects-normal/arm64/HTTPTypes.SwiftConstValuesFileList --force --compile-time-extraction --deployment-aware-processing --validate-assistant-intents --no-app-shortcuts-localization
2026-09-17 12:32:47.530 appintentsmetadataprocessor[30837:12830099] Starting appintentsmetadataprocessor export
2026-09-17 12:32:47.559 appintentsmetadataprocessor[30837:12830099] Extracted no relevant App Intents symbols, skipping writing output

RegisterExecutionPolicyException /tmp/morsel-286-dd/Build/Products/Debug-iphonesimulator/HTTPTypes.o (in target 'HTTPTypes' from project 'swift-http-types')
    cd /tmp/morsel-286-dd/SourcePackages/checkouts/swift-http-types
    builtin-RegisterExecutionPolicyException /tmp/morsel-286-dd/Build/Products/Debug-iphonesimulator/HTTPTypes.o

SwiftCompile normal arm64 Compiling\ SwiftTesting.swift,\ UncheckedSendable.swift /tmp/morsel-286-dd/SourcePackages/checkouts/xctest-dynamic-overlay/Sources/IssueReporting/Internal/SwiftTesting.swift /tmp/morsel-286-dd/SourcePackages/checkouts/xctest-dynamic-overlay/Sources/IssueReporting/Internal/UncheckedSendable.swift (in target 'IssueReporting' from project 'xctest-dynamic-overlay')
SwiftCompile normal arm64 /tmp/morsel-286-dd/SourcePackages/checkouts/xctest-dynamic-overlay/Sources/IssueReporting/Internal/SwiftTesting.swift (in target 'IssueReporting' from project 'xctest-dynamic-overlay')
    cd /tmp/morsel-286-mutation-qcdw70bm/issue-286-hero/app/Morsel.xcodeproj


SwiftCompile normal arm64 /tmp/morsel-286-dd/SourcePackages/checkouts/xctest-dynamic-overlay/Sources/IssueReporting/Internal/UncheckedSendable.swift (in target 'IssueReporting' from project 'xctest-dynamic-overlay')
    cd /tmp/morsel-286-mutation-qcdw70bm/issue-286-hero/app/Morsel.xcodeproj


SwiftCompile normal arm64 Compiling\ WithExpectedIssue.swift,\ WithIssueContext.swift /tmp/morsel-286-dd/SourcePackages/checkouts/xctest-dynamic-overlay/Sources/IssueReporting/WithExpectedIssue.swift /tmp/morsel-286-dd/SourcePackages/checkouts/xctest-dynamic-overlay/Sources/IssueReporting/WithIssueContext.swift (in target 'IssueReporting' from project 'xctest-dynamic-overlay')

SwiftCompile normal arm64 /tmp/morsel-286-dd/SourcePackages/checkouts/xctest-dynamic-overlay/Sources/IssueReporting/WithExpectedIssue.swift (in target 'IssueReporting' from project 'xctest-dynamic-overlay')
    cd /tmp/morsel-286-mutation-qcdw70bm/issue-286-hero/app/Morsel.xcodeproj


SwiftCompile normal arm64 /tmp/morsel-286-dd/SourcePackages/checkouts/xctest-dynamic-overlay/Sources/IssueReporting/WithIssueContext.swift (in target 'IssueReporting' from project 'xctest-dynamic-overlay')
    cd /tmp/morsel-286-mutation-qcdw70bm/issue-286-hero/app/Morsel.xcodeproj


SwiftCompile normal arm64 Compiling\ FailureObserver.swift,\ LockIsolated.swift,\ Rethrows.swift /tmp/morsel-286-dd/SourcePackages/checkouts/xctest-dynamic-overlay/Sources/IssueReporting/Internal/FailureObserver.swift /tmp/morsel-286-dd/SourcePackages/checkouts/xctest-dynamic-overlay/Sources/IssueReporting/Internal/LockIsolated.swift /tmp/morsel-286-dd/SourcePackages/checkouts/xctest-dynamic-overlay/Sources/IssueReporting/Internal/Rethrows.swift (in target 'IssueReporting' from project 'xctest-dynamic-overlay')

SwiftCompile normal arm64 /tmp/morsel-286-dd/SourcePackages/checkouts/xctest-dynamic-overlay/Sources/IssueReporting/Internal/FailureObserver.swift (in target 'IssueReporting' from project 'xctest-dynamic-overlay')
    cd /tmp/morsel-286-mutation-qcdw70bm/issue-286-hero/app/Morsel.xcodeproj


SwiftCompile normal arm64 /tmp/morsel-286-dd/SourcePackages/checkouts/xctest-dynamic-overlay/Sources/IssueReporting/Internal/LockIsolated.swift (in target 'IssueReporting' from project 'xctest-dynamic-overlay')
    cd /tmp/morsel-286-mutation-qcdw70bm/issue-286-hero/app/Morsel.xcodeproj


SwiftCompile normal arm64 /tmp/morsel-286-dd/SourcePackages/checkouts/xctest-dynamic-overlay/Sources/IssueReporting/Internal/Rethrows.swift (in target 'IssueReporting' from project 'xctest-dynamic-overlay')
    cd /tmp/morsel-286-mutation-qcdw70bm/issue-286-hero/app/Morsel.xcodeproj


SwiftCompile normal arm64 Compiling\ Warn.swift,\ XCTest.swift /tmp/morsel-286-dd/SourcePackages/checkouts/xctest-dynamic-overlay/Sources/IssueReporting/Internal/Warn.swift /tmp/morsel-286-dd/SourcePackages/checkouts/xctest-dynamic-overlay/Sources/IssueReporting/Internal/XCTest.swift (in target 'IssueReporting' from project 'xctest-dynamic-overlay')

SwiftCompile normal arm64 /tmp/morsel-286-dd/SourcePackages/checkouts/xctest-dynamic-overlay/Sources/IssueReporting/Internal/Warn.swift (in target 'IssueReporting' from project 'xctest-dynamic-overlay')
    cd /tmp/morsel-286-mutation-qcdw70bm/issue-286-hero/app/Morsel.xcodeproj


SwiftCompile normal arm64 /tmp/morsel-286-dd/SourcePackages/checkouts/xctest-dynamic-overlay/Sources/IssueReporting/Internal/XCTest.swift (in target 'IssueReporting' from project 'xctest-dynamic-overlay')
    cd /tmp/morsel-286-mutation-qcdw70bm/issue-286-hero/app/Morsel.xcodeproj


SwiftCompile normal arm64 Compiling\ FatalErrorReporter.swift,\ IssueSeverity.swift /tmp/morsel-286-dd/SourcePackages/checkouts/xctest-dynamic-overlay/Sources/IssueReporting/IssueReporters/FatalErrorReporter.swift /tmp/morsel-286-dd/SourcePackages/checkouts/xctest-dynamic-overlay/Sources/IssueReporting/IssueSeverity.swift (in target 'IssueReporting' from project 'xctest-dynamic-overlay')

SwiftCompile normal arm64 /tmp/morsel-286-dd/SourcePackages/checkouts/xctest-dynamic-overlay/Sources/IssueReporting/IssueReporters/FatalErrorReporter.swift (in target 'IssueReporting' from project 'xctest-dynamic-overlay')
    cd /tmp/morsel-286-mutation-qcdw70bm/issue-286-hero/app/Morsel.xcodeproj


SwiftCompile normal arm64 /tmp/morsel-286-dd/SourcePackages/checkouts/xctest-dynamic-overlay/Sources/IssueReporting/IssueSeverity.swift (in target 'IssueReporting' from project 'xctest-dynamic-overlay')
    cd /tmp/morsel-286-mutation-qcdw70bm/issue-286-hero/app/Morsel.xcodeproj


SwiftCompile normal arm64 Compiling\ IsTesting.swift,\ IssueReporter.swift /tmp/morsel-286-dd/SourcePackages/checkouts/xctest-dynamic-overlay/Sources/IssueReporting/IsTesting.swift /tmp/morsel-286-dd/SourcePackages/checkouts/xctest-dynamic-overlay/Sources/IssueReporting/IssueReporter.swift (in target 'IssueReporting' from project 'xctest-dynamic-overlay')

SwiftCompile normal arm64 /tmp/morsel-286-dd/SourcePackages/checkouts/xctest-dynamic-overlay/Sources/IssueReporting/IsTesting.swift (in target 'IssueReporting' from project 'xctest-dynamic-overlay')
    cd /tmp/morsel-286-mutation-qcdw70bm/issue-286-hero/app/Morsel.xcodeproj


SwiftCompile normal arm64 /tmp/morsel-286-dd/SourcePackages/checkouts/xctest-dynamic-overlay/Sources/IssueReporting/IssueReporter.swift (in target 'IssueReporting' from project 'xctest-dynamic-overlay')
    cd /tmp/morsel-286-mutation-qcdw70bm/issue-286-hero/app/Morsel.xcodeproj


SwiftCompile normal arm64 Compiling\ ReportIssue.swift,\ _Test.swift /tmp/morsel-286-dd/SourcePackages/checkouts/xctest-dynamic-overlay/Sources/IssueReporting/ReportIssue.swift /tmp/morsel-286-dd/SourcePackages/checkouts/xctest-dynamic-overlay/Sources/IssueReporting/Symbolic\ Links/IssueReportingPackageSupport/_Test.swift (in target 'IssueReporting' from project 'xctest-dynamic-overlay')

SwiftCompile normal arm64 /tmp/morsel-286-dd/SourcePackages/checkouts/xctest-dynamic-overlay/Sources/IssueReporting/ReportIssue.swift (in target 'IssueReporting' from project 'xctest-dynamic-overlay')
    cd /tmp/morsel-286-mutation-qcdw70bm/issue-286-hero/app/Morsel.xcodeproj


SwiftCompile normal arm64 /tmp/morsel-286-dd/SourcePackages/checkouts/xctest-dynamic-overlay/Sources/IssueReporting/Symbolic\ Links/IssueReportingPackageSupport/_Test.swift (in target 'IssueReporting' from project 'xctest-dynamic-overlay')
    cd /tmp/morsel-286-mutation-qcdw70bm/issue-286-hero/app/Morsel.xcodeproj


SwiftCompile normal arm64 Compiling\ BreakpointReporter.swift,\ DefaultReporter.swift /tmp/morsel-286-dd/SourcePackages/checkouts/xctest-dynamic-overlay/Sources/IssueReporting/IssueReporters/BreakpointReporter.swift /tmp/morsel-286-dd/SourcePackages/checkouts/xctest-dynamic-overlay/Sources/IssueReporting/IssueReporters/DefaultReporter.swift (in target 'IssueReporting' from project 'xctest-dynamic-overlay')

SwiftCompile normal arm64 /tmp/morsel-286-dd/SourcePackages/checkouts/xctest-dynamic-overlay/Sources/IssueReporting/IssueReporters/BreakpointReporter.swift (in target 'IssueReporting' from project 'xctest-dynamic-overlay')
    cd /tmp/morsel-286-mutation-qcdw70bm/issue-286-hero/app/Morsel.xcodeproj


SwiftCompile normal arm64 /tmp/morsel-286-dd/SourcePackages/checkouts/xctest-dynamic-overlay/Sources/IssueReporting/IssueReporters/DefaultReporter.swift (in target 'IssueReporting' from project 'xctest-dynamic-overlay')
    cd /tmp/morsel-286-mutation-qcdw70bm/issue-286-hero/app/Morsel.xcodeproj


SwiftCompile normal arm64 Compiling\ ErrorReporting.swift,\ AppHostWarning.swift,\ Deprecations.swift /tmp/morsel-286-dd/SourcePackages/checkouts/xctest-dynamic-overlay/Sources/IssueReporting/ErrorReporting.swift /tmp/morsel-286-dd/SourcePackages/checkouts/xctest-dynamic-overlay/Sources/IssueReporting/Internal/AppHostWarning.swift /tmp/morsel-286-dd/SourcePackages/checkouts/xctest-dynamic-overlay/Sources/IssueReporting/Internal/Deprecations.swift (in target 'IssueReporting' from project 'xctest-dynamic-overlay')

SwiftCompile normal arm64 /tmp/morsel-286-dd/SourcePackages/checkouts/xctest-dynamic-overlay/Sources/IssueReporting/ErrorReporting.swift (in target 'IssueReporting' from project 'xctest-dynamic-overlay')
    cd /tmp/morsel-286-mutation-qcdw70bm/issue-286-hero/app/Morsel.xcodeproj


SwiftCompile normal arm64 /tmp/morsel-286-dd/SourcePackages/checkouts/xctest-dynamic-overlay/Sources/IssueReporting/Internal/AppHostWarning.swift (in target 'IssueReporting' from project 'xctest-dynamic-overlay')
    cd /tmp/morsel-286-mutation-qcdw70bm/issue-286-hero/app/Morsel.xcodeproj


SwiftCompile normal arm64 /tmp/morsel-286-dd/SourcePackages/checkouts/xctest-dynamic-overlay/Sources/IssueReporting/Internal/Deprecations.swift (in target 'IssueReporting' from project 'xctest-dynamic-overlay')
    cd /tmp/morsel-286-mutation-qcdw70bm/issue-286-hero/app/Morsel.xcodeproj


SwiftCompile normal arm64 Compiling\ TestContext.swift,\ Unimplemented.swift /tmp/morsel-286-dd/SourcePackages/checkouts/xctest-dynamic-overlay/Sources/IssueReporting/TestContext.swift /tmp/morsel-286-dd/SourcePackages/checkouts/xctest-dynamic-overlay/Sources/IssueReporting/Unimplemented.swift (in target 'IssueReporting' from project 'xctest-dynamic-overlay')

SwiftCompile normal arm64 /tmp/morsel-286-dd/SourcePackages/checkouts/xctest-dynamic-overlay/Sources/IssueReporting/TestContext.swift (in target 'IssueReporting' from project 'xctest-dynamic-overlay')
    cd /tmp/morsel-286-mutation-qcdw70bm/issue-286-hero/app/Morsel.xcodeproj


SwiftCompile normal arm64 /tmp/morsel-286-dd/SourcePackages/checkouts/xctest-dynamic-overlay/Sources/IssueReporting/Unimplemented.swift (in target 'IssueReporting' from project 'xctest-dynamic-overlay')
    cd /tmp/morsel-286-mutation-qcdw70bm/issue-286-hero/app/Morsel.xcodeproj


SwiftDriverJobDiscovery normal arm64 Emitting module for IssueReporting (in target 'IssueReporting' from project 'xctest-dynamic-overlay')

SwiftDriver\ Compilation\ Requirements IssueReporting normal arm64 com.apple.xcode.tools.swift.compiler (in target 'IssueReporting' from project 'xctest-dynamic-overlay')
    cd /tmp/morsel-286-mutation-qcdw70bm/issue-286-hero/app/Morsel.xcodeproj
    builtin-Swift-Compilation-Requirements -- /Applications/Xcode.app/Contents/Developer/Toolchains/XcodeDefault.xctoolchain/usr/bin/swiftc -module-name IssueReporting -Onone @/tmp/morsel-286-dd/Build/Intermediates.noindex/xctest-dynamic-overlay.build/Debug-iphonesimulator/IssueReporting.build/Objects-normal/arm64/IssueReporting.SwiftFileList -DSWIFT_PACKAGE -DDEBUG -DSWIFT_MODULE_RESOURCE_BUNDLE_UNAVAILABLE -DXcode -enable-upcoming-feature ExistentialAny -enable-upcoming-feature ImmutableWeakCaptures -enable-upcoming-feature InferIsolatedConformances -enable-upcoming-feature InternalImportsByDefault -enable-upcoming-feature MemberImportVisibility -enable-upcoming-feature NonisolatedNonsendingByDefault -plugin-path /Applications/Xcode.app/Contents/Developer/Toolchains/XcodeDefault.xctoolchain/usr/lib/swift/host/plugins/testing -enable-experimental-feature DebugDescriptionMacro -sdk /Applications/Xcode.app/Contents/Developer/Platforms/iPhoneSimulator.platform/Developer/SDKs/iPhoneSimulator26.5.sdk -target arm64-apple-ios13.0-simulator -g -module-cache-path /tmp/morsel-286-dd/ModuleCache.noindex -Xfrontend -serialize-debugging-options -enable-testing -suppress-warnings -index-store-path /tmp/morsel-286-dd/Index.noindex/DataStore -Xcc -D_LIBCPP_HARDENING_MODE\=_LIBCPP_HARDENING_MODE_DEBUG -swift-version 6 -I /tmp/morsel-286-dd/Build/Products/Debug-iphonesimulator -Isystem /Applications/Xcode.app/Contents/Developer/Platforms/iPhoneSimulator.platform/Developer/usr/lib -F /tmp/morsel-286-dd/Build/Products/Debug-iphonesimulator -F /Applications/Xcode.app/Contents/Developer/Platforms/iPhoneSimulator.platform/Developer/Library/Frameworks -F /Applications/Xcode.app/Contents/Developer/Platforms/iPhoneSimulator.platform/Developer/SDKs/iPhoneSimulator26.5.sdk/Developer/Library/Frameworks -c -j10 -enable-batch-mode -incremental -Xcc -ivfsstatcache -Xcc /tmp/morsel-286-dd/SDKStatCaches.noindex/iphonesimulator26.5-23F81a-6cfe768891a92b912361537c460fe42b.sdkstatcache -output-file-map /tmp/morsel-286-dd/Build/Intermediates.noindex/xctest-dynamic-overlay.build/Debug-iphonesimulator/IssueReporting.build/Objects-normal/arm64/IssueReporting-OutputFileMap.json -use-frontend-parseable-output -save-temps -no-color-diagnostics -explicit-module-build -module-cache-path /tmp/morsel-286-dd/Build/Intermediates.noindex/SwiftExplicitPrecompiledModules -clang-scanner-module-cache-path /tmp/morsel-286-dd/ModuleCache.noindex -sdk-module-cache-path /tmp/morsel-286-dd/ModuleCache.noindex -serialize-diagnostics -emit-dependencies -emit-module -emit-module-path /tmp/morsel-286-dd/Build/Intermediates.noindex/xctest-dynamic-overlay.build/Debug-iphonesimulator/IssueReporting.build/Objects-normal/arm64/IssueReporting.swiftmodule -user-module-version 1.13.1 -validate-clang-modules-once -clang-build-session-file /tmp/morsel-286-dd/ModuleCache.noindex/Session.modulevalidation -package-name xctest_dynamic_overlay -Xcc -I/tmp/morsel-286-dd/Build/Intermediates.noindex/xctest-dynamic-overlay.build/Debug-iphonesimulator/IssueReporting.build/swift-overrides.hmap -emit-const-values -Xfrontend -const-gather-protocols-file -Xfrontend /tmp/morsel-286-dd/Build/Intermediates.noindex/xctest-dynamic-overlay.build/Debug-iphonesimulator/IssueReporting.build/Objects-normal/arm64/IssueReporting_const_extract_protocols.json -Xcc -I/tmp/morsel-286-dd/Build/Products/Debug-iphonesimulator/include -Xcc -I/tmp/morsel-286-dd/Build/Intermediates.noindex/xctest-dynamic-overlay.build/Debug-iphonesimulator/IssueReporting.build/DerivedSources-normal/arm64 -Xcc -I/tmp/morsel-286-dd/Build/Intermediates.noindex/xctest-dynamic-overlay.build/Debug-iphonesimulator/IssueReporting.build/DerivedSources/arm64 -Xcc -I/tmp/morsel-286-dd/Build/Intermediates.noindex/xctest-dynamic-overlay.build/Debug-iphonesimulator/IssueReporting.build/DerivedSources -Xcc -DSWIFT_PACKAGE -Xcc -DDEBUG\=1 -emit-objc-header -emit-objc-header-path /tmp/morsel-286-dd/Build/Intermediates.noindex/xctest-dynamic-overlay.build/Debug-iphonesimulator/IssueReporting.build/Objects-normal/arm64/IssueReporting-Swift.h -working-directory /tmp/morsel-286-mutation-qcdw70bm/issue-286-hero/app/Morsel.xcodeproj -experimental-emit-module-separately -disable-cmo

SwiftDriverJobDiscovery normal arm64 Compiling FatalErrorReporter.swift, IssueSeverity.swift (in target 'IssueReporting' from project 'xctest-dynamic-overlay')

Copy /tmp/morsel-286-dd/Build/Products/Debug-iphonesimulator/IssueReporting.swiftmodule/arm64-apple-ios-simulator.abi.json /tmp/morsel-286-dd/Build/Intermediates.noindex/xctest-dynamic-overlay.build/Debug-iphonesimulator/IssueReporting.build/Objects-normal/arm64/IssueReporting.abi.json (in target 'IssueReporting' from project 'xctest-dynamic-overlay')
    cd /tmp/morsel-286-dd/SourcePackages/checkouts/xctest-dynamic-overlay
    builtin-copy -exclude .DS_Store -exclude CVS -exclude .svn -exclude .git -exclude .hg -resolve-src-symlinks -rename /tmp/morsel-286-dd/Build/Intermediates.noindex/xctest-dynamic-overlay.build/Debug-iphonesimulator/IssueReporting.build/Objects-normal/arm64/IssueReporting.abi.json /tmp/morsel-286-dd/Build/Products/Debug-iphonesimulator/IssueReporting.swiftmodule/arm64-apple-ios-simulator.abi.json

Copy /tmp/morsel-286-dd/Build/Products/Debug-iphonesimulator/IssueReporting.swiftmodule/arm64-apple-ios-simulator.swiftmodule /tmp/morsel-286-dd/Build/Intermediates.noindex/xctest-dynamic-overlay.build/Debug-iphonesimulator/IssueReporting.build/Objects-normal/arm64/IssueReporting.swiftmodule (in target 'IssueReporting' from project 'xctest-dynamic-overlay')
    cd /tmp/morsel-286-dd/SourcePackages/checkouts/xctest-dynamic-overlay
    builtin-copy -exclude .DS_Store -exclude CVS -exclude .svn -exclude .git -exclude .hg -resolve-src-symlinks -rename /tmp/morsel-286-dd/Build/Intermediates.noindex/xctest-dynamic-overlay.build/Debug-iphonesimulator/IssueReporting.build/Objects-normal/arm64/IssueReporting.swiftmodule /tmp/morsel-286-dd/Build/Products/Debug-iphonesimulator/IssueReporting.swiftmodule/arm64-apple-ios-simulator.swiftmodule

SwiftDriver Clocks normal arm64 com.apple.xcode.tools.swift.compiler (in target 'Clocks' from project 'swift-clocks')
    cd /tmp/morsel-286-mutation-qcdw70bm/issue-286-hero/app/Morsel.xcodeproj
    builtin-SwiftDriver -- /Applications/Xcode.app/Contents/Developer/Toolchains/XcodeDefault.xctoolchain/usr/bin/swiftc -module-name Clocks -Onone @/tmp/morsel-286-dd/Build/Intermediates.noindex/swift-clocks.build/Debug-iphonesimulator/Clocks.build/Objects-normal/arm64/Clocks.SwiftFileList -DSWIFT_PACKAGE -DDEBUG -DSWIFT_MODULE_RESOURCE_BUNDLE_UNAVAILABLE -DXcode -enable-upcoming-feature ExistentialAny -enable-upcoming-feature ImmutableWeakCaptures -enable-upcoming-feature InferIsolatedConformances -enable-upcoming-feature InternalImportsByDefault -enable-upcoming-feature MemberImportVisibility -enable-upcoming-feature NonisolatedNonsendingByDefault -plugin-path /Applications/Xcode.app/Contents/Developer/Toolchains/XcodeDefault.xctoolchain/usr/lib/swift/host/plugins/testing -enable-experimental-feature DebugDescriptionMacro -sdk /Applications/Xcode.app/Contents/Developer/Platforms/iPhoneSimulator.platform/Developer/SDKs/iPhoneSimulator26.5.sdk -target arm64-apple-ios13.0-simulator -g -module-cache-path /tmp/morsel-286-dd/ModuleCache.noindex -Xfrontend -serialize-debugging-options -enable-testing -suppress-warnings -index-store-path /tmp/morsel-286-dd/Index.noindex/DataStore -Xcc -D_LIBCPP_HARDENING_MODE\=_LIBCPP_HARDENING_MODE_DEBUG -swift-version 6 -I /tmp/morsel-286-dd/Build/Products/Debug-iphonesimulator -Isystem /Applications/Xcode.app/Contents/Developer/Platforms/iPhoneSimulator.platform/Developer/usr/lib -F /tmp/morsel-286-dd/Build/Products/Debug-iphonesimulator/PackageFrameworks -F /tmp/morsel-286-dd/Build/Products/Debug-iphonesimulator/PackageFrameworks -F /tmp/morsel-286-dd/Build/Products/Debug-iphonesimulator -F /Applications/Xcode.app/Contents/Developer/Platforms/iPhoneSimulator.platform/Developer/Library/Frameworks -F /Applications/Xcode.app/Contents/Developer/Platforms/iPhoneSimulator.platform/Developer/SDKs/iPhoneSimulator26.5.sdk/Developer/Library/Frameworks -c -j10 -enable-batch-mode -incremental -Xcc -ivfsstatcache -Xcc /tmp/morsel-286-dd/SDKStatCaches.noindex/iphonesimulator26.5-23F81a-6cfe768891a92b912361537c460fe42b.sdkstatcache -output-file-map /tmp/morsel-286-dd/Build/Intermediates.noindex/swift-clocks.build/Debug-iphonesimulator/Clocks.build/Objects-normal/arm64/Clocks-OutputFileMap.json -use-frontend-parseable-output -save-temps -no-color-diagnostics -explicit-module-build -module-cache-path /tmp/morsel-286-dd/Build/Intermediates.noindex/SwiftExplicitPrecompiledModules -clang-scanner-module-cache-path /tmp/morsel-286-dd/ModuleCache.noindex -sdk-module-cache-path /tmp/morsel-286-dd/ModuleCache.noindex -serialize-diagnostics -emit-dependencies -emit-module -emit-module-path /tmp/morsel-286-dd/Build/Intermediates.noindex/swift-clocks.build/Debug-iphonesimulator/Clocks.build/Objects-normal/arm64/Clocks.swiftmodule -user-module-version 1.1.1 -validate-clang-modules-once -clang-build-session-file /tmp/morsel-286-dd/ModuleCache.noindex/Session.modulevalidation -package-name swift_clocks -Xcc -I/tmp/morsel-286-dd/Build/Intermediates.noindex/swift-clocks.build/Debug-iphonesimulator/Clocks.build/swift-overrides.hmap -emit-const-values -Xfrontend -const-gather-protocols-file -Xfrontend /tmp/morsel-286-dd/Build/Intermediates.noindex/swift-clocks.build/Debug-iphonesimulator/Clocks.build/Objects-normal/arm64/Clocks_const_extract_protocols.json -Xcc -I/tmp/morsel-286-dd/Build/Products/Debug-iphonesimulator/include -Xcc -I/tmp/morsel-286-dd/Build/Intermediates.noindex/swift-clocks.build/Debug-iphonesimulator/Clocks.build/DerivedSources-normal/arm64 -Xcc -I/tmp/morsel-286-dd/Build/Intermediates.noindex/swift-clocks.build/Debug-iphonesimulator/Clocks.build/DerivedSources/arm64 -Xcc -I/tmp/morsel-286-dd/Build/Intermediates.noindex/swift-clocks.build/Debug-iphonesimulator/Clocks.build/DerivedSources -Xcc -DSWIFT_PACKAGE -Xcc -DDEBUG\=1 -emit-objc-header -emit-objc-header-path /tmp/morsel-286-dd/Build/Intermediates.noindex/swift-clocks.build/Debug-iphonesimulator/Clocks.build/Objects-normal/arm64/Clocks-Swift.h -working-directory /tmp/morsel-286-mutation-qcdw70bm/issue-286-hero/app/Morsel.xcodeproj -experimental-emit-module-separately -disable-cmo

SwiftDriverJobDiscovery normal arm64 Compiling FailureObserver.swift, LockIsolated.swift, Rethrows.swift (in target 'IssueReporting' from project 'xctest-dynamic-overlay')

SwiftDriverJobDiscovery normal arm64 Compiling ReportIssue.swift, _Test.swift (in target 'IssueReporting' from project 'xctest-dynamic-overlay')

SwiftDriverJobDiscovery normal arm64 Compiling Warn.swift, XCTest.swift (in target 'IssueReporting' from project 'xctest-dynamic-overlay')

SwiftDriverJobDiscovery normal arm64 Compiling ErrorReporting.swift, AppHostWarning.swift, Deprecations.swift (in target 'IssueReporting' from project 'xctest-dynamic-overlay')

SwiftDriverJobDiscovery normal arm64 Compiling IsTesting.swift, IssueReporter.swift (in target 'IssueReporting' from project 'xctest-dynamic-overlay')

SwiftDriverJobDiscovery normal arm64 Compiling TestContext.swift, Unimplemented.swift (in target 'IssueReporting' from project 'xctest-dynamic-overlay')

SwiftDriverJobDiscovery normal arm64 Compiling WithExpectedIssue.swift, WithIssueContext.swift (in target 'IssueReporting' from project 'xctest-dynamic-overlay')

SwiftDriverJobDiscovery normal arm64 Compiling BreakpointReporter.swift, DefaultReporter.swift (in target 'IssueReporting' from project 'xctest-dynamic-overlay')

SwiftEmitModule normal arm64 Emitting\ module\ for\ Clocks (in target 'Clocks' from project 'swift-clocks')

EmitSwiftModule normal arm64 (in target 'Clocks' from project 'swift-clocks')
    cd /tmp/morsel-286-mutation-qcdw70bm/issue-286-hero/app/Morsel.xcodeproj


SwiftDriverJobDiscovery normal arm64 Compiling SwiftTesting.swift, UncheckedSendable.swift (in target 'IssueReporting' from project 'xctest-dynamic-overlay')

SwiftDriver\ Compilation IssueReporting normal arm64 com.apple.xcode.tools.swift.compiler (in target 'IssueReporting' from project 'xctest-dynamic-overlay')
    cd /tmp/morsel-286-mutation-qcdw70bm/issue-286-hero/app/Morsel.xcodeproj
    builtin-Swift-Compilation -- /Applications/Xcode.app/Contents/Developer/Toolchains/XcodeDefault.xctoolchain/usr/bin/swiftc -module-name IssueReporting -Onone @/tmp/morsel-286-dd/Build/Intermediates.noindex/xctest-dynamic-overlay.build/Debug-iphonesimulator/IssueReporting.build/Objects-normal/arm64/IssueReporting.SwiftFileList -DSWIFT_PACKAGE -DDEBUG -DSWIFT_MODULE_RESOURCE_BUNDLE_UNAVAILABLE -DXcode -enable-upcoming-feature ExistentialAny -enable-upcoming-feature ImmutableWeakCaptures -enable-upcoming-feature InferIsolatedConformances -enable-upcoming-feature InternalImportsByDefault -enable-upcoming-feature MemberImportVisibility -enable-upcoming-feature NonisolatedNonsendingByDefault -plugin-path /Applications/Xcode.app/Contents/Developer/Toolchains/XcodeDefault.xctoolchain/usr/lib/swift/host/plugins/testing -enable-experimental-feature DebugDescriptionMacro -sdk /Applications/Xcode.app/Contents/Developer/Platforms/iPhoneSimulator.platform/Developer/SDKs/iPhoneSimulator26.5.sdk -target arm64-apple-ios13.0-simulator -g -module-cache-path /tmp/morsel-286-dd/ModuleCache.noindex -Xfrontend -serialize-debugging-options -enable-testing -suppress-warnings -index-store-path /tmp/morsel-286-dd/Index.noindex/DataStore -Xcc -D_LIBCPP_HARDENING_MODE\=_LIBCPP_HARDENING_MODE_DEBUG -swift-version 6 -I /tmp/morsel-286-dd/Build/Products/Debug-iphonesimulator -Isystem /Applications/Xcode.app/Contents/Developer/Platforms/iPhoneSimulator.platform/Developer/usr/lib -F /tmp/morsel-286-dd/Build/Products/Debug-iphonesimulator -F /Applications/Xcode.app/Contents/Developer/Platforms/iPhoneSimulator.platform/Developer/Library/Frameworks -F /Applications/Xcode.app/Contents/Developer/Platforms/iPhoneSimulator.platform/Developer/SDKs/iPhoneSimulator26.5.sdk/Developer/Library/Frameworks -c -j10 -enable-batch-mode -incremental -Xcc -ivfsstatcache -Xcc /tmp/morsel-286-dd/SDKStatCaches.noindex/iphonesimulator26.5-23F81a-6cfe768891a92b912361537c460fe42b.sdkstatcache -output-file-map /tmp/morsel-286-dd/Build/Intermediates.noindex/xctest-dynamic-overlay.build/Debug-iphonesimulator/IssueReporting.build/Objects-normal/arm64/IssueReporting-OutputFileMap.json -use-frontend-parseable-output -save-temps -no-color-diagnostics -explicit-module-build -module-cache-path /tmp/morsel-286-dd/Build/Intermediates.noindex/SwiftExplicitPrecompiledModules -clang-scanner-module-cache-path /tmp/morsel-286-dd/ModuleCache.noindex -sdk-module-cache-path /tmp/morsel-286-dd/ModuleCache.noindex -serialize-diagnostics -emit-dependencies -emit-module -emit-module-path /tmp/morsel-286-dd/Build/Intermediates.noindex/xctest-dynamic-overlay.build/Debug-iphonesimulator/IssueReporting.build/Objects-normal/arm64/IssueReporting.swiftmodule -user-module-version 1.13.1 -validate-clang-modules-once -clang-build-session-file /tmp/morsel-286-dd/ModuleCache.noindex/Session.modulevalidation -package-name xctest_dynamic_overlay -Xcc -I/tmp/morsel-286-dd/Build/Intermediates.noindex/xctest-dynamic-overlay.build/Debug-iphonesimulator/IssueReporting.build/swift-overrides.hmap -emit-const-values -Xfrontend -const-gather-protocols-file -Xfrontend /tmp/morsel-286-dd/Build/Intermediates.noindex/xctest-dynamic-overlay.build/Debug-iphonesimulator/IssueReporting.build/Objects-normal/arm64/IssueReporting_const_extract_protocols.json -Xcc -I/tmp/morsel-286-dd/Build/Products/Debug-iphonesimulator/include -Xcc -I/tmp/morsel-286-dd/Build/Intermediates.noindex/xctest-dynamic-overlay.build/Debug-iphonesimulator/IssueReporting.build/DerivedSources-normal/arm64 -Xcc -I/tmp/morsel-286-dd/Build/Intermediates.noindex/xctest-dynamic-overlay.build/Debug-iphonesimulator/IssueReporting.build/DerivedSources/arm64 -Xcc -I/tmp/morsel-286-dd/Build/Intermediates.noindex/xctest-dynamic-overlay.build/Debug-iphonesimulator/IssueReporting.build/DerivedSources -Xcc -DSWIFT_PACKAGE -Xcc -DDEBUG\=1 -emit-objc-header -emit-objc-header-path /tmp/morsel-286-dd/Build/Intermediates.noindex/xctest-dynamic-overlay.build/Debug-iphonesimulator/IssueReporting.build/Objects-normal/arm64/IssueReporting-Swift.h -working-directory /tmp/morsel-286-mutation-qcdw70bm/issue-286-hero/app/Morsel.xcodeproj -experimental-emit-module-separately -disable-cmo

Ld /tmp/morsel-286-dd/Build/Products/Debug-iphonesimulator/IssueReporting.o normal (in target 'IssueReporting' from project 'xctest-dynamic-overlay')
    cd /tmp/morsel-286-dd/SourcePackages/checkouts/xctest-dynamic-overlay
    /Applications/Xcode.app/Contents/Developer/Toolchains/XcodeDefault.xctoolchain/usr/bin/clang -Xlinker -reproducible -target arm64-apple-ios13.0-simulator -r -isysroot /Applications/Xcode.app/Contents/Developer/Platforms/iPhoneSimulator.platform/Developer/SDKs/iPhoneSimulator26.5.sdk -O0 -w -F/tmp/morsel-286-dd/Build/Intermediates.noindex/EagerLinkingTBDs/Debug-iphonesimulator -F/tmp/morsel-286-dd/Build/Products/Debug-iphonesimulator -iframework /Applications/Xcode.app/Contents/Developer/Platforms/iPhoneSimulator.platform/Developer/Library/Frameworks -iframework /Applications/Xcode.app/Contents/Developer/Platforms/iPhoneSimulator.platform/Developer/SDKs/iPhoneSimulator26.5.sdk/Developer/Library/Frameworks -filelist /tmp/morsel-286-dd/Build/Intermediates.noindex/xctest-dynamic-overlay.build/Debug-iphonesimulator/IssueReporting.build/Objects-normal/arm64/IssueReporting.LinkFileList -nostdlib -Xlinker -object_path_lto -Xlinker /tmp/morsel-286-dd/Build/Intermediates.noindex/xctest-dynamic-overlay.build/Debug-iphonesimulator/IssueReporting.build/Objects-normal/arm64/IssueReporting_lto.o -Xlinker -no_deduplicate -Xlinker -objc_abi_version -Xlinker 2 -Xlinker -dependency_info -Xlinker /tmp/morsel-286-dd/Build/Intermediates.noindex/xctest-dynamic-overlay.build/Debug-iphonesimulator/IssueReporting.build/Objects-normal/arm64/IssueReporting_dependency_info.dat -fobjc-link-runtime -L/Applications/Xcode.app/Contents/Developer/Toolchains/XcodeDefault.xctoolchain/usr/lib/swift/iphonesimulator -L/usr/lib/swift -Xlinker -add_ast_path -Xlinker /tmp/morsel-286-dd/Build/Intermediates.noindex/xctest-dynamic-overlay.build/Debug-iphonesimulator/IssueReporting.build/Objects-normal/arm64/IssueReporting.swiftmodule @/tmp/morsel-286-dd/Build/Intermediates.noindex/xctest-dynamic-overlay.build/Debug-iphonesimulator/IssueReporting.build/Objects-normal/arm64/IssueReporting-linker-args.resp -o /tmp/morsel-286-dd/Build/Products/Debug-iphonesimulator/IssueReporting.o

ExtractAppIntentsMetadata (in target 'IssueReporting' from project 'xctest-dynamic-overlay')
    cd /tmp/morsel-286-dd/SourcePackages/checkouts/xctest-dynamic-overlay
    /Applications/Xcode.app/Contents/Developer/Toolchains/XcodeDefault.xctoolchain/usr/bin/appintentsmetadataprocessor --toolchain-dir /Applications/Xcode.app/Contents/Developer/Toolchains/XcodeDefault.xctoolchain --module-name IssueReporting --sdk-root /Applications/Xcode.app/Contents/Developer/Platforms/iPhoneSimulator.platform/Developer/SDKs/iPhoneSimulator26.5.sdk --xcode-version 17F113 --platform-family iOS --deployment-target 13.0 --bundle-identifier xctest-dynamic-overlay.IssueReporting --output /tmp/morsel-286-dd/Build/Products/Debug-iphonesimulator/IssueReporting.appintents --target-triple arm64-apple-ios13.0-simulator --binary-file /tmp/morsel-286-dd/Build/Products/Debug-iphonesimulator/IssueReporting.o --dependency-file /tmp/morsel-286-dd/Build/Intermediates.noindex/xctest-dynamic-overlay.build/Debug-iphonesimulator/IssueReporting.build/Objects-normal/arm64/IssueReporting_dependency_info.dat --stringsdata-file /tmp/morsel-286-dd/Build/Intermediates.noindex/xctest-dynamic-overlay.build/Debug-iphonesimulator/IssueReporting.build/Objects-normal/arm64/ExtractedAppShortcutsMetadata.stringsdata --source-file-list /tmp/morsel-286-dd/Build/Intermediates.noindex/xctest-dynamic-overlay.build/Debug-iphonesimulator/IssueReporting.build/Objects-normal/arm64/IssueReporting.SwiftFileList --metadata-file-list /tmp/morsel-286-dd/Build/Intermediates.noindex/xctest-dynamic-overlay.build/Debug-iphonesimulator/IssueReporting.build/IssueReporting.DependencyMetadataFileList --static-metadata-file-list /tmp/morsel-286-dd/Build/Intermediates.noindex/xctest-dynamic-overlay.build/Debug-iphonesimulator/IssueReporting.build/IssueReporting.DependencyStaticMetadataFileList --swift-const-vals-list /tmp/morsel-286-dd/Build/Intermediates.noindex/xctest-dynamic-overlay.build/Debug-iphonesimulator/IssueReporting.build/Objects-normal/arm64/IssueReporting.SwiftConstValuesFileList --force --compile-time-extraction --deployment-aware-processing --validate-assistant-intents --no-app-shortcuts-localization
2026-09-17 12:32:49.608 appintentsmetadataprocessor[31107:12830624] Starting appintentsmetadataprocessor export
2026-09-17 12:32:49.633 appintentsmetadataprocessor[31107:12830624] Extracted no relevant App Intents symbols, skipping writing output

RegisterExecutionPolicyException /tmp/morsel-286-dd/Build/Products/Debug-iphonesimulator/IssueReporting.o (in target 'IssueReporting' from project 'xctest-dynamic-overlay')
    cd /tmp/morsel-286-dd/SourcePackages/checkouts/xctest-dynamic-overlay
    builtin-RegisterExecutionPolicyException /tmp/morsel-286-dd/Build/Products/Debug-iphonesimulator/IssueReporting.o

SwiftCompile normal arm64 Compiling\ Lock.swift /tmp/morsel-286-dd/SourcePackages/checkouts/swift-clocks/Sources/Clocks/Internal/Lock.swift (in target 'Clocks' from project 'swift-clocks')

SwiftCompile normal arm64 /tmp/morsel-286-dd/SourcePackages/checkouts/swift-clocks/Sources/Clocks/Internal/Lock.swift (in target 'Clocks' from project 'swift-clocks')
    cd /tmp/morsel-286-mutation-qcdw70bm/issue-286-hero/app/Morsel.xcodeproj


SwiftCompile normal arm64 Compiling\ TestClock.swift /tmp/morsel-286-dd/SourcePackages/checkouts/swift-clocks/Sources/Clocks/TestClock.swift (in target 'Clocks' from project 'swift-clocks')
SwiftCompile normal arm64 /tmp/morsel-286-dd/SourcePackages/checkouts/swift-clocks/Sources/Clocks/TestClock.swift (in target 'Clocks' from project 'swift-clocks')
    cd /tmp/morsel-286-mutation-qcdw70bm/issue-286-hero/app/Morsel.xcodeproj


SwiftCompile normal arm64 Compiling\ UnimplementedClock.swift /tmp/morsel-286-dd/SourcePackages/checkouts/swift-clocks/Sources/Clocks/UnimplementedClock.swift (in target 'Clocks' from project 'swift-clocks')

SwiftCompile normal arm64 /tmp/morsel-286-dd/SourcePackages/checkouts/swift-clocks/Sources/Clocks/UnimplementedClock.swift (in target 'Clocks' from project 'swift-clocks')
    cd /tmp/morsel-286-mutation-qcdw70bm/issue-286-hero/app/Morsel.xcodeproj


SwiftCompile normal arm64 Compiling\ Timer.swift /tmp/morsel-286-dd/SourcePackages/checkouts/swift-clocks/Sources/Clocks/Timer.swift (in target 'Clocks' from project 'swift-clocks')

SwiftCompile normal arm64 /tmp/morsel-286-dd/SourcePackages/checkouts/swift-clocks/Sources/Clocks/Timer.swift (in target 'Clocks' from project 'swift-clocks')
    cd /tmp/morsel-286-mutation-qcdw70bm/issue-286-hero/app/Morsel.xcodeproj


SwiftCompile normal arm64 Compiling\ ImmediateClock.swift /tmp/morsel-286-dd/SourcePackages/checkouts/swift-clocks/Sources/Clocks/ImmediateClock.swift (in target 'Clocks' from project 'swift-clocks')

SwiftCompile normal arm64 /tmp/morsel-286-dd/SourcePackages/checkouts/swift-clocks/Sources/Clocks/ImmediateClock.swift (in target 'Clocks' from project 'swift-clocks')
    cd /tmp/morsel-286-mutation-qcdw70bm/issue-286-hero/app/Morsel.xcodeproj


SwiftCompile normal arm64 Compiling\ SwiftUI.swift /tmp/morsel-286-dd/SourcePackages/checkouts/swift-clocks/Sources/Clocks/SwiftUI.swift (in target 'Clocks' from project 'swift-clocks')

SwiftCompile normal arm64 /tmp/morsel-286-dd/SourcePackages/checkouts/swift-clocks/Sources/Clocks/SwiftUI.swift (in target 'Clocks' from project 'swift-clocks')
    cd /tmp/morsel-286-mutation-qcdw70bm/issue-286-hero/app/Morsel.xcodeproj


SwiftCompile normal arm64 Compiling\ AnyClock.swift /tmp/morsel-286-dd/SourcePackages/checkouts/swift-clocks/Sources/Clocks/AnyClock.swift (in target 'Clocks' from project 'swift-clocks')

SwiftCompile normal arm64 /tmp/morsel-286-dd/SourcePackages/checkouts/swift-clocks/Sources/Clocks/AnyClock.swift (in target 'Clocks' from project 'swift-clocks')
    cd /tmp/morsel-286-mutation-qcdw70bm/issue-286-hero/app/Morsel.xcodeproj


SwiftCompile normal arm64 Compiling\ _AsyncTimerSequence.swift /tmp/morsel-286-dd/SourcePackages/checkouts/swift-clocks/Sources/Clocks/Internal/_AsyncTimerSequence.swift (in target 'Clocks' from project 'swift-clocks')

SwiftCompile normal arm64 /tmp/morsel-286-dd/SourcePackages/checkouts/swift-clocks/Sources/Clocks/Internal/_AsyncTimerSequence.swift (in target 'Clocks' from project 'swift-clocks')
    cd /tmp/morsel-286-mutation-qcdw70bm/issue-286-hero/app/Morsel.xcodeproj


SwiftDriverJobDiscovery normal arm64 Compiling Lock.swift (in target 'Clocks' from project 'swift-clocks')

SwiftDriverJobDiscovery normal arm64 Compiling Timer.swift (in target 'Clocks' from project 'swift-clocks')

SwiftDriverJobDiscovery normal arm64 Compiling SwiftUI.swift (in target 'Clocks' from project 'swift-clocks')

SwiftDriverJobDiscovery normal arm64 Emitting module for Clocks (in target 'Clocks' from project 'swift-clocks')

SwiftDriver\ Compilation\ Requirements Clocks normal arm64 com.apple.xcode.tools.swift.compiler (in target 'Clocks' from project 'swift-clocks')
    cd /tmp/morsel-286-mutation-qcdw70bm/issue-286-hero/app/Morsel.xcodeproj
    builtin-Swift-Compilation-Requirements -- /Applications/Xcode.app/Contents/Developer/Toolchains/XcodeDefault.xctoolchain/usr/bin/swiftc -module-name Clocks -Onone @/tmp/morsel-286-dd/Build/Intermediates.noindex/swift-clocks.build/Debug-iphonesimulator/Clocks.build/Objects-normal/arm64/Clocks.SwiftFileList -DSWIFT_PACKAGE -DDEBUG -DSWIFT_MODULE_RESOURCE_BUNDLE_UNAVAILABLE -DXcode -enable-upcoming-feature ExistentialAny -enable-upcoming-feature ImmutableWeakCaptures -enable-upcoming-feature InferIsolatedConformances -enable-upcoming-feature InternalImportsByDefault -enable-upcoming-feature MemberImportVisibility -enable-upcoming-feature NonisolatedNonsendingByDefault -plugin-path /Applications/Xcode.app/Contents/Developer/Toolchains/XcodeDefault.xctoolchain/usr/lib/swift/host/plugins/testing -enable-experimental-feature DebugDescriptionMacro -sdk /Applications/Xcode.app/Contents/Developer/Platforms/iPhoneSimulator.platform/Developer/SDKs/iPhoneSimulator26.5.sdk -target arm64-apple-ios13.0-simulator -g -module-cache-path /tmp/morsel-286-dd/ModuleCache.noindex -Xfrontend -serialize-debugging-options -enable-testing -suppress-warnings -index-store-path /tmp/morsel-286-dd/Index.noindex/DataStore -Xcc -D_LIBCPP_HARDENING_MODE\=_LIBCPP_HARDENING_MODE_DEBUG -swift-version 6 -I /tmp/morsel-286-dd/Build/Products/Debug-iphonesimulator -Isystem /Applications/Xcode.app/Contents/Developer/Platforms/iPhoneSimulator.platform/Developer/usr/lib -F /tmp/morsel-286-dd/Build/Products/Debug-iphonesimulator/PackageFrameworks -F /tmp/morsel-286-dd/Build/Products/Debug-iphonesimulator/PackageFrameworks -F /tmp/morsel-286-dd/Build/Products/Debug-iphonesimulator -F /Applications/Xcode.app/Contents/Developer/Platforms/iPhoneSimulator.platform/Developer/Library/Frameworks -F /Applications/Xcode.app/Contents/Developer/Platforms/iPhoneSimulator.platform/Developer/SDKs/iPhoneSimulator26.5.sdk/Developer/Library/Frameworks -c -j10 -enable-batch-mode -incremental -Xcc -ivfsstatcache -Xcc /tmp/morsel-286-dd/SDKStatCaches.noindex/iphonesimulator26.5-23F81a-6cfe768891a92b912361537c460fe42b.sdkstatcache -output-file-map /tmp/morsel-286-dd/Build/Intermediates.noindex/swift-clocks.build/Debug-iphonesimulator/Clocks.build/Objects-normal/arm64/Clocks-OutputFileMap.json -use-frontend-parseable-output -save-temps -no-color-diagnostics -explicit-module-build -module-cache-path /tmp/morsel-286-dd/Build/Intermediates.noindex/SwiftExplicitPrecompiledModules -clang-scanner-module-cache-path /tmp/morsel-286-dd/ModuleCache.noindex -sdk-module-cache-path /tmp/morsel-286-dd/ModuleCache.noindex -serialize-diagnostics -emit-dependencies -emit-module -emit-module-path /tmp/morsel-286-dd/Build/Intermediates.noindex/swift-clocks.build/Debug-iphonesimulator/Clocks.build/Objects-normal/arm64/Clocks.swiftmodule -user-module-version 1.1.1 -validate-clang-modules-once -clang-build-session-file /tmp/morsel-286-dd/ModuleCache.noindex/Session.modulevalidation -package-name swift_clocks -Xcc -I/tmp/morsel-286-dd/Build/Intermediates.noindex/swift-clocks.build/Debug-iphonesimulator/Clocks.build/swift-overrides.hmap -emit-const-values -Xfrontend -const-gather-protocols-file -Xfrontend /tmp/morsel-286-dd/Build/Intermediates.noindex/swift-clocks.build/Debug-iphonesimulator/Clocks.build/Objects-normal/arm64/Clocks_const_extract_protocols.json -Xcc -I/tmp/morsel-286-dd/Build/Products/Debug-iphonesimulator/include -Xcc -I/tmp/morsel-286-dd/Build/Intermediates.noindex/swift-clocks.build/Debug-iphonesimulator/Clocks.build/DerivedSources-normal/arm64 -Xcc -I/tmp/morsel-286-dd/Build/Intermediates.noindex/swift-clocks.build/Debug-iphonesimulator/Clocks.build/DerivedSources/arm64 -Xcc -I/tmp/morsel-286-dd/Build/Intermediates.noindex/swift-clocks.build/Debug-iphonesimulator/Clocks.build/DerivedSources -Xcc -DSWIFT_PACKAGE -Xcc -DDEBUG\=1 -emit-objc-header -emit-objc-header-path /tmp/morsel-286-dd/Build/Intermediates.noindex/swift-clocks.build/Debug-iphonesimulator/Clocks.build/Objects-normal/arm64/Clocks-Swift.h -working-directory /tmp/morsel-286-mutation-qcdw70bm/issue-286-hero/app/Morsel.xcodeproj -experimental-emit-module-separately -disable-cmo

Copy /tmp/morsel-286-dd/Build/Products/Debug-iphonesimulator/Clocks.swiftmodule/arm64-apple-ios-simulator.abi.json /tmp/morsel-286-dd/Build/Intermediates.noindex/swift-clocks.build/Debug-iphonesimulator/Clocks.build/Objects-normal/arm64/Clocks.abi.json (in target 'Clocks' from project 'swift-clocks')
    cd /tmp/morsel-286-dd/SourcePackages/checkouts/swift-clocks
    builtin-copy -exclude .DS_Store -exclude CVS -exclude .svn -exclude .git -exclude .hg -resolve-src-symlinks -rename /tmp/morsel-286-dd/Build/Intermediates.noindex/swift-clocks.build/Debug-iphonesimulator/Clocks.build/Objects-normal/arm64/Clocks.abi.json /tmp/morsel-286-dd/Build/Products/Debug-iphonesimulator/Clocks.swiftmodule/arm64-apple-ios-simulator.abi.json

Copy /tmp/morsel-286-dd/Build/Products/Debug-iphonesimulator/Clocks.swiftmodule/arm64-apple-ios-simulator.swiftmodule /tmp/morsel-286-dd/Build/Intermediates.noindex/swift-clocks.build/Debug-iphonesimulator/Clocks.build/Objects-normal/arm64/Clocks.swiftmodule (in target 'Clocks' from project 'swift-clocks')
    cd /tmp/morsel-286-dd/SourcePackages/checkouts/swift-clocks
    builtin-copy -exclude .DS_Store -exclude CVS -exclude .svn -exclude .git -exclude .hg -resolve-src-symlinks -rename /tmp/morsel-286-dd/Build/Intermediates.noindex/swift-clocks.build/Debug-iphonesimulator/Clocks.build/Objects-normal/arm64/Clocks.swiftmodule /tmp/morsel-286-dd/Build/Products/Debug-iphonesimulator/Clocks.swiftmodule/arm64-apple-ios-simulator.swiftmodule

SwiftDriver XCTestDynamicOverlay normal arm64 com.apple.xcode.tools.swift.compiler (in target 'XCTestDynamicOverlay' from project 'xctest-dynamic-overlay')
    cd /tmp/morsel-286-mutation-qcdw70bm/issue-286-hero/app/Morsel.xcodeproj
    builtin-SwiftDriver -- /Applications/Xcode.app/Contents/Developer/Toolchains/XcodeDefault.xctoolchain/usr/bin/swiftc -module-name XCTestDynamicOverlay -Onone @/tmp/morsel-286-dd/Build/Intermediates.noindex/xctest-dynamic-overlay.build/Debug-iphonesimulator/XCTestDynamicOverlay.build/Objects-normal/arm64/XCTestDynamicOverlay.SwiftFileList -DSWIFT_PACKAGE -DDEBUG -DSWIFT_MODULE_RESOURCE_BUNDLE_UNAVAILABLE -DXcode -enable-upcoming-feature ExistentialAny -enable-upcoming-feature ImmutableWeakCaptures -enable-upcoming-feature InferIsolatedConformances -enable-upcoming-feature InternalImportsByDefault -enable-upcoming-feature MemberImportVisibility -enable-upcoming-feature NonisolatedNonsendingByDefault -plugin-path /Applications/Xcode.app/Contents/Developer/Toolchains/XcodeDefault.xctoolchain/usr/lib/swift/host/plugins/testing -enable-experimental-feature DebugDescriptionMacro -sdk /Applications/Xcode.app/Contents/Developer/Platforms/iPhoneSimulator.platform/Developer/SDKs/iPhoneSimulator26.5.sdk -target arm64-apple-ios13.0-simulator -g -module-cache-path /tmp/morsel-286-dd/ModuleCache.noindex -Xfrontend -serialize-debugging-options -enable-testing -suppress-warnings -index-store-path /tmp/morsel-286-dd/Index.noindex/DataStore -Xcc -D_LIBCPP_HARDENING_MODE\=_LIBCPP_HARDENING_MODE_DEBUG -swift-version 6 -I /tmp/morsel-286-dd/Build/Products/Debug-iphonesimulator -Isystem /Applications/Xcode.app/Contents/Developer/Platforms/iPhoneSimulator.platform/Developer/usr/lib -F /tmp/morsel-286-dd/Build/Products/Debug-iphonesimulator/PackageFrameworks -F /tmp/morsel-286-dd/Build/Products/Debug-iphonesimulator -F /Applications/Xcode.app/Contents/Developer/Platforms/iPhoneSimulator.platform/Developer/Library/Frameworks -F /Applications/Xcode.app/Contents/Developer/Platforms/iPhoneSimulator.platform/Developer/SDKs/iPhoneSimulator26.5.sdk/Developer/Library/Frameworks -c -j10 -enable-batch-mode -incremental -Xcc -ivfsstatcache -Xcc /tmp/morsel-286-dd/SDKStatCaches.noindex/iphonesimulator26.5-23F81a-6cfe768891a92b912361537c460fe42b.sdkstatcache -output-file-map /tmp/morsel-286-dd/Build/Intermediates.noindex/xctest-dynamic-overlay.build/Debug-iphonesimulator/XCTestDynamicOverlay.build/Objects-normal/arm64/XCTestDynamicOverlay-OutputFileMap.json -use-frontend-parseable-output -save-temps -no-color-diagnostics -explicit-module-build -module-cache-path /tmp/morsel-286-dd/Build/Intermediates.noindex/SwiftExplicitPrecompiledModules -clang-scanner-module-cache-path /tmp/morsel-286-dd/ModuleCache.noindex -sdk-module-cache-path /tmp/morsel-286-dd/ModuleCache.noindex -serialize-diagnostics -emit-dependencies -emit-module -emit-module-path /tmp/morsel-286-dd/Build/Intermediates.noindex/xctest-dynamic-overlay.build/Debug-iphonesimulator/XCTestDynamicOverlay.build/Objects-normal/arm64/XCTestDynamicOverlay.swiftmodule -user-module-version 1.13.1 -validate-clang-modules-once -clang-build-session-file /tmp/morsel-286-dd/ModuleCache.noindex/Session.modulevalidation -package-name xctest_dynamic_overlay -Xcc -I/tmp/morsel-286-dd/Build/Intermediates.noindex/xctest-dynamic-overlay.build/Debug-iphonesimulator/XCTestDynamicOverlay.build/swift-overrides.hmap -emit-const-values -Xfrontend -const-gather-protocols-file -Xfrontend /tmp/morsel-286-dd/Build/Intermediates.noindex/xctest-dynamic-overlay.build/Debug-iphonesimulator/XCTestDynamicOverlay.build/Objects-normal/arm64/XCTestDynamicOverlay_const_extract_protocols.json -Xcc -I/tmp/morsel-286-dd/Build/Products/Debug-iphonesimulator/include -Xcc -I/tmp/morsel-286-dd/Build/Intermediates.noindex/xctest-dynamic-overlay.build/Debug-iphonesimulator/XCTestDynamicOverlay.build/DerivedSources-normal/arm64 -Xcc -I/tmp/morsel-286-dd/Build/Intermediates.noindex/xctest-dynamic-overlay.build/Debug-iphonesimulator/XCTestDynamicOverlay.build/DerivedSources/arm64 -Xcc -I/tmp/morsel-286-dd/Build/Intermediates.noindex/xctest-dynamic-overlay.build/Debug-iphonesimulator/XCTestDynamicOverlay.build/DerivedSources -Xcc -DSWIFT_PACKAGE -Xcc -DDEBUG\=1 -emit-objc-header -emit-objc-header-path /tmp/morsel-286-dd/Build/Intermediates.noindex/xctest-dynamic-overlay.build/Debug-iphonesimulator/XCTestDynamicOverlay.build/Objects-normal/arm64/XCTestDynamicOverlay-Swift.h -working-directory /tmp/morsel-286-mutation-qcdw70bm/issue-286-hero/app/Morsel.xcodeproj -experimental-emit-module-separately -disable-cmo

SwiftDriverJobDiscovery normal arm64 Compiling AnyClock.swift (in target 'Clocks' from project 'swift-clocks')

SwiftDriverJobDiscovery normal arm64 Compiling ImmediateClock.swift (in target 'Clocks' from project 'swift-clocks')

SwiftDriverJobDiscovery normal arm64 Compiling _AsyncTimerSequence.swift (in target 'Clocks' from project 'swift-clocks')

SwiftDriverJobDiscovery normal arm64 Compiling UnimplementedClock.swift (in target 'Clocks' from project 'swift-clocks')

SwiftEmitModule normal arm64 Emitting\ module\ for\ XCTestDynamicOverlay (in target 'XCTestDynamicOverlay' from project 'xctest-dynamic-overlay')
EmitSwiftModule normal arm64 (in target 'XCTestDynamicOverlay' from project 'xctest-dynamic-overlay')
    cd /tmp/morsel-286-mutation-qcdw70bm/issue-286-hero/app/Morsel.xcodeproj


SwiftDriverJobDiscovery normal arm64 Compiling TestClock.swift (in target 'Clocks' from project 'swift-clocks')

SwiftDriver\ Compilation Clocks normal arm64 com.apple.xcode.tools.swift.compiler (in target 'Clocks' from project 'swift-clocks')
    cd /tmp/morsel-286-mutation-qcdw70bm/issue-286-hero/app/Morsel.xcodeproj
    builtin-Swift-Compilation -- /Applications/Xcode.app/Contents/Developer/Toolchains/XcodeDefault.xctoolchain/usr/bin/swiftc -module-name Clocks -Onone @/tmp/morsel-286-dd/Build/Intermediates.noindex/swift-clocks.build/Debug-iphonesimulator/Clocks.build/Objects-normal/arm64/Clocks.SwiftFileList -DSWIFT_PACKAGE -DDEBUG -DSWIFT_MODULE_RESOURCE_BUNDLE_UNAVAILABLE -DXcode -enable-upcoming-feature ExistentialAny -enable-upcoming-feature ImmutableWeakCaptures -enable-upcoming-feature InferIsolatedConformances -enable-upcoming-feature InternalImportsByDefault -enable-upcoming-feature MemberImportVisibility -enable-upcoming-feature NonisolatedNonsendingByDefault -plugin-path /Applications/Xcode.app/Contents/Developer/Toolchains/XcodeDefault.xctoolchain/usr/lib/swift/host/plugins/testing -enable-experimental-feature DebugDescriptionMacro -sdk /Applications/Xcode.app/Contents/Developer/Platforms/iPhoneSimulator.platform/Developer/SDKs/iPhoneSimulator26.5.sdk -target arm64-apple-ios13.0-simulator -g -module-cache-path /tmp/morsel-286-dd/ModuleCache.noindex -Xfrontend -serialize-debugging-options -enable-testing -suppress-warnings -index-store-path /tmp/morsel-286-dd/Index.noindex/DataStore -Xcc -D_LIBCPP_HARDENING_MODE\=_LIBCPP_HARDENING_MODE_DEBUG -swift-version 6 -I /tmp/morsel-286-dd/Build/Products/Debug-iphonesimulator -Isystem /Applications/Xcode.app/Contents/Developer/Platforms/iPhoneSimulator.platform/Developer/usr/lib -F /tmp/morsel-286-dd/Build/Products/Debug-iphonesimulator/PackageFrameworks -F /tmp/morsel-286-dd/Build/Products/Debug-iphonesimulator/PackageFrameworks -F /tmp/morsel-286-dd/Build/Products/Debug-iphonesimulator -F /Applications/Xcode.app/Contents/Developer/Platforms/iPhoneSimulator.platform/Developer/Library/Frameworks -F /Applications/Xcode.app/Contents/Developer/Platforms/iPhoneSimulator.platform/Developer/SDKs/iPhoneSimulator26.5.sdk/Developer/Library/Frameworks -c -j10 -enable-batch-mode -incremental -Xcc -ivfsstatcache -Xcc /tmp/morsel-286-dd/SDKStatCaches.noindex/iphonesimulator26.5-23F81a-6cfe768891a92b912361537c460fe42b.sdkstatcache -output-file-map /tmp/morsel-286-dd/Build/Intermediates.noindex/swift-clocks.build/Debug-iphonesimulator/Clocks.build/Objects-normal/arm64/Clocks-OutputFileMap.json -use-frontend-parseable-output -save-temps -no-color-diagnostics -explicit-module-build -module-cache-path /tmp/morsel-286-dd/Build/Intermediates.noindex/SwiftExplicitPrecompiledModules -clang-scanner-module-cache-path /tmp/morsel-286-dd/ModuleCache.noindex -sdk-module-cache-path /tmp/morsel-286-dd/ModuleCache.noindex -serialize-diagnostics -emit-dependencies -emit-module -emit-module-path /tmp/morsel-286-dd/Build/Intermediates.noindex/swift-clocks.build/Debug-iphonesimulator/Clocks.build/Objects-normal/arm64/Clocks.swiftmodule -user-module-version 1.1.1 -validate-clang-modules-once -clang-build-session-file /tmp/morsel-286-dd/ModuleCache.noindex/Session.modulevalidation -package-name swift_clocks -Xcc -I/tmp/morsel-286-dd/Build/Intermediates.noindex/swift-clocks.build/Debug-iphonesimulator/Clocks.build/swift-overrides.hmap -emit-const-values -Xfrontend -const-gather-protocols-file -Xfrontend /tmp/morsel-286-dd/Build/Intermediates.noindex/swift-clocks.build/Debug-iphonesimulator/Clocks.build/Objects-normal/arm64/Clocks_const_extract_protocols.json -Xcc -I/tmp/morsel-286-dd/Build/Products/Debug-iphonesimulator/include -Xcc -I/tmp/morsel-286-dd/Build/Intermediates.noindex/swift-clocks.build/Debug-iphonesimulator/Clocks.build/DerivedSources-normal/arm64 -Xcc -I/tmp/morsel-286-dd/Build/Intermediates.noindex/swift-clocks.build/Debug-iphonesimulator/Clocks.build/DerivedSources/arm64 -Xcc -I/tmp/morsel-286-dd/Build/Intermediates.noindex/swift-clocks.build/Debug-iphonesimulator/Clocks.build/DerivedSources -Xcc -DSWIFT_PACKAGE -Xcc -DDEBUG\=1 -emit-objc-header -emit-objc-header-path /tmp/morsel-286-dd/Build/Intermediates.noindex/swift-clocks.build/Debug-iphonesimulator/Clocks.build/Objects-normal/arm64/Clocks-Swift.h -working-directory /tmp/morsel-286-mutation-qcdw70bm/issue-286-hero/app/Morsel.xcodeproj -experimental-emit-module-separately -disable-cmo

Ld /tmp/morsel-286-dd/Build/Products/Debug-iphonesimulator/Clocks.o normal (in target 'Clocks' from project 'swift-clocks')
    cd /tmp/morsel-286-dd/SourcePackages/checkouts/swift-clocks
    /Applications/Xcode.app/Contents/Developer/Toolchains/XcodeDefault.xctoolchain/usr/bin/clang -Xlinker -reproducible -target arm64-apple-ios13.0-simulator -r -isysroot /Applications/Xcode.app/Contents/Developer/Platforms/iPhoneSimulator.platform/Developer/SDKs/iPhoneSimulator26.5.sdk -O0 -w -F/tmp/morsel-286-dd/Build/Intermediates.noindex/EagerLinkingTBDs/Debug-iphonesimulator -F/tmp/morsel-286-dd/Build/Products/Debug-iphonesimulator/PackageFrameworks -F/tmp/morsel-286-dd/Build/Products/Debug-iphonesimulator/PackageFrameworks -F/tmp/morsel-286-dd/Build/Products/Debug-iphonesimulator -iframework /Applications/Xcode.app/Contents/Developer/Platforms/iPhoneSimulator.platform/Developer/Library/Frameworks -iframework /Applications/Xcode.app/Contents/Developer/Platforms/iPhoneSimulator.platform/Developer/SDKs/iPhoneSimulator26.5.sdk/Developer/Library/Frameworks -filelist /tmp/morsel-286-dd/Build/Intermediates.noindex/swift-clocks.build/Debug-iphonesimulator/Clocks.build/Objects-normal/arm64/Clocks.LinkFileList -nostdlib -Xlinker -object_path_lto -Xlinker /tmp/morsel-286-dd/Build/Intermediates.noindex/swift-clocks.build/Debug-iphonesimulator/Clocks.build/Objects-normal/arm64/Clocks_lto.o -Xlinker -no_deduplicate -Xlinker -objc_abi_version -Xlinker 2 -Xlinker -dependency_info -Xlinker /tmp/morsel-286-dd/Build/Intermediates.noindex/swift-clocks.build/Debug-iphonesimulator/Clocks.build/Objects-normal/arm64/Clocks_dependency_info.dat -fobjc-link-runtime -L/Applications/Xcode.app/Contents/Developer/Toolchains/XcodeDefault.xctoolchain/usr/lib/swift/iphonesimulator -L/usr/lib/swift -Xlinker -add_ast_path -Xlinker /tmp/morsel-286-dd/Build/Intermediates.noindex/swift-clocks.build/Debug-iphonesimulator/Clocks.build/Objects-normal/arm64/Clocks.swiftmodule @/tmp/morsel-286-dd/Build/Intermediates.noindex/swift-clocks.build/Debug-iphonesimulator/Clocks.build/Objects-normal/arm64/Clocks-linker-args.resp -o /tmp/morsel-286-dd/Build/Products/Debug-iphonesimulator/Clocks.o

ExtractAppIntentsMetadata (in target 'Clocks' from project 'swift-clocks')
    cd /tmp/morsel-286-dd/SourcePackages/checkouts/swift-clocks
    /Applications/Xcode.app/Contents/Developer/Toolchains/XcodeDefault.xctoolchain/usr/bin/appintentsmetadataprocessor --toolchain-dir /Applications/Xcode.app/Contents/Developer/Toolchains/XcodeDefault.xctoolchain --module-name Clocks --sdk-root /Applications/Xcode.app/Contents/Developer/Platforms/iPhoneSimulator.platform/Developer/SDKs/iPhoneSimulator26.5.sdk --xcode-version 17F113 --platform-family iOS --deployment-target 13.0 --bundle-identifier swift-clocks.Clocks --output /tmp/morsel-286-dd/Build/Products/Debug-iphonesimulator/Clocks.appintents --target-triple arm64-apple-ios13.0-simulator --binary-file /tmp/morsel-286-dd/Build/Products/Debug-iphonesimulator/Clocks.o --dependency-file /tmp/morsel-286-dd/Build/Intermediates.noindex/swift-clocks.build/Debug-iphonesimulator/Clocks.build/Objects-normal/arm64/Clocks_dependency_info.dat --stringsdata-file /tmp/morsel-286-dd/Build/Intermediates.noindex/swift-clocks.build/Debug-iphonesimulator/Clocks.build/Objects-normal/arm64/ExtractedAppShortcutsMetadata.stringsdata --source-file-list /tmp/morsel-286-dd/Build/Intermediates.noindex/swift-clocks.build/Debug-iphonesimulator/Clocks.build/Objects-normal/arm64/Clocks.SwiftFileList --metadata-file-list /tmp/morsel-286-dd/Build/Intermediates.noindex/swift-clocks.build/Debug-iphonesimulator/Clocks.build/Clocks.DependencyMetadataFileList --static-metadata-file-list /tmp/morsel-286-dd/Build/Intermediates.noindex/swift-clocks.build/Debug-iphonesimulator/Clocks.build/Clocks.DependencyStaticMetadataFileList --swift-const-vals-list /tmp/morsel-286-dd/Build/Intermediates.noindex/swift-clocks.build/Debug-iphonesimulator/Clocks.build/Objects-normal/arm64/Clocks.SwiftConstValuesFileList --force --compile-time-extraction --deployment-aware-processing --validate-assistant-intents --no-app-shortcuts-localization
2026-09-17 12:32:51.039 appintentsmetadataprocessor[31242:12830907] Starting appintentsmetadataprocessor export
2026-09-17 12:32:51.053 appintentsmetadataprocessor[31242:12830907] Extracted no relevant App Intents symbols, skipping writing output

RegisterExecutionPolicyException /tmp/morsel-286-dd/Build/Products/Debug-iphonesimulator/Clocks.o (in target 'Clocks' from project 'swift-clocks')
    cd /tmp/morsel-286-dd/SourcePackages/checkouts/swift-clocks
    builtin-RegisterExecutionPolicyException /tmp/morsel-286-dd/Build/Products/Debug-iphonesimulator/Clocks.o

SwiftCompile normal arm64 Compiling\ Exports.swift /tmp/morsel-286-dd/SourcePackages/checkouts/xctest-dynamic-overlay/Sources/XCTestDynamicOverlay/Internal/Exports.swift (in target 'XCTestDynamicOverlay' from project 'xctest-dynamic-overlay')
SwiftCompile normal arm64 /tmp/morsel-286-dd/SourcePackages/checkouts/xctest-dynamic-overlay/Sources/XCTestDynamicOverlay/Internal/Exports.swift (in target 'XCTestDynamicOverlay' from project 'xctest-dynamic-overlay')
    cd /tmp/morsel-286-mutation-qcdw70bm/issue-286-hero/app/Morsel.xcodeproj


SwiftCompile normal arm64 Compiling\ Fail.swift /tmp/morsel-286-dd/SourcePackages/checkouts/xctest-dynamic-overlay/Sources/XCTestDynamicOverlay/Internal/Fail.swift (in target 'XCTestDynamicOverlay' from project 'xctest-dynamic-overlay')
SwiftCompile normal arm64 /tmp/morsel-286-dd/SourcePackages/checkouts/xctest-dynamic-overlay/Sources/XCTestDynamicOverlay/Internal/Fail.swift (in target 'XCTestDynamicOverlay' from project 'xctest-dynamic-overlay')
    cd /tmp/morsel-286-mutation-qcdw70bm/issue-286-hero/app/Morsel.xcodeproj


SwiftCompile normal arm64 Compiling\ Deprecations.swift /tmp/morsel-286-dd/SourcePackages/checkouts/xctest-dynamic-overlay/Sources/XCTestDynamicOverlay/Internal/Deprecations.swift (in target 'XCTestDynamicOverlay' from project 'xctest-dynamic-overlay')
SwiftCompile normal arm64 /tmp/morsel-286-dd/SourcePackages/checkouts/xctest-dynamic-overlay/Sources/XCTestDynamicOverlay/Internal/Deprecations.swift (in target 'XCTestDynamicOverlay' from project 'xctest-dynamic-overlay')
    cd /tmp/morsel-286-mutation-qcdw70bm/issue-286-hero/app/Morsel.xcodeproj


SwiftDriverJobDiscovery normal arm64 Emitting module for XCTestDynamicOverlay (in target 'XCTestDynamicOverlay' from project 'xctest-dynamic-overlay')

SwiftDriver\ Compilation\ Requirements XCTestDynamicOverlay normal arm64 com.apple.xcode.tools.swift.compiler (in target 'XCTestDynamicOverlay' from project 'xctest-dynamic-overlay')
    cd /tmp/morsel-286-mutation-qcdw70bm/issue-286-hero/app/Morsel.xcodeproj
    builtin-Swift-Compilation-Requirements -- /Applications/Xcode.app/Contents/Developer/Toolchains/XcodeDefault.xctoolchain/usr/bin/swiftc -module-name XCTestDynamicOverlay -Onone @/tmp/morsel-286-dd/Build/Intermediates.noindex/xctest-dynamic-overlay.build/Debug-iphonesimulator/XCTestDynamicOverlay.build/Objects-normal/arm64/XCTestDynamicOverlay.SwiftFileList -DSWIFT_PACKAGE -DDEBUG -DSWIFT_MODULE_RESOURCE_BUNDLE_UNAVAILABLE -DXcode -enable-upcoming-feature ExistentialAny -enable-upcoming-feature ImmutableWeakCaptures -enable-upcoming-feature InferIsolatedConformances -enable-upcoming-feature InternalImportsByDefault -enable-upcoming-feature MemberImportVisibility -enable-upcoming-feature NonisolatedNonsendingByDefault -plugin-path /Applications/Xcode.app/Contents/Developer/Toolchains/XcodeDefault.xctoolchain/usr/lib/swift/host/plugins/testing -enable-experimental-feature DebugDescriptionMacro -sdk /Applications/Xcode.app/Contents/Developer/Platforms/iPhoneSimulator.platform/Developer/SDKs/iPhoneSimulator26.5.sdk -target arm64-apple-ios13.0-simulator -g -module-cache-path /tmp/morsel-286-dd/ModuleCache.noindex -Xfrontend -serialize-debugging-options -enable-testing -suppress-warnings -index-store-path /tmp/morsel-286-dd/Index.noindex/DataStore -Xcc -D_LIBCPP_HARDENING_MODE\=_LIBCPP_HARDENING_MODE_DEBUG -swift-version 6 -I /tmp/morsel-286-dd/Build/Products/Debug-iphonesimulator -Isystem /Applications/Xcode.app/Contents/Developer/Platforms/iPhoneSimulator.platform/Developer/usr/lib -F /tmp/morsel-286-dd/Build/Products/Debug-iphonesimulator/PackageFrameworks -F /tmp/morsel-286-dd/Build/Products/Debug-iphonesimulator -F /Applications/Xcode.app/Contents/Developer/Platforms/iPhoneSimulator.platform/Developer/Library/Frameworks -F /Applications/Xcode.app/Contents/Developer/Platforms/iPhoneSimulator.platform/Developer/SDKs/iPhoneSimulator26.5.sdk/Developer/Library/Frameworks -c -j10 -enable-batch-mode -incremental -Xcc -ivfsstatcache -Xcc /tmp/morsel-286-dd/SDKStatCaches.noindex/iphonesimulator26.5-23F81a-6cfe768891a92b912361537c460fe42b.sdkstatcache -output-file-map /tmp/morsel-286-dd/Build/Intermediates.noindex/xctest-dynamic-overlay.build/Debug-iphonesimulator/XCTestDynamicOverlay.build/Objects-normal/arm64/XCTestDynamicOverlay-OutputFileMap.json -use-frontend-parseable-output -save-temps -no-color-diagnostics -explicit-module-build -module-cache-path /tmp/morsel-286-dd/Build/Intermediates.noindex/SwiftExplicitPrecompiledModules -clang-scanner-module-cache-path /tmp/morsel-286-dd/ModuleCache.noindex -sdk-module-cache-path /tmp/morsel-286-dd/ModuleCache.noindex -serialize-diagnostics -emit-dependencies -emit-module -emit-module-path /tmp/morsel-286-dd/Build/Intermediates.noindex/xctest-dynamic-overlay.build/Debug-iphonesimulator/XCTestDynamicOverlay.build/Objects-normal/arm64/XCTestDynamicOverlay.swiftmodule -user-module-version 1.13.1 -validate-clang-modules-once -clang-build-session-file /tmp/morsel-286-dd/ModuleCache.noindex/Session.modulevalidation -package-name xctest_dynamic_overlay -Xcc -I/tmp/morsel-286-dd/Build/Intermediates.noindex/xctest-dynamic-overlay.build/Debug-iphonesimulator/XCTestDynamicOverlay.build/swift-overrides.hmap -emit-const-values -Xfrontend -const-gather-protocols-file -Xfrontend /tmp/morsel-286-dd/Build/Intermediates.noindex/xctest-dynamic-overlay.build/Debug-iphonesimulator/XCTestDynamicOverlay.build/Objects-normal/arm64/XCTestDynamicOverlay_const_extract_protocols.json -Xcc -I/tmp/morsel-286-dd/Build/Products/Debug-iphonesimulator/include -Xcc -I/tmp/morsel-286-dd/Build/Intermediates.noindex/xctest-dynamic-overlay.build/Debug-iphonesimulator/XCTestDynamicOverlay.build/DerivedSources-normal/arm64 -Xcc -I/tmp/morsel-286-dd/Build/Intermediates.noindex/xctest-dynamic-overlay.build/Debug-iphonesimulator/XCTestDynamicOverlay.build/DerivedSources/arm64 -Xcc -I/tmp/morsel-286-dd/Build/Intermediates.noindex/xctest-dynamic-overlay.build/Debug-iphonesimulator/XCTestDynamicOverlay.build/DerivedSources -Xcc -DSWIFT_PACKAGE -Xcc -DDEBUG\=1 -emit-objc-header -emit-objc-header-path /tmp/morsel-286-dd/Build/Intermediates.noindex/xctest-dynamic-overlay.build/Debug-iphonesimulator/XCTestDynamicOverlay.build/Objects-normal/arm64/XCTestDynamicOverlay-Swift.h -working-directory /tmp/morsel-286-mutation-qcdw70bm/issue-286-hero/app/Morsel.xcodeproj -experimental-emit-module-separately -disable-cmo

Copy /tmp/morsel-286-dd/Build/Products/Debug-iphonesimulator/XCTestDynamicOverlay.swiftmodule/arm64-apple-ios-simulator.abi.json /tmp/morsel-286-dd/Build/Intermediates.noindex/xctest-dynamic-overlay.build/Debug-iphonesimulator/XCTestDynamicOverlay.build/Objects-normal/arm64/XCTestDynamicOverlay.abi.json (in target 'XCTestDynamicOverlay' from project 'xctest-dynamic-overlay')
    cd /tmp/morsel-286-dd/SourcePackages/checkouts/xctest-dynamic-overlay
    builtin-copy -exclude .DS_Store -exclude CVS -exclude .svn -exclude .git -exclude .hg -resolve-src-symlinks -rename /tmp/morsel-286-dd/Build/Intermediates.noindex/xctest-dynamic-overlay.build/Debug-iphonesimulator/XCTestDynamicOverlay.build/Objects-normal/arm64/XCTestDynamicOverlay.abi.json /tmp/morsel-286-dd/Build/Products/Debug-iphonesimulator/XCTestDynamicOverlay.swiftmodule/arm64-apple-ios-simulator.abi.json

Copy /tmp/morsel-286-dd/Build/Products/Debug-iphonesimulator/XCTestDynamicOverlay.swiftmodule/arm64-apple-ios-simulator.swiftmodule /tmp/morsel-286-dd/Build/Intermediates.noindex/xctest-dynamic-overlay.build/Debug-iphonesimulator/XCTestDynamicOverlay.build/Objects-normal/arm64/XCTestDynamicOverlay.swiftmodule (in target 'XCTestDynamicOverlay' from project 'xctest-dynamic-overlay')
    cd /tmp/morsel-286-dd/SourcePackages/checkouts/xctest-dynamic-overlay
    builtin-copy -exclude .DS_Store -exclude CVS -exclude .svn -exclude .git -exclude .hg -resolve-src-symlinks -rename /tmp/morsel-286-dd/Build/Intermediates.noindex/xctest-dynamic-overlay.build/Debug-iphonesimulator/XCTestDynamicOverlay.build/Objects-normal/arm64/XCTestDynamicOverlay.swiftmodule /tmp/morsel-286-dd/Build/Products/Debug-iphonesimulator/XCTestDynamicOverlay.swiftmodule/arm64-apple-ios-simulator.swiftmodule

SwiftDriver Helpers normal arm64 com.apple.xcode.tools.swift.compiler (in target 'Helpers' from project 'Supabase')
    cd /tmp/morsel-286-mutation-qcdw70bm/issue-286-hero/app/Morsel.xcodeproj
    builtin-SwiftDriver -- /Applications/Xcode.app/Contents/Developer/Toolchains/XcodeDefault.xctoolchain/usr/bin/swiftc -module-name Helpers -Onone @/tmp/morsel-286-dd/Build/Intermediates.noindex/Supabase.build/Debug-iphonesimulator/Helpers.build/Objects-normal/arm64/Helpers.SwiftFileList -DSWIFT_PACKAGE -DDEBUG -DSWIFT_MODULE_RESOURCE_BUNDLE_UNAVAILABLE -DXcode -enable-upcoming-feature ExistentialAny -enable-upcoming-feature ImmutableWeakCaptures -enable-upcoming-feature InferIsolatedConformances -enable-upcoming-feature InternalImportsByDefault -enable-upcoming-feature MemberImportVisibility -plugin-path /Applications/Xcode.app/Contents/Developer/Toolchains/XcodeDefault.xctoolchain/usr/lib/swift/host/plugins/testing -enable-experimental-feature DebugDescriptionMacro -sdk /Applications/Xcode.app/Contents/Developer/Platforms/iPhoneSimulator.platform/Developer/SDKs/iPhoneSimulator26.5.sdk -target arm64-apple-ios16.0-simulator -g -module-cache-path /tmp/morsel-286-dd/ModuleCache.noindex -Xfrontend -serialize-debugging-options -enable-testing -suppress-warnings -index-store-path /tmp/morsel-286-dd/Index.noindex/DataStore -Xcc -D_LIBCPP_HARDENING_MODE\=_LIBCPP_HARDENING_MODE_DEBUG -swift-version 6 -I /tmp/morsel-286-dd/Build/Products/Debug-iphonesimulator -Isystem /Applications/Xcode.app/Contents/Developer/Platforms/iPhoneSimulator.platform/Developer/usr/lib -F /tmp/morsel-286-dd/Build/Products/Debug-iphonesimulator/PackageFrameworks -F /tmp/morsel-286-dd/Build/Products/Debug-iphonesimulator/PackageFrameworks -F /tmp/morsel-286-dd/Build/Products/Debug-iphonesimulator/PackageFrameworks -F /tmp/morsel-286-dd/Build/Products/Debug-iphonesimulator/PackageFrameworks -F /tmp/morsel-286-dd/Build/Products/Debug-iphonesimulator/PackageFrameworks -F /tmp/morsel-286-dd/Build/Products/Debug-iphonesimulator -F /Applications/Xcode.app/Contents/Developer/Platforms/iPhoneSimulator.platform/Developer/Library/Frameworks -F /Applications/Xcode.app/Contents/Developer/Platforms/iPhoneSimulator.platform/Developer/SDKs/iPhoneSimulator26.5.sdk/Developer/Library/Frameworks -c -j10 -enable-batch-mode -incremental -Xcc -ivfsstatcache -Xcc /tmp/morsel-286-dd/SDKStatCaches.noindex/iphonesimulator26.5-23F81a-6cfe768891a92b912361537c460fe42b.sdkstatcache -output-file-map /tmp/morsel-286-dd/Build/Intermediates.noindex/Supabase.build/Debug-iphonesimulator/Helpers.build/Objects-normal/arm64/Helpers-OutputFileMap.json -use-frontend-parseable-output -save-temps -no-color-diagnostics -explicit-module-build -module-cache-path /tmp/morsel-286-dd/Build/Intermediates.noindex/SwiftExplicitPrecompiledModules -clang-scanner-module-cache-path /tmp/morsel-286-dd/ModuleCache.noindex -sdk-module-cache-path /tmp/morsel-286-dd/ModuleCache.noindex -serialize-diagnostics -emit-dependencies -emit-module -emit-module-path /tmp/morsel-286-dd/Build/Intermediates.noindex/Supabase.build/Debug-iphonesimulator/Helpers.build/Objects-normal/arm64/Helpers.swiftmodule -user-module-version 2.55.1 -validate-clang-modules-once -clang-build-session-file /tmp/morsel-286-dd/ModuleCache.noindex/Session.modulevalidation -package-name supabase_swift -Xcc -I/tmp/morsel-286-dd/Build/Intermediates.noindex/Supabase.build/Debug-iphonesimulator/Helpers.build/swift-overrides.hmap -emit-const-values -Xfrontend -const-gather-protocols-file -Xfrontend /tmp/morsel-286-dd/Build/Intermediates.noindex/Supabase.build/Debug-iphonesimulator/Helpers.build/Objects-normal/arm64/Helpers_const_extract_protocols.json -Xcc -I/tmp/morsel-286-dd/Build/Products/Debug-iphonesimulator/include -Xcc -I/tmp/morsel-286-dd/Build/Intermediates.noindex/Supabase.build/Debug-iphonesimulator/Helpers.build/DerivedSources-normal/arm64 -Xcc -I/tmp/morsel-286-dd/Build/Intermediates.noindex/Supabase.build/Debug-iphonesimulator/Helpers.build/DerivedSources/arm64 -Xcc -I/tmp/morsel-286-dd/Build/Intermediates.noindex/Supabase.build/Debug-iphonesimulator/Helpers.build/DerivedSources -Xcc -DSWIFT_PACKAGE -Xcc -DDEBUG\=1 -emit-objc-header -emit-objc-header-path /tmp/morsel-286-dd/Build/Intermediates.noindex/Supabase.build/Debug-iphonesimulator/Helpers.build/Objects-normal/arm64/Helpers-Swift.h -working-directory /tmp/morsel-286-mutation-qcdw70bm/issue-286-hero/app/Morsel.xcodeproj -experimental-emit-module-separately -disable-cmo

SwiftDriverJobDiscovery normal arm64 Compiling Exports.swift (in target 'XCTestDynamicOverlay' from project 'xctest-dynamic-overlay')

SwiftDriverJobDiscovery normal arm64 Compiling Fail.swift (in target 'XCTestDynamicOverlay' from project 'xctest-dynamic-overlay')

SwiftEmitModule normal arm64 Emitting\ module\ for\ Helpers (in target 'Helpers' from project 'Supabase')
EmitSwiftModule normal arm64 (in target 'Helpers' from project 'Supabase')
    cd /tmp/morsel-286-mutation-qcdw70bm/issue-286-hero/app/Morsel.xcodeproj


SwiftDriverJobDiscovery normal arm64 Compiling Deprecations.swift (in target 'XCTestDynamicOverlay' from project 'xctest-dynamic-overlay')

SwiftDriver\ Compilation XCTestDynamicOverlay normal arm64 com.apple.xcode.tools.swift.compiler (in target 'XCTestDynamicOverlay' from project 'xctest-dynamic-overlay')
    cd /tmp/morsel-286-mutation-qcdw70bm/issue-286-hero/app/Morsel.xcodeproj
    builtin-Swift-Compilation -- /Applications/Xcode.app/Contents/Developer/Toolchains/XcodeDefault.xctoolchain/usr/bin/swiftc -module-name XCTestDynamicOverlay -Onone @/tmp/morsel-286-dd/Build/Intermediates.noindex/xctest-dynamic-overlay.build/Debug-iphonesimulator/XCTestDynamicOverlay.build/Objects-normal/arm64/XCTestDynamicOverlay.SwiftFileList -DSWIFT_PACKAGE -DDEBUG -DSWIFT_MODULE_RESOURCE_BUNDLE_UNAVAILABLE -DXcode -enable-upcoming-feature ExistentialAny -enable-upcoming-feature ImmutableWeakCaptures -enable-upcoming-feature InferIsolatedConformances -enable-upcoming-feature InternalImportsByDefault -enable-upcoming-feature MemberImportVisibility -enable-upcoming-feature NonisolatedNonsendingByDefault -plugin-path /Applications/Xcode.app/Contents/Developer/Toolchains/XcodeDefault.xctoolchain/usr/lib/swift/host/plugins/testing -enable-experimental-feature DebugDescriptionMacro -sdk /Applications/Xcode.app/Contents/Developer/Platforms/iPhoneSimulator.platform/Developer/SDKs/iPhoneSimulator26.5.sdk -target arm64-apple-ios13.0-simulator -g -module-cache-path /tmp/morsel-286-dd/ModuleCache.noindex -Xfrontend -serialize-debugging-options -enable-testing -suppress-warnings -index-store-path /tmp/morsel-286-dd/Index.noindex/DataStore -Xcc -D_LIBCPP_HARDENING_MODE\=_LIBCPP_HARDENING_MODE_DEBUG -swift-version 6 -I /tmp/morsel-286-dd/Build/Products/Debug-iphonesimulator -Isystem /Applications/Xcode.app/Contents/Developer/Platforms/iPhoneSimulator.platform/Developer/usr/lib -F /tmp/morsel-286-dd/Build/Products/Debug-iphonesimulator/PackageFrameworks -F /tmp/morsel-286-dd/Build/Products/Debug-iphonesimulator -F /Applications/Xcode.app/Contents/Developer/Platforms/iPhoneSimulator.platform/Developer/Library/Frameworks -F /Applications/Xcode.app/Contents/Developer/Platforms/iPhoneSimulator.platform/Developer/SDKs/iPhoneSimulator26.5.sdk/Developer/Library/Frameworks -c -j10 -enable-batch-mode -incremental -Xcc -ivfsstatcache -Xcc /tmp/morsel-286-dd/SDKStatCaches.noindex/iphonesimulator26.5-23F81a-6cfe768891a92b912361537c460fe42b.sdkstatcache -output-file-map /tmp/morsel-286-dd/Build/Intermediates.noindex/xctest-dynamic-overlay.build/Debug-iphonesimulator/XCTestDynamicOverlay.build/Objects-normal/arm64/XCTestDynamicOverlay-OutputFileMap.json -use-frontend-parseable-output -save-temps -no-color-diagnostics -explicit-module-build -module-cache-path /tmp/morsel-286-dd/Build/Intermediates.noindex/SwiftExplicitPrecompiledModules -clang-scanner-module-cache-path /tmp/morsel-286-dd/ModuleCache.noindex -sdk-module-cache-path /tmp/morsel-286-dd/ModuleCache.noindex -serialize-diagnostics -emit-dependencies -emit-module -emit-module-path /tmp/morsel-286-dd/Build/Intermediates.noindex/xctest-dynamic-overlay.build/Debug-iphonesimulator/XCTestDynamicOverlay.build/Objects-normal/arm64/XCTestDynamicOverlay.swiftmodule -user-module-version 1.13.1 -validate-clang-modules-once -clang-build-session-file /tmp/morsel-286-dd/ModuleCache.noindex/Session.modulevalidation -package-name xctest_dynamic_overlay -Xcc -I/tmp/morsel-286-dd/Build/Intermediates.noindex/xctest-dynamic-overlay.build/Debug-iphonesimulator/XCTestDynamicOverlay.build/swift-overrides.hmap -emit-const-values -Xfrontend -const-gather-protocols-file -Xfrontend /tmp/morsel-286-dd/Build/Intermediates.noindex/xctest-dynamic-overlay.build/Debug-iphonesimulator/XCTestDynamicOverlay.build/Objects-normal/arm64/XCTestDynamicOverlay_const_extract_protocols.json -Xcc -I/tmp/morsel-286-dd/Build/Products/Debug-iphonesimulator/include -Xcc -I/tmp/morsel-286-dd/Build/Intermediates.noindex/xctest-dynamic-overlay.build/Debug-iphonesimulator/XCTestDynamicOverlay.build/DerivedSources-normal/arm64 -Xcc -I/tmp/morsel-286-dd/Build/Intermediates.noindex/xctest-dynamic-overlay.build/Debug-iphonesimulator/XCTestDynamicOverlay.build/DerivedSources/arm64 -Xcc -I/tmp/morsel-286-dd/Build/Intermediates.noindex/xctest-dynamic-overlay.build/Debug-iphonesimulator/XCTestDynamicOverlay.build/DerivedSources -Xcc -DSWIFT_PACKAGE -Xcc -DDEBUG\=1 -emit-objc-header -emit-objc-header-path /tmp/morsel-286-dd/Build/Intermediates.noindex/xctest-dynamic-overlay.build/Debug-iphonesimulator/XCTestDynamicOverlay.build/Objects-normal/arm64/XCTestDynamicOverlay-Swift.h -working-directory /tmp/morsel-286-mutation-qcdw70bm/issue-286-hero/app/Morsel.xcodeproj -experimental-emit-module-separately -disable-cmo

Ld /tmp/morsel-286-dd/Build/Products/Debug-iphonesimulator/XCTestDynamicOverlay.o normal (in target 'XCTestDynamicOverlay' from project 'xctest-dynamic-overlay')
    cd /tmp/morsel-286-dd/SourcePackages/checkouts/xctest-dynamic-overlay
    /Applications/Xcode.app/Contents/Developer/Toolchains/XcodeDefault.xctoolchain/usr/bin/clang -Xlinker -reproducible -target arm64-apple-ios13.0-simulator -r -isysroot /Applications/Xcode.app/Contents/Developer/Platforms/iPhoneSimulator.platform/Developer/SDKs/iPhoneSimulator26.5.sdk -O0 -w -F/tmp/morsel-286-dd/Build/Intermediates.noindex/EagerLinkingTBDs/Debug-iphonesimulator -F/tmp/morsel-286-dd/Build/Products/Debug-iphonesimulator/PackageFrameworks -F/tmp/morsel-286-dd/Build/Products/Debug-iphonesimulator -iframework /Applications/Xcode.app/Contents/Developer/Platforms/iPhoneSimulator.platform/Developer/Library/Frameworks -iframework /Applications/Xcode.app/Contents/Developer/Platforms/iPhoneSimulator.platform/Developer/SDKs/iPhoneSimulator26.5.sdk/Developer/Library/Frameworks -filelist /tmp/morsel-286-dd/Build/Intermediates.noindex/xctest-dynamic-overlay.build/Debug-iphonesimulator/XCTestDynamicOverlay.build/Objects-normal/arm64/XCTestDynamicOverlay.LinkFileList -nostdlib -Xlinker -object_path_lto -Xlinker /tmp/morsel-286-dd/Build/Intermediates.noindex/xctest-dynamic-overlay.build/Debug-iphonesimulator/XCTestDynamicOverlay.build/Objects-normal/arm64/XCTestDynamicOverlay_lto.o -Xlinker -no_deduplicate -Xlinker -objc_abi_version -Xlinker 2 -Xlinker -dependency_info -Xlinker /tmp/morsel-286-dd/Build/Intermediates.noindex/xctest-dynamic-overlay.build/Debug-iphonesimulator/XCTestDynamicOverlay.build/Objects-normal/arm64/XCTestDynamicOverlay_dependency_info.dat -fobjc-link-runtime -L/Applications/Xcode.app/Contents/Developer/Toolchains/XcodeDefault.xctoolchain/usr/lib/swift/iphonesimulator -L/usr/lib/swift -Xlinker -add_ast_path -Xlinker /tmp/morsel-286-dd/Build/Intermediates.noindex/xctest-dynamic-overlay.build/Debug-iphonesimulator/XCTestDynamicOverlay.build/Objects-normal/arm64/XCTestDynamicOverlay.swiftmodule @/tmp/morsel-286-dd/Build/Intermediates.noindex/xctest-dynamic-overlay.build/Debug-iphonesimulator/XCTestDynamicOverlay.build/Objects-normal/arm64/XCTestDynamicOverlay-linker-args.resp -o /tmp/morsel-286-dd/Build/Products/Debug-iphonesimulator/XCTestDynamicOverlay.o

ExtractAppIntentsMetadata (in target 'XCTestDynamicOverlay' from project 'xctest-dynamic-overlay')
    cd /tmp/morsel-286-dd/SourcePackages/checkouts/xctest-dynamic-overlay
    /Applications/Xcode.app/Contents/Developer/Toolchains/XcodeDefault.xctoolchain/usr/bin/appintentsmetadataprocessor --toolchain-dir /Applications/Xcode.app/Contents/Developer/Toolchains/XcodeDefault.xctoolchain --module-name XCTestDynamicOverlay --sdk-root /Applications/Xcode.app/Contents/Developer/Platforms/iPhoneSimulator.platform/Developer/SDKs/iPhoneSimulator26.5.sdk --xcode-version 17F113 --platform-family iOS --deployment-target 13.0 --bundle-identifier xctest-dynamic-overlay.XCTestDynamicOverlay --output /tmp/morsel-286-dd/Build/Products/Debug-iphonesimulator/XCTestDynamicOverlay.appintents --target-triple arm64-apple-ios13.0-simulator --binary-file /tmp/morsel-286-dd/Build/Products/Debug-iphonesimulator/XCTestDynamicOverlay.o --dependency-file /tmp/morsel-286-dd/Build/Intermediates.noindex/xctest-dynamic-overlay.build/Debug-iphonesimulator/XCTestDynamicOverlay.build/Objects-normal/arm64/XCTestDynamicOverlay_dependency_info.dat --stringsdata-file /tmp/morsel-286-dd/Build/Intermediates.noindex/xctest-dynamic-overlay.build/Debug-iphonesimulator/XCTestDynamicOverlay.build/Objects-normal/arm64/ExtractedAppShortcutsMetadata.stringsdata --source-file-list /tmp/morsel-286-dd/Build/Intermediates.noindex/xctest-dynamic-overlay.build/Debug-iphonesimulator/XCTestDynamicOverlay.build/Objects-normal/arm64/XCTestDynamicOverlay.SwiftFileList --metadata-file-list /tmp/morsel-286-dd/Build/Intermediates.noindex/xctest-dynamic-overlay.build/Debug-iphonesimulator/XCTestDynamicOverlay.build/XCTestDynamicOverlay.DependencyMetadataFileList --static-metadata-file-list /tmp/morsel-286-dd/Build/Intermediates.noindex/xctest-dynamic-overlay.build/Debug-iphonesimulator/XCTestDynamicOverlay.build/XCTestDynamicOverlay.DependencyStaticMetadataFileList --swift-const-vals-list /tmp/morsel-286-dd/Build/Intermediates.noindex/xctest-dynamic-overlay.build/Debug-iphonesimulator/XCTestDynamicOverlay.build/Objects-normal/arm64/XCTestDynamicOverlay.SwiftConstValuesFileList --force --compile-time-extraction --deployment-aware-processing --validate-assistant-intents --no-app-shortcuts-localization
2026-09-17 12:32:51.706 appintentsmetadataprocessor[31258:12830976] Starting appintentsmetadataprocessor export
2026-09-17 12:32:51.717 appintentsmetadataprocessor[31258:12830976] Extracted no relevant App Intents symbols, skipping writing output

SwiftDriverJobDiscovery normal arm64 Emitting module for Helpers (in target 'Helpers' from project 'Supabase')

RegisterExecutionPolicyException /tmp/morsel-286-dd/Build/Products/Debug-iphonesimulator/XCTestDynamicOverlay.o (in target 'XCTestDynamicOverlay' from project 'xctest-dynamic-overlay')
    cd /tmp/morsel-286-dd/SourcePackages/checkouts/xctest-dynamic-overlay
    builtin-RegisterExecutionPolicyException /tmp/morsel-286-dd/Build/Products/Debug-iphonesimulator/XCTestDynamicOverlay.o

SwiftDriver\ Compilation\ Requirements Helpers normal arm64 com.apple.xcode.tools.swift.compiler (in target 'Helpers' from project 'Supabase')
    cd /tmp/morsel-286-mutation-qcdw70bm/issue-286-hero/app/Morsel.xcodeproj
    builtin-Swift-Compilation-Requirements -- /Applications/Xcode.app/Contents/Developer/Toolchains/XcodeDefault.xctoolchain/usr/bin/swiftc -module-name Helpers -Onone @/tmp/morsel-286-dd/Build/Intermediates.noindex/Supabase.build/Debug-iphonesimulator/Helpers.build/Objects-normal/arm64/Helpers.SwiftFileList -DSWIFT_PACKAGE -DDEBUG -DSWIFT_MODULE_RESOURCE_BUNDLE_UNAVAILABLE -DXcode -enable-upcoming-feature ExistentialAny -enable-upcoming-feature ImmutableWeakCaptures -enable-upcoming-feature InferIsolatedConformances -enable-upcoming-feature InternalImportsByDefault -enable-upcoming-feature MemberImportVisibility -plugin-path /Applications/Xcode.app/Contents/Developer/Toolchains/XcodeDefault.xctoolchain/usr/lib/swift/host/plugins/testing -enable-experimental-feature DebugDescriptionMacro -sdk /Applications/Xcode.app/Contents/Developer/Platforms/iPhoneSimulator.platform/Developer/SDKs/iPhoneSimulator26.5.sdk -target arm64-apple-ios16.0-simulator -g -module-cache-path /tmp/morsel-286-dd/ModuleCache.noindex -Xfrontend -serialize-debugging-options -enable-testing -suppress-warnings -index-store-path /tmp/morsel-286-dd/Index.noindex/DataStore -Xcc -D_LIBCPP_HARDENING_MODE\=_LIBCPP_HARDENING_MODE_DEBUG -swift-version 6 -I /tmp/morsel-286-dd/Build/Products/Debug-iphonesimulator -Isystem /Applications/Xcode.app/Contents/Developer/Platforms/iPhoneSimulator.platform/Developer/usr/lib -F /tmp/morsel-286-dd/Build/Products/Debug-iphonesimulator/PackageFrameworks -F /tmp/morsel-286-dd/Build/Products/Debug-iphonesimulator/PackageFrameworks -F /tmp/morsel-286-dd/Build/Products/Debug-iphonesimulator/PackageFrameworks -F /tmp/morsel-286-dd/Build/Products/Debug-iphonesimulator/PackageFrameworks -F /tmp/morsel-286-dd/Build/Products/Debug-iphonesimulator/PackageFrameworks -F /tmp/morsel-286-dd/Build/Products/Debug-iphonesimulator -F /Applications/Xcode.app/Contents/Developer/Platforms/iPhoneSimulator.platform/Developer/Library/Frameworks -F /Applications/Xcode.app/Contents/Developer/Platforms/iPhoneSimulator.platform/Developer/SDKs/iPhoneSimulator26.5.sdk/Developer/Library/Frameworks -c -j10 -enable-batch-mode -incremental -Xcc -ivfsstatcache -Xcc /tmp/morsel-286-dd/SDKStatCaches.noindex/iphonesimulator26.5-23F81a-6cfe768891a92b912361537c460fe42b.sdkstatcache -output-file-map /tmp/morsel-286-dd/Build/Intermediates.noindex/Supabase.build/Debug-iphonesimulator/Helpers.build/Objects-normal/arm64/Helpers-OutputFileMap.json -use-frontend-parseable-output -save-temps -no-color-diagnostics -explicit-module-build -module-cache-path /tmp/morsel-286-dd/Build/Intermediates.noindex/SwiftExplicitPrecompiledModules -clang-scanner-module-cache-path /tmp/morsel-286-dd/ModuleCache.noindex -sdk-module-cache-path /tmp/morsel-286-dd/ModuleCache.noindex -serialize-diagnostics -emit-dependencies -emit-module -emit-module-path /tmp/morsel-286-dd/Build/Intermediates.noindex/Supabase.build/Debug-iphonesimulator/Helpers.build/Objects-normal/arm64/Helpers.swiftmodule -user-module-version 2.55.1 -validate-clang-modules-once -clang-build-session-file /tmp/morsel-286-dd/ModuleCache.noindex/Session.modulevalidation -package-name supabase_swift -Xcc -I/tmp/morsel-286-dd/Build/Intermediates.noindex/Supabase.build/Debug-iphonesimulator/Helpers.build/swift-overrides.hmap -emit-const-values -Xfrontend -const-gather-protocols-file -Xfrontend /tmp/morsel-286-dd/Build/Intermediates.noindex/Supabase.build/Debug-iphonesimulator/Helpers.build/Objects-normal/arm64/Helpers_const_extract_protocols.json -Xcc -I/tmp/morsel-286-dd/Build/Products/Debug-iphonesimulator/include -Xcc -I/tmp/morsel-286-dd/Build/Intermediates.noindex/Supabase.build/Debug-iphonesimulator/Helpers.build/DerivedSources-normal/arm64 -Xcc -I/tmp/morsel-286-dd/Build/Intermediates.noindex/Supabase.build/Debug-iphonesimulator/Helpers.build/DerivedSources/arm64 -Xcc -I/tmp/morsel-286-dd/Build/Intermediates.noindex/Supabase.build/Debug-iphonesimulator/Helpers.build/DerivedSources -Xcc -DSWIFT_PACKAGE -Xcc -DDEBUG\=1 -emit-objc-header -emit-objc-header-path /tmp/morsel-286-dd/Build/Intermediates.noindex/Supabase.build/Debug-iphonesimulator/Helpers.build/Objects-normal/arm64/Helpers-Swift.h -working-directory /tmp/morsel-286-mutation-qcdw70bm/issue-286-hero/app/Morsel.xcodeproj -experimental-emit-module-separately -disable-cmo

Copy /tmp/morsel-286-dd/Build/Products/Debug-iphonesimulator/Helpers.swiftmodule/arm64-apple-ios-simulator.abi.json /tmp/morsel-286-dd/Build/Intermediates.noindex/Supabase.build/Debug-iphonesimulator/Helpers.build/Objects-normal/arm64/Helpers.abi.json (in target 'Helpers' from project 'Supabase')
    cd /tmp/morsel-286-dd/SourcePackages/checkouts/supabase-swift
    builtin-copy -exclude .DS_Store -exclude CVS -exclude .svn -exclude .git -exclude .hg -resolve-src-symlinks -rename /tmp/morsel-286-dd/Build/Intermediates.noindex/Supabase.build/Debug-iphonesimulator/Helpers.build/Objects-normal/arm64/Helpers.abi.json /tmp/morsel-286-dd/Build/Products/Debug-iphonesimulator/Helpers.swiftmodule/arm64-apple-ios-simulator.abi.json

SwiftCompile normal arm64 Compiling\ APIKeyFormat.swift,\ AnyJSON+Codable.swift,\ AnyJSON.swift /tmp/morsel-286-dd/SourcePackages/checkouts/supabase-swift/Sources/Helpers/APIKeyFormat.swift /tmp/morsel-286-dd/SourcePackages/checkouts/supabase-swift/Sources/Helpers/AnyJSON/AnyJSON+Codable.swift /tmp/morsel-286-dd/SourcePackages/checkouts/supabase-swift/Sources/Helpers/AnyJSON/AnyJSON.swift (in target 'Helpers' from project 'Supabase')

SwiftCompile normal arm64 /tmp/morsel-286-dd/SourcePackages/checkouts/supabase-swift/Sources/Helpers/APIKeyFormat.swift (in target 'Helpers' from project 'Supabase')
    cd /tmp/morsel-286-mutation-qcdw70bm/issue-286-hero/app/Morsel.xcodeproj


SwiftCompile normal arm64 /tmp/morsel-286-dd/SourcePackages/checkouts/supabase-swift/Sources/Helpers/AnyJSON/AnyJSON+Codable.swift (in target 'Helpers' from project 'Supabase')
    cd /tmp/morsel-286-mutation-qcdw70bm/issue-286-hero/app/Morsel.xcodeproj


SwiftCompile normal arm64 /tmp/morsel-286-dd/SourcePackages/checkouts/supabase-swift/Sources/Helpers/AnyJSON/AnyJSON.swift (in target 'Helpers' from project 'Supabase')
    cd /tmp/morsel-286-mutation-qcdw70bm/issue-286-hero/app/Morsel.xcodeproj


SwiftCompile normal arm64 Compiling\ HTTPResponse.swift,\ LoggerInterceptor.swift /tmp/morsel-286-dd/SourcePackages/checkouts/supabase-swift/Sources/Helpers/HTTP/HTTPResponse.swift /tmp/morsel-286-dd/SourcePackages/checkouts/supabase-swift/Sources/Helpers/HTTP/LoggerInterceptor.swift (in target 'Helpers' from project 'Supabase')

SwiftCompile normal arm64 /tmp/morsel-286-dd/SourcePackages/checkouts/supabase-swift/Sources/Helpers/HTTP/HTTPResponse.swift (in target 'Helpers' from project 'Supabase')
    cd /tmp/morsel-286-mutation-qcdw70bm/issue-286-hero/app/Morsel.xcodeproj


SwiftCompile normal arm64 /tmp/morsel-286-dd/SourcePackages/checkouts/supabase-swift/Sources/Helpers/HTTP/LoggerInterceptor.swift (in target 'Helpers' from project 'Supabase')
    cd /tmp/morsel-286-mutation-qcdw70bm/issue-286-hero/app/Morsel.xcodeproj


SwiftCompile normal arm64 Compiling\ PostgRESTFilterValue.swift,\ HTTPError.swift /tmp/morsel-286-dd/SourcePackages/checkouts/supabase-swift/Sources/Helpers/PostgRESTFilterValue.swift /tmp/morsel-286-dd/SourcePackages/checkouts/supabase-swift/Sources/Helpers/SharedModels/HTTPError.swift (in target 'Helpers' from project 'Supabase')

SwiftCompile normal arm64 /tmp/morsel-286-dd/SourcePackages/checkouts/supabase-swift/Sources/Helpers/PostgRESTFilterValue.swift (in target 'Helpers' from project 'Supabase')
    cd /tmp/morsel-286-mutation-qcdw70bm/issue-286-hero/app/Morsel.xcodeproj


SwiftCompile normal arm64 /tmp/morsel-286-dd/SourcePackages/checkouts/supabase-swift/Sources/Helpers/SharedModels/HTTPError.swift (in target 'Helpers' from project 'Supabase')
    cd /tmp/morsel-286-mutation-qcdw70bm/issue-286-hero/app/Morsel.xcodeproj


SwiftCompile normal arm64 Compiling\ EventEmitter.swift,\ FoundationExtensions.swift,\ HTTPClient.swift /tmp/morsel-286-dd/SourcePackages/checkouts/supabase-swift/Sources/Helpers/EventEmitter.swift /tmp/morsel-286-dd/SourcePackages/checkouts/supabase-swift/Sources/Helpers/FoundationExtensions.swift /tmp/morsel-286-dd/SourcePackages/checkouts/supabase-swift/Sources/Helpers/HTTP/HTTPClient.swift (in target 'Helpers' from project 'Supabase')

SwiftCompile normal arm64 /tmp/morsel-286-dd/SourcePackages/checkouts/supabase-swift/Sources/Helpers/EventEmitter.swift (in target 'Helpers' from project 'Supabase')
    cd /tmp/morsel-286-mutation-qcdw70bm/issue-286-hero/app/Morsel.xcodeproj


SwiftCompile normal arm64 /tmp/morsel-286-dd/SourcePackages/checkouts/supabase-swift/Sources/Helpers/FoundationExtensions.swift (in target 'Helpers' from project 'Supabase')
    cd /tmp/morsel-286-mutation-qcdw70bm/issue-286-hero/app/Morsel.xcodeproj


SwiftCompile normal arm64 /tmp/morsel-286-dd/SourcePackages/checkouts/supabase-swift/Sources/Helpers/HTTP/HTTPClient.swift (in target 'Helpers' from project 'Supabase')
    cd /tmp/morsel-286-mutation-qcdw70bm/issue-286-hero/app/Morsel.xcodeproj


SwiftCompile normal arm64 Compiling\ PostgrestError.swift,\ Task+withTimeout.swift /tmp/morsel-286-dd/SourcePackages/checkouts/supabase-swift/Sources/Helpers/SharedModels/PostgrestError.swift /tmp/morsel-286-dd/SourcePackages/checkouts/supabase-swift/Sources/Helpers/Task+withTimeout.swift (in target 'Helpers' from project 'Supabase')

SwiftCompile normal arm64 /tmp/morsel-286-dd/SourcePackages/checkouts/supabase-swift/Sources/Helpers/SharedModels/PostgrestError.swift (in target 'Helpers' from project 'Supabase')
    cd /tmp/morsel-286-mutation-qcdw70bm/issue-286-hero/app/Morsel.xcodeproj


SwiftCompile normal arm64 /tmp/morsel-286-dd/SourcePackages/checkouts/supabase-swift/Sources/Helpers/Task+withTimeout.swift (in target 'Helpers' from project 'Supabase')
    cd /tmp/morsel-286-mutation-qcdw70bm/issue-286-hero/app/Morsel.xcodeproj


SwiftCompile normal arm64 Compiling\ TaskLocalHelpers.swift,\ Version.swift /tmp/morsel-286-dd/SourcePackages/checkouts/supabase-swift/Sources/Helpers/TaskLocalHelpers.swift /tmp/morsel-286-dd/SourcePackages/checkouts/supabase-swift/Sources/Helpers/Version.swift (in target 'Helpers' from project 'Supabase')

SwiftCompile normal arm64 /tmp/morsel-286-dd/SourcePackages/checkouts/supabase-swift/Sources/Helpers/TaskLocalHelpers.swift (in target 'Helpers' from project 'Supabase')
    cd /tmp/morsel-286-mutation-qcdw70bm/issue-286-hero/app/Morsel.xcodeproj


SwiftCompile normal arm64 /tmp/morsel-286-dd/SourcePackages/checkouts/supabase-swift/Sources/Helpers/Version.swift (in target 'Helpers' from project 'Supabase')
    cd /tmp/morsel-286-mutation-qcdw70bm/issue-286-hero/app/Morsel.xcodeproj


SwiftCompile normal arm64 Compiling\ RetryRequestInterceptor.swift,\ JWT.swift /tmp/morsel-286-dd/SourcePackages/checkouts/supabase-swift/Sources/Helpers/HTTP/RetryRequestInterceptor.swift /tmp/morsel-286-dd/SourcePackages/checkouts/supabase-swift/Sources/Helpers/JWT.swift (in target 'Helpers' from project 'Supabase')

SwiftCompile normal arm64 /tmp/morsel-286-dd/SourcePackages/checkouts/supabase-swift/Sources/Helpers/HTTP/RetryRequestInterceptor.swift (in target 'Helpers' from project 'Supabase')
    cd /tmp/morsel-286-mutation-qcdw70bm/issue-286-hero/app/Morsel.xcodeproj


SwiftCompile normal arm64 /tmp/morsel-286-dd/SourcePackages/checkouts/supabase-swift/Sources/Helpers/JWT.swift (in target 'Helpers' from project 'Supabase')
    cd /tmp/morsel-286-mutation-qcdw70bm/issue-286-hero/app/Morsel.xcodeproj


SwiftCompile normal arm64 Compiling\ Base64URL.swift,\ Codable.swift,\ DateFormatter.swift /tmp/morsel-286-dd/SourcePackages/checkouts/supabase-swift/Sources/Helpers/Base64URL.swift /tmp/morsel-286-dd/SourcePackages/checkouts/supabase-swift/Sources/Helpers/Codable.swift /tmp/morsel-286-dd/SourcePackages/checkouts/supabase-swift/Sources/Helpers/DateFormatter.swift (in target 'Helpers' from project 'Supabase')

SwiftCompile normal arm64 /tmp/morsel-286-dd/SourcePackages/checkouts/supabase-swift/Sources/Helpers/Base64URL.swift (in target 'Helpers' from project 'Supabase')
    cd /tmp/morsel-286-mutation-qcdw70bm/issue-286-hero/app/Morsel.xcodeproj


SwiftCompile normal arm64 /tmp/morsel-286-dd/SourcePackages/checkouts/supabase-swift/Sources/Helpers/Codable.swift (in target 'Helpers' from project 'Supabase')
    cd /tmp/morsel-286-mutation-qcdw70bm/issue-286-hero/app/Morsel.xcodeproj


SwiftCompile normal arm64 /tmp/morsel-286-dd/SourcePackages/checkouts/supabase-swift/Sources/Helpers/DateFormatter.swift (in target 'Helpers' from project 'Supabase')
    cd /tmp/morsel-286-mutation-qcdw70bm/issue-286-hero/app/Morsel.xcodeproj


SwiftCompile normal arm64 Compiling\ OSLogSupabaseLogger.swift,\ SupabaseLogger.swift /tmp/morsel-286-dd/SourcePackages/checkouts/supabase-swift/Sources/Helpers/Logger/OSLogSupabaseLogger.swift /tmp/morsel-286-dd/SourcePackages/checkouts/supabase-swift/Sources/Helpers/Logger/SupabaseLogger.swift (in target 'Helpers' from project 'Supabase')
SwiftCompile normal arm64 /tmp/morsel-286-dd/SourcePackages/checkouts/supabase-swift/Sources/Helpers/Logger/OSLogSupabaseLogger.swift (in target 'Helpers' from project 'Supabase')
    cd /tmp/morsel-286-mutation-qcdw70bm/issue-286-hero/app/Morsel.xcodeproj


SwiftCompile normal arm64 /tmp/morsel-286-dd/SourcePackages/checkouts/supabase-swift/Sources/Helpers/Logger/SupabaseLogger.swift (in target 'Helpers' from project 'Supabase')
    cd /tmp/morsel-286-mutation-qcdw70bm/issue-286-hero/app/Morsel.xcodeproj


SwiftCompile normal arm64 Compiling\ HTTPFields.swift,\ HTTPRequest.swift /tmp/morsel-286-dd/SourcePackages/checkouts/supabase-swift/Sources/Helpers/HTTP/HTTPFields.swift /tmp/morsel-286-dd/SourcePackages/checkouts/supabase-swift/Sources/Helpers/HTTP/HTTPRequest.swift (in target 'Helpers' from project 'Supabase')

SwiftCompile normal arm64 /tmp/morsel-286-dd/SourcePackages/checkouts/supabase-swift/Sources/Helpers/HTTP/HTTPFields.swift (in target 'Helpers' from project 'Supabase')
    cd /tmp/morsel-286-mutation-qcdw70bm/issue-286-hero/app/Morsel.xcodeproj


SwiftCompile normal arm64 /tmp/morsel-286-dd/SourcePackages/checkouts/supabase-swift/Sources/Helpers/HTTP/HTTPRequest.swift (in target 'Helpers' from project 'Supabase')
    cd /tmp/morsel-286-mutation-qcdw70bm/issue-286-hero/app/Morsel.xcodeproj


Copy /tmp/morsel-286-dd/Build/Products/Debug-iphonesimulator/Helpers.swiftmodule/arm64-apple-ios-simulator.swiftmodule /tmp/morsel-286-dd/Build/Intermediates.noindex/Supabase.build/Debug-iphonesimulator/Helpers.build/Objects-normal/arm64/Helpers.swiftmodule (in target 'Helpers' from project 'Supabase')
    cd /tmp/morsel-286-dd/SourcePackages/checkouts/supabase-swift
    builtin-copy -exclude .DS_Store -exclude CVS -exclude .svn -exclude .git -exclude .hg -resolve-src-symlinks -rename /tmp/morsel-286-dd/Build/Intermediates.noindex/Supabase.build/Debug-iphonesimulator/Helpers.build/Objects-normal/arm64/Helpers.swiftmodule /tmp/morsel-286-dd/Build/Products/Debug-iphonesimulator/Helpers.swiftmodule/arm64-apple-ios-simulator.swiftmodule

SwiftDriverJobDiscovery normal arm64 Compiling TaskLocalHelpers.swift, Version.swift (in target 'Helpers' from project 'Supabase')

SwiftDriver Crypto normal arm64 com.apple.xcode.tools.swift.compiler (in target 'Crypto' from project 'swift-crypto')
    cd /tmp/morsel-286-mutation-qcdw70bm/issue-286-hero/app/Morsel.xcodeproj
    builtin-SwiftDriver -- /Applications/Xcode.app/Contents/Developer/Toolchains/XcodeDefault.xctoolchain/usr/bin/swiftc -module-name Crypto -Onone @/tmp/morsel-286-dd/Build/Intermediates.noindex/swift-crypto.build/Debug-iphonesimulator/Crypto.build/Objects-normal/arm64/Crypto.SwiftFileList -DSWIFT_PACKAGE -DDEBUG -DSWIFT_MODULE_RESOURCE_BUNDLE_AVAILABLE -DCRYPTO_IN_SWIFTPM -DXcode -enable-upcoming-feature MemberImportVisibility -plugin-path /Applications/Xcode.app/Contents/Developer/Toolchains/XcodeDefault.xctoolchain/usr/lib/swift/host/plugins/testing -enable-experimental-feature DebugDescriptionMacro -sdk /Applications/Xcode.app/Contents/Developer/Platforms/iPhoneSimulator.platform/Developer/SDKs/iPhoneSimulator26.5.sdk -target arm64-apple-ios12.0-simulator -g -module-cache-path /tmp/morsel-286-dd/ModuleCache.noindex -Xfrontend -serialize-debugging-options -enable-testing -suppress-warnings -index-store-path /tmp/morsel-286-dd/Index.noindex/DataStore -Xcc -D_LIBCPP_HARDENING_MODE\=_LIBCPP_HARDENING_MODE_DEBUG -swift-version 6 -I /tmp/morsel-286-dd/Build/Products/Debug-iphonesimulator -Isystem /Applications/Xcode.app/Contents/Developer/Platforms/iPhoneSimulator.platform/Developer/usr/lib -F /tmp/morsel-286-dd/Build/Products/Debug-iphonesimulator -F /Applications/Xcode.app/Contents/Developer/Platforms/iPhoneSimulator.platform/Developer/Library/Frameworks -F /Applications/Xcode.app/Contents/Developer/Platforms/iPhoneSimulator.platform/Developer/SDKs/iPhoneSimulator26.5.sdk/Developer/Library/Frameworks -c -j10 -enable-batch-mode -incremental -Xcc -ivfsstatcache -Xcc /tmp/morsel-286-dd/SDKStatCaches.noindex/iphonesimulator26.5-23F81a-6cfe768891a92b912361537c460fe42b.sdkstatcache -output-file-map /tmp/morsel-286-dd/Build/Intermediates.noindex/swift-crypto.build/Debug-iphonesimulator/Crypto.build/Objects-normal/arm64/Crypto-OutputFileMap.json -use-frontend-parseable-output -save-temps -no-color-diagnostics -explicit-module-build -module-cache-path /tmp/morsel-286-dd/Build/Intermediates.noindex/SwiftExplicitPrecompiledModules -clang-scanner-module-cache-path /tmp/morsel-286-dd/ModuleCache.noindex -sdk-module-cache-path /tmp/morsel-286-dd/ModuleCache.noindex -serialize-diagnostics -emit-dependencies -emit-module -emit-module-path /tmp/morsel-286-dd/Build/Intermediates.noindex/swift-crypto.build/Debug-iphonesimulator/Crypto.build/Objects-normal/arm64/Crypto.swiftmodule -user-module-version 4.5.1 -validate-clang-modules-once -clang-build-session-file /tmp/morsel-286-dd/ModuleCache.noindex/Session.modulevalidation -package-name swift_crypto -Xcc -I/tmp/morsel-286-dd/Build/Intermediates.noindex/swift-crypto.build/Debug-iphonesimulator/Crypto.build/swift-overrides.hmap -emit-const-values -Xfrontend -const-gather-protocols-file -Xfrontend /tmp/morsel-286-dd/Build/Intermediates.noindex/swift-crypto.build/Debug-iphonesimulator/Crypto.build/Objects-normal/arm64/Crypto_const_extract_protocols.json -Xcc -I/tmp/morsel-286-dd/Build/Products/Debug-iphonesimulator/include -Xcc -I/tmp/morsel-286-dd/Build/Intermediates.noindex/swift-crypto.build/Debug-iphonesimulator/Crypto.build/DerivedSources-normal/arm64 -Xcc -I/tmp/morsel-286-dd/Build/Intermediates.noindex/swift-crypto.build/Debug-iphonesimulator/Crypto.build/DerivedSources/arm64 -Xcc -I/tmp/morsel-286-dd/Build/Intermediates.noindex/swift-crypto.build/Debug-iphonesimulator/Crypto.build/DerivedSources -Xcc -DSWIFT_PACKAGE -Xcc -DDEBUG\=1 -emit-objc-header -emit-objc-header-path /tmp/morsel-286-dd/Build/Intermediates.noindex/swift-crypto.build/Debug-iphonesimulator/Crypto.build/Objects-normal/arm64/Crypto-Swift.h -working-directory /tmp/morsel-286-mutation-qcdw70bm/issue-286-hero/app/Morsel.xcodeproj -experimental-emit-module-separately -disable-cmo

SwiftDriverJobDiscovery normal arm64 Compiling PostgRESTFilterValue.swift, HTTPError.swift (in target 'Helpers' from project 'Supabase')

SwiftDriverJobDiscovery normal arm64 Compiling Base64URL.swift, Codable.swift, DateFormatter.swift (in target 'Helpers' from project 'Supabase')

SwiftDriverJobDiscovery normal arm64 Compiling PostgrestError.swift, Task+withTimeout.swift (in target 'Helpers' from project 'Supabase')

SwiftDriverJobDiscovery normal arm64 Compiling HTTPResponse.swift, LoggerInterceptor.swift (in target 'Helpers' from project 'Supabase')

SwiftDriverJobDiscovery normal arm64 Compiling HTTPFields.swift, HTTPRequest.swift (in target 'Helpers' from project 'Supabase')

SwiftDriverJobDiscovery normal arm64 Compiling RetryRequestInterceptor.swift, JWT.swift (in target 'Helpers' from project 'Supabase')

SwiftDriverJobDiscovery normal arm64 Compiling EventEmitter.swift, FoundationExtensions.swift, HTTPClient.swift (in target 'Helpers' from project 'Supabase')

SwiftDriverJobDiscovery normal arm64 Compiling APIKeyFormat.swift, AnyJSON+Codable.swift, AnyJSON.swift (in target 'Helpers' from project 'Supabase')

SwiftEmitModule normal arm64 Emitting\ module\ for\ Crypto (in target 'Crypto' from project 'swift-crypto')

EmitSwiftModule normal arm64 (in target 'Crypto' from project 'swift-crypto')
    cd /tmp/morsel-286-mutation-qcdw70bm/issue-286-hero/app/Morsel.xcodeproj


SwiftDriverJobDiscovery normal arm64 Compiling OSLogSupabaseLogger.swift, SupabaseLogger.swift (in target 'Helpers' from project 'Supabase')

SwiftDriver\ Compilation Helpers normal arm64 com.apple.xcode.tools.swift.compiler (in target 'Helpers' from project 'Supabase')
    cd /tmp/morsel-286-mutation-qcdw70bm/issue-286-hero/app/Morsel.xcodeproj
    builtin-Swift-Compilation -- /Applications/Xcode.app/Contents/Developer/Toolchains/XcodeDefault.xctoolchain/usr/bin/swiftc -module-name Helpers -Onone @/tmp/morsel-286-dd/Build/Intermediates.noindex/Supabase.build/Debug-iphonesimulator/Helpers.build/Objects-normal/arm64/Helpers.SwiftFileList -DSWIFT_PACKAGE -DDEBUG -DSWIFT_MODULE_RESOURCE_BUNDLE_UNAVAILABLE -DXcode -enable-upcoming-feature ExistentialAny -enable-upcoming-feature ImmutableWeakCaptures -enable-upcoming-feature InferIsolatedConformances -enable-upcoming-feature InternalImportsByDefault -enable-upcoming-feature MemberImportVisibility -plugin-path /Applications/Xcode.app/Contents/Developer/Toolchains/XcodeDefault.xctoolchain/usr/lib/swift/host/plugins/testing -enable-experimental-feature DebugDescriptionMacro -sdk /Applications/Xcode.app/Contents/Developer/Platforms/iPhoneSimulator.platform/Developer/SDKs/iPhoneSimulator26.5.sdk -target arm64-apple-ios16.0-simulator -g -module-cache-path /tmp/morsel-286-dd/ModuleCache.noindex -Xfrontend -serialize-debugging-options -enable-testing -suppress-warnings -index-store-path /tmp/morsel-286-dd/Index.noindex/DataStore -Xcc -D_LIBCPP_HARDENING_MODE\=_LIBCPP_HARDENING_MODE_DEBUG -swift-version 6 -I /tmp/morsel-286-dd/Build/Products/Debug-iphonesimulator -Isystem /Applications/Xcode.app/Contents/Developer/Platforms/iPhoneSimulator.platform/Developer/usr/lib -F /tmp/morsel-286-dd/Build/Products/Debug-iphonesimulator/PackageFrameworks -F /tmp/morsel-286-dd/Build/Products/Debug-iphonesimulator/PackageFrameworks -F /tmp/morsel-286-dd/Build/Products/Debug-iphonesimulator/PackageFrameworks -F /tmp/morsel-286-dd/Build/Products/Debug-iphonesimulator/PackageFrameworks -F /tmp/morsel-286-dd/Build/Products/Debug-iphonesimulator/PackageFrameworks -F /tmp/morsel-286-dd/Build/Products/Debug-iphonesimulator -F /Applications/Xcode.app/Contents/Developer/Platforms/iPhoneSimulator.platform/Developer/Library/Frameworks -F /Applications/Xcode.app/Contents/Developer/Platforms/iPhoneSimulator.platform/Developer/SDKs/iPhoneSimulator26.5.sdk/Developer/Library/Frameworks -c -j10 -enable-batch-mode -incremental -Xcc -ivfsstatcache -Xcc /tmp/morsel-286-dd/SDKStatCaches.noindex/iphonesimulator26.5-23F81a-6cfe768891a92b912361537c460fe42b.sdkstatcache -output-file-map /tmp/morsel-286-dd/Build/Intermediates.noindex/Supabase.build/Debug-iphonesimulator/Helpers.build/Objects-normal/arm64/Helpers-OutputFileMap.json -use-frontend-parseable-output -save-temps -no-color-diagnostics -explicit-module-build -module-cache-path /tmp/morsel-286-dd/Build/Intermediates.noindex/SwiftExplicitPrecompiledModules -clang-scanner-module-cache-path /tmp/morsel-286-dd/ModuleCache.noindex -sdk-module-cache-path /tmp/morsel-286-dd/ModuleCache.noindex -serialize-diagnostics -emit-dependencies -emit-module -emit-module-path /tmp/morsel-286-dd/Build/Intermediates.noindex/Supabase.build/Debug-iphonesimulator/Helpers.build/Objects-normal/arm64/Helpers.swiftmodule -user-module-version 2.55.1 -validate-clang-modules-once -clang-build-session-file /tmp/morsel-286-dd/ModuleCache.noindex/Session.modulevalidation -package-name supabase_swift -Xcc -I/tmp/morsel-286-dd/Build/Intermediates.noindex/Supabase.build/Debug-iphonesimulator/Helpers.build/swift-overrides.hmap -emit-const-values -Xfrontend -const-gather-protocols-file -Xfrontend /tmp/morsel-286-dd/Build/Intermediates.noindex/Supabase.build/Debug-iphonesimulator/Helpers.build/Objects-normal/arm64/Helpers_const_extract_protocols.json -Xcc -I/tmp/morsel-286-dd/Build/Products/Debug-iphonesimulator/include -Xcc -I/tmp/morsel-286-dd/Build/Intermediates.noindex/Supabase.build/Debug-iphonesimulator/Helpers.build/DerivedSources-normal/arm64 -Xcc -I/tmp/morsel-286-dd/Build/Intermediates.noindex/Supabase.build/Debug-iphonesimulator/Helpers.build/DerivedSources/arm64 -Xcc -I/tmp/morsel-286-dd/Build/Intermediates.noindex/Supabase.build/Debug-iphonesimulator/Helpers.build/DerivedSources -Xcc -DSWIFT_PACKAGE -Xcc -DDEBUG\=1 -emit-objc-header -emit-objc-header-path /tmp/morsel-286-dd/Build/Intermediates.noindex/Supabase.build/Debug-iphonesimulator/Helpers.build/Objects-normal/arm64/Helpers-Swift.h -working-directory /tmp/morsel-286-mutation-qcdw70bm/issue-286-hero/app/Morsel.xcodeproj -experimental-emit-module-separately -disable-cmo

Ld /tmp/morsel-286-dd/Build/Products/Debug-iphonesimulator/Helpers.o normal (in target 'Helpers' from project 'Supabase')
    cd /tmp/morsel-286-dd/SourcePackages/checkouts/supabase-swift
    /Applications/Xcode.app/Contents/Developer/Toolchains/XcodeDefault.xctoolchain/usr/bin/clang -Xlinker -reproducible -target arm64-apple-ios16.0-simulator -r -isysroot /Applications/Xcode.app/Contents/Developer/Platforms/iPhoneSimulator.platform/Developer/SDKs/iPhoneSimulator26.5.sdk -O0 -w -F/tmp/morsel-286-dd/Build/Intermediates.noindex/EagerLinkingTBDs/Debug-iphonesimulator -F/tmp/morsel-286-dd/Build/Products/Debug-iphonesimulator/PackageFrameworks -F/tmp/morsel-286-dd/Build/Products/Debug-iphonesimulator/PackageFrameworks -F/tmp/morsel-286-dd/Build/Products/Debug-iphonesimulator/PackageFrameworks -F/tmp/morsel-286-dd/Build/Products/Debug-iphonesimulator/PackageFrameworks -F/tmp/morsel-286-dd/Build/Products/Debug-iphonesimulator/PackageFrameworks -F/tmp/morsel-286-dd/Build/Products/Debug-iphonesimulator -iframework /Applications/Xcode.app/Contents/Developer/Platforms/iPhoneSimulator.platform/Developer/Library/Frameworks -iframework /Applications/Xcode.app/Contents/Developer/Platforms/iPhoneSimulator.platform/Developer/SDKs/iPhoneSimulator26.5.sdk/Developer/Library/Frameworks -filelist /tmp/morsel-286-dd/Build/Intermediates.noindex/Supabase.build/Debug-iphonesimulator/Helpers.build/Objects-normal/arm64/Helpers.LinkFileList -nostdlib -Xlinker -object_path_lto -Xlinker /tmp/morsel-286-dd/Build/Intermediates.noindex/Supabase.build/Debug-iphonesimulator/Helpers.build/Objects-normal/arm64/Helpers_lto.o -Xlinker -no_deduplicate -Xlinker -objc_abi_version -Xlinker 2 -Xlinker -dependency_info -Xlinker /tmp/morsel-286-dd/Build/Intermediates.noindex/Supabase.build/Debug-iphonesimulator/Helpers.build/Objects-normal/arm64/Helpers_dependency_info.dat -fobjc-link-runtime -L/Applications/Xcode.app/Contents/Developer/Toolchains/XcodeDefault.xctoolchain/usr/lib/swift/iphonesimulator -L/usr/lib/swift -Xlinker -add_ast_path -Xlinker /tmp/morsel-286-dd/Build/Intermediates.noindex/Supabase.build/Debug-iphonesimulator/Helpers.build/Objects-normal/arm64/Helpers.swiftmodule @/tmp/morsel-286-dd/Build/Intermediates.noindex/Supabase.build/Debug-iphonesimulator/Helpers.build/Objects-normal/arm64/Helpers-linker-args.resp -o /tmp/morsel-286-dd/Build/Products/Debug-iphonesimulator/Helpers.o

ExtractAppIntentsMetadata (in target 'Helpers' from project 'Supabase')
    cd /tmp/morsel-286-dd/SourcePackages/checkouts/supabase-swift
    /Applications/Xcode.app/Contents/Developer/Toolchains/XcodeDefault.xctoolchain/usr/bin/appintentsmetadataprocessor --toolchain-dir /Applications/Xcode.app/Contents/Developer/Toolchains/XcodeDefault.xctoolchain --module-name Helpers --sdk-root /Applications/Xcode.app/Contents/Developer/Platforms/iPhoneSimulator.platform/Developer/SDKs/iPhoneSimulator26.5.sdk --xcode-version 17F113 --platform-family iOS --deployment-target 16.0 --bundle-identifier supabase-swift.Helpers --output /tmp/morsel-286-dd/Build/Products/Debug-iphonesimulator/Helpers.appintents --target-triple arm64-apple-ios16.0-simulator --binary-file /tmp/morsel-286-dd/Build/Products/Debug-iphonesimulator/Helpers.o --dependency-file /tmp/morsel-286-dd/Build/Intermediates.noindex/Supabase.build/Debug-iphonesimulator/Helpers.build/Objects-normal/arm64/Helpers_dependency_info.dat --stringsdata-file /tmp/morsel-286-dd/Build/Intermediates.noindex/Supabase.build/Debug-iphonesimulator/Helpers.build/Objects-normal/arm64/ExtractedAppShortcutsMetadata.stringsdata --source-file-list /tmp/morsel-286-dd/Build/Intermediates.noindex/Supabase.build/Debug-iphonesimulator/Helpers.build/Objects-normal/arm64/Helpers.SwiftFileList --metadata-file-list /tmp/morsel-286-dd/Build/Intermediates.noindex/Supabase.build/Debug-iphonesimulator/Helpers.build/Helpers.DependencyMetadataFileList --static-metadata-file-list /tmp/morsel-286-dd/Build/Intermediates.noindex/Supabase.build/Debug-iphonesimulator/Helpers.build/Helpers.DependencyStaticMetadataFileList --swift-const-vals-list /tmp/morsel-286-dd/Build/Intermediates.noindex/Supabase.build/Debug-iphonesimulator/Helpers.build/Objects-normal/arm64/Helpers.SwiftConstValuesFileList --force --compile-time-extraction --deployment-aware-processing --validate-assistant-intents --no-app-shortcuts-localization
2026-09-17 12:32:52.612 appintentsmetadataprocessor[31284:12831073] Starting appintentsmetadataprocessor export
2026-09-17 12:32:52.625 appintentsmetadataprocessor[31284:12831073] Extracted no relevant App Intents symbols, skipping writing output

RegisterExecutionPolicyException /tmp/morsel-286-dd/Build/Products/Debug-iphonesimulator/Helpers.o (in target 'Helpers' from project 'Supabase')
    cd /tmp/morsel-286-dd/SourcePackages/checkouts/supabase-swift
    builtin-RegisterExecutionPolicyException /tmp/morsel-286-dd/Build/Products/Debug-iphonesimulator/Helpers.o

ProcessInfoPlistFile /tmp/morsel-286-dd/Build/Products/Debug-iphonesimulator/swift-crypto_Crypto.bundle/Info.plist /tmp/morsel-286-dd/Build/Intermediates.noindex/swift-crypto.build/Debug-iphonesimulator/swift-crypto_Crypto.build/empty-swift-crypto_Crypto.plist (in target 'swift-crypto_Crypto' from project 'swift-crypto')
    cd /tmp/morsel-286-dd/SourcePackages/checkouts/swift-crypto
    builtin-infoPlistUtility /tmp/morsel-286-dd/Build/Intermediates.noindex/swift-crypto.build/Debug-iphonesimulator/swift-crypto_Crypto.build/empty-swift-crypto_Crypto.plist -producttype com.apple.product-type.bundle -expandbuildsettings -format binary -platform iphonesimulator -o /tmp/morsel-286-dd/Build/Products/Debug-iphonesimulator/swift-crypto_Crypto.bundle/Info.plist

SwiftCompile normal arm64 Compiling\ ASN1Boolean.swift,\ ASN1Identifier.swift,\ ASN1Integer.swift,\ ASN1Null.swift,\ ASN1OctetString.swift,\ ASN1Strings.swift,\ ArraySliceBigint.swift,\ GeneralizedTime.swift,\ ObjectIdentifier.swift,\ ECDSASignature.swift /tmp/morsel-286-dd/SourcePackages/checkouts/swift-crypto/Sources/Crypto/ASN1/Basic\ ASN1\ Types/ASN1Boolean.swift /tmp/morsel-286-dd/SourcePackages/checkouts/swift-crypto/Sources/Crypto/ASN1/Basic\ ASN1\ Types/ASN1Identifier.swift /tmp/morsel-286-dd/SourcePackages/checkouts/swift-crypto/Sources/Crypto/ASN1/Basic\ ASN1\ Types/ASN1Integer.swift /tmp/morsel-286-dd/SourcePackages/checkouts/swift-crypto/Sources/Crypto/ASN1/Basic\ ASN1\ Types/ASN1Null.swift /tmp/morsel-286-dd/SourcePackages/checkouts/swift-crypto/Sources/Crypto/ASN1/Basic\ ASN1\ Types/ASN1OctetString.swift /tmp/morsel-286-dd/SourcePackages/checkouts/swift-crypto/Sources/Crypto/ASN1/Basic\ ASN1\ Types/ASN1Strings.swift /tmp/morsel-286-dd/SourcePackages/checkouts/swift-crypto/Sources/Crypto/ASN1/Basic\ ASN1\ Types/ArraySliceBigint.swift /tmp/morsel-286-dd/SourcePackages/checkouts/swift-crypto/Sources/Crypto/ASN1/Basic\ ASN1\ Types/GeneralizedTime.swift /tmp/morsel-286-dd/SourcePackages/checkouts/swift-crypto/Sources/Crypto/ASN1/Basic\ ASN1\ Types/ObjectIdentifier.swift /tmp/morsel-286-dd/SourcePackages/checkouts/swift-crypto/Sources/Crypto/ASN1/ECDSASignature.swift (in target 'Crypto' from project 'swift-crypto')
SwiftCompile normal arm64 /tmp/morsel-286-dd/SourcePackages/checkouts/swift-crypto/Sources/Crypto/ASN1/Basic\ ASN1\ Types/ASN1Boolean.swift (in target 'Crypto' from project 'swift-crypto')
    cd /tmp/morsel-286-mutation-qcdw70bm/issue-286-hero/app/Morsel.xcodeproj


SwiftCompile normal arm64 /tmp/morsel-286-dd/SourcePackages/checkouts/swift-crypto/Sources/Crypto/ASN1/Basic\ ASN1\ Types/ASN1Identifier.swift (in target 'Crypto' from project 'swift-crypto')
    cd /tmp/morsel-286-mutation-qcdw70bm/issue-286-hero/app/Morsel.xcodeproj


SwiftCompile normal arm64 /tmp/morsel-286-dd/SourcePackages/checkouts/swift-crypto/Sources/Crypto/ASN1/Basic\ ASN1\ Types/ASN1Integer.swift (in target 'Crypto' from project 'swift-crypto')
    cd /tmp/morsel-286-mutation-qcdw70bm/issue-286-hero/app/Morsel.xcodeproj


SwiftCompile normal arm64 /tmp/morsel-286-dd/SourcePackages/checkouts/swift-crypto/Sources/Crypto/ASN1/Basic\ ASN1\ Types/ASN1Null.swift (in target 'Crypto' from project 'swift-crypto')
    cd /tmp/morsel-286-mutation-qcdw70bm/issue-286-hero/app/Morsel.xcodeproj


SwiftCompile normal arm64 /tmp/morsel-286-dd/SourcePackages/checkouts/swift-crypto/Sources/Crypto/ASN1/Basic\ ASN1\ Types/ASN1OctetString.swift (in target 'Crypto' from project 'swift-crypto')
    cd /tmp/morsel-286-mutation-qcdw70bm/issue-286-hero/app/Morsel.xcodeproj


SwiftCompile normal arm64 /tmp/morsel-286-dd/SourcePackages/checkouts/swift-crypto/Sources/Crypto/ASN1/Basic\ ASN1\ Types/ASN1Strings.swift (in target 'Crypto' from project 'swift-crypto')
    cd /tmp/morsel-286-mutation-qcdw70bm/issue-286-hero/app/Morsel.xcodeproj


SwiftCompile normal arm64 /tmp/morsel-286-dd/SourcePackages/checkouts/swift-crypto/Sources/Crypto/ASN1/Basic\ ASN1\ Types/ArraySliceBigint.swift (in target 'Crypto' from project 'swift-crypto')
    cd /tmp/morsel-286-mutation-qcdw70bm/issue-286-hero/app/Morsel.xcodeproj


SwiftCompile normal arm64 /tmp/morsel-286-dd/SourcePackages/checkouts/swift-crypto/Sources/Crypto/ASN1/Basic\ ASN1\ Types/GeneralizedTime.swift (in target 'Crypto' from project 'swift-crypto')
    cd /tmp/morsel-286-mutation-qcdw70bm/issue-286-hero/app/Morsel.xcodeproj


SwiftCompile normal arm64 /tmp/morsel-286-dd/SourcePackages/checkouts/swift-crypto/Sources/Crypto/ASN1/Basic\ ASN1\ Types/ObjectIdentifier.swift (in target 'Crypto' from project 'swift-crypto')
    cd /tmp/morsel-286-mutation-qcdw70bm/issue-286-hero/app/Morsel.xcodeproj


SwiftCompile normal arm64 /tmp/morsel-286-dd/SourcePackages/checkouts/swift-crypto/Sources/Crypto/ASN1/ECDSASignature.swift (in target 'Crypto' from project 'swift-crypto')
    cd /tmp/morsel-286-mutation-qcdw70bm/issue-286-hero/app/Morsel.xcodeproj


SwiftCompile normal arm64 Compiling\ resource_bundle_accessor.swift,\ AES-GCM.swift,\ AES-GCM_boring.swift,\ ChaChaPoly_boring.swift,\ ChaChaPoly.swift,\ Cipher.swift,\ Nonces.swift,\ ASN1.swift,\ ASN1Any.swift,\ ASN1BitString.swift /tmp/morsel-286-dd/Build/Intermediates.noindex/swift-crypto.build/Debug-iphonesimulator/Crypto.build/DerivedSources/resource_bundle_accessor.swift /tmp/morsel-286-dd/SourcePackages/checkouts/swift-crypto/Sources/Crypto/AEADs/AES/GCM/AES-GCM.swift /tmp/morsel-286-dd/SourcePackages/checkouts/swift-crypto/Sources/Crypto/AEADs/AES/GCM/BoringSSL/AES-GCM_boring.swift /tmp/morsel-286-dd/SourcePackages/checkouts/swift-crypto/Sources/Crypto/AEADs/ChachaPoly/BoringSSL/ChaChaPoly_boring.swift /tmp/morsel-286-dd/SourcePackages/checkouts/swift-crypto/Sources/Crypto/AEADs/ChachaPoly/ChaChaPoly.swift /tmp/morsel-286-dd/SourcePackages/checkouts/swift-crypto/Sources/Crypto/AEADs/Cipher.swift /tmp/morsel-286-dd/SourcePackages/checkouts/swift-crypto/Sources/Crypto/AEADs/Nonces.swift /tmp/morsel-286-dd/SourcePackages/checkouts/swift-crypto/Sources/Crypto/ASN1/ASN1.swift /tmp/morsel-286-dd/SourcePackages/checkouts/swift-crypto/Sources/Crypto/ASN1/Basic\ ASN1\ Types/ASN1Any.swift /tmp/morsel-286-dd/SourcePackages/checkouts/swift-crypto/Sources/Crypto/ASN1/Basic\ ASN1\ Types/ASN1BitString.swift (in target 'Crypto' from project 'swift-crypto')
SwiftCompile normal arm64 /tmp/morsel-286-dd/Build/Intermediates.noindex/swift-crypto.build/Debug-iphonesimulator/Crypto.build/DerivedSources/resource_bundle_accessor.swift (in target 'Crypto' from project 'swift-crypto')
    cd /tmp/morsel-286-mutation-qcdw70bm/issue-286-hero/app/Morsel.xcodeproj


SwiftCompile normal arm64 /tmp/morsel-286-dd/SourcePackages/checkouts/swift-crypto/Sources/Crypto/AEADs/AES/GCM/AES-GCM.swift (in target 'Crypto' from project 'swift-crypto')
    cd /tmp/morsel-286-mutation-qcdw70bm/issue-286-hero/app/Morsel.xcodeproj


SwiftCompile normal arm64 /tmp/morsel-286-dd/SourcePackages/checkouts/swift-crypto/Sources/Crypto/AEADs/AES/GCM/BoringSSL/AES-GCM_boring.swift (in target 'Crypto' from project 'swift-crypto')
    cd /tmp/morsel-286-mutation-qcdw70bm/issue-286-hero/app/Morsel.xcodeproj


SwiftCompile normal arm64 /tmp/morsel-286-dd/SourcePackages/checkouts/swift-crypto/Sources/Crypto/AEADs/ChachaPoly/BoringSSL/ChaChaPoly_boring.swift (in target 'Crypto' from project 'swift-crypto')
    cd /tmp/morsel-286-mutation-qcdw70bm/issue-286-hero/app/Morsel.xcodeproj


SwiftCompile normal arm64 /tmp/morsel-286-dd/SourcePackages/checkouts/swift-crypto/Sources/Crypto/AEADs/ChachaPoly/ChaChaPoly.swift (in target 'Crypto' from project 'swift-crypto')
    cd /tmp/morsel-286-mutation-qcdw70bm/issue-286-hero/app/Morsel.xcodeproj


SwiftCompile normal arm64 /tmp/morsel-286-dd/SourcePackages/checkouts/swift-crypto/Sources/Crypto/AEADs/Cipher.swift (in target 'Crypto' from project 'swift-crypto')
    cd /tmp/morsel-286-mutation-qcdw70bm/issue-286-hero/app/Morsel.xcodeproj


SwiftCompile normal arm64 /tmp/morsel-286-dd/SourcePackages/checkouts/swift-crypto/Sources/Crypto/AEADs/Nonces.swift (in target 'Crypto' from project 'swift-crypto')
    cd /tmp/morsel-286-mutation-qcdw70bm/issue-286-hero/app/Morsel.xcodeproj


SwiftCompile normal arm64 /tmp/morsel-286-dd/SourcePackages/checkouts/swift-crypto/Sources/Crypto/ASN1/ASN1.swift (in target 'Crypto' from project 'swift-crypto')
    cd /tmp/morsel-286-mutation-qcdw70bm/issue-286-hero/app/Morsel.xcodeproj


SwiftCompile normal arm64 /tmp/morsel-286-dd/SourcePackages/checkouts/swift-crypto/Sources/Crypto/ASN1/Basic\ ASN1\ Types/ASN1Any.swift (in target 'Crypto' from project 'swift-crypto')
    cd /tmp/morsel-286-mutation-qcdw70bm/issue-286-hero/app/Morsel.xcodeproj


SwiftCompile normal arm64 /tmp/morsel-286-dd/SourcePackages/checkouts/swift-crypto/Sources/Crypto/ASN1/Basic\ ASN1\ Types/ASN1BitString.swift (in target 'Crypto' from project 'swift-crypto')
    cd /tmp/morsel-286-mutation-qcdw70bm/issue-286-hero/app/Morsel.xcodeproj


SwiftCompile normal arm64 Compiling\ PEMDocument.swift,\ PKCS8PrivateKey.swift,\ SEC1PrivateKey.swift,\ SubjectPublicKeyInfo.swift,\ CryptoError_boring.swift,\ CryptoKitErrors.swift,\ Digest_boring.swift,\ Digest.swift,\ Digests.swift,\ HashFunctions.swift /tmp/morsel-286-dd/SourcePackages/checkouts/swift-crypto/Sources/Crypto/ASN1/PEMDocument.swift /tmp/morsel-286-dd/SourcePackages/checkouts/swift-crypto/Sources/Crypto/ASN1/PKCS8PrivateKey.swift /tmp/morsel-286-dd/SourcePackages/checkouts/swift-crypto/Sources/Crypto/ASN1/SEC1PrivateKey.swift /tmp/morsel-286-dd/SourcePackages/checkouts/swift-crypto/Sources/Crypto/ASN1/SubjectPublicKeyInfo.swift /tmp/morsel-286-dd/SourcePackages/checkouts/swift-crypto/Sources/Crypto/CryptoError_boring.swift /tmp/morsel-286-dd/SourcePackages/checkouts/swift-crypto/Sources/Crypto/CryptoKitErrors.swift /tmp/morsel-286-dd/SourcePackages/checkouts/swift-crypto/Sources/Crypto/Digests/BoringSSL/Digest_boring.swift /tmp/morsel-286-dd/SourcePackages/checkouts/swift-crypto/Sources/Crypto/Digests/Digest.swift /tmp/morsel-286-dd/SourcePackages/checkouts/swift-crypto/Sources/Crypto/Digests/Digests.swift /tmp/morsel-286-dd/SourcePackages/checkouts/swift-crypto/Sources/Crypto/Digests/HashFunctions.swift (in target 'Crypto' from project 'swift-crypto')

SwiftCompile normal arm64 /tmp/morsel-286-dd/SourcePackages/checkouts/swift-crypto/Sources/Crypto/ASN1/PEMDocument.swift (in target 'Crypto' from project 'swift-crypto')
    cd /tmp/morsel-286-mutation-qcdw70bm/issue-286-hero/app/Morsel.xcodeproj


SwiftCompile normal arm64 /tmp/morsel-286-dd/SourcePackages/checkouts/swift-crypto/Sources/Crypto/ASN1/PKCS8PrivateKey.swift (in target 'Crypto' from project 'swift-crypto')
    cd /tmp/morsel-286-mutation-qcdw70bm/issue-286-hero/app/Morsel.xcodeproj


SwiftCompile normal arm64 /tmp/morsel-286-dd/SourcePackages/checkouts/swift-crypto/Sources/Crypto/ASN1/SEC1PrivateKey.swift (in target 'Crypto' from project 'swift-crypto')
    cd /tmp/morsel-286-mutation-qcdw70bm/issue-286-hero/app/Morsel.xcodeproj


SwiftCompile normal arm64 /tmp/morsel-286-dd/SourcePackages/checkouts/swift-crypto/Sources/Crypto/ASN1/SubjectPublicKeyInfo.swift (in target 'Crypto' from project 'swift-crypto')
    cd /tmp/morsel-286-mutation-qcdw70bm/issue-286-hero/app/Morsel.xcodeproj


SwiftCompile normal arm64 /tmp/morsel-286-dd/SourcePackages/checkouts/swift-crypto/Sources/Crypto/CryptoError_boring.swift (in target 'Crypto' from project 'swift-crypto')
    cd /tmp/morsel-286-mutation-qcdw70bm/issue-286-hero/app/Morsel.xcodeproj


SwiftCompile normal arm64 /tmp/morsel-286-dd/SourcePackages/checkouts/swift-crypto/Sources/Crypto/CryptoKitErrors.swift (in target 'Crypto' from project 'swift-crypto')
    cd /tmp/morsel-286-mutation-qcdw70bm/issue-286-hero/app/Morsel.xcodeproj


SwiftCompile normal arm64 /tmp/morsel-286-dd/SourcePackages/checkouts/swift-crypto/Sources/Crypto/Digests/BoringSSL/Digest_boring.swift (in target 'Crypto' from project 'swift-crypto')
    cd /tmp/morsel-286-mutation-qcdw70bm/issue-286-hero/app/Morsel.xcodeproj


SwiftCompile normal arm64 /tmp/morsel-286-dd/SourcePackages/checkouts/swift-crypto/Sources/Crypto/Digests/Digest.swift (in target 'Crypto' from project 'swift-crypto')
    cd /tmp/morsel-286-mutation-qcdw70bm/issue-286-hero/app/Morsel.xcodeproj


SwiftCompile normal arm64 /tmp/morsel-286-dd/SourcePackages/checkouts/swift-crypto/Sources/Crypto/Digests/Digests.swift (in target 'Crypto' from project 'swift-crypto')
    cd /tmp/morsel-286-mutation-qcdw70bm/issue-286-hero/app/Morsel.xcodeproj


SwiftCompile normal arm64 /tmp/morsel-286-dd/SourcePackages/checkouts/swift-crypto/Sources/Crypto/Digests/HashFunctions.swift (in target 'Crypto' from project 'swift-crypto')
    cd /tmp/morsel-286-mutation-qcdw70bm/issue-286-hero/app/Morsel.xcodeproj


SwiftCompile normal arm64 Compiling\ Ed25519Keys.swift,\ NISTCurvesKeys.swift,\ X25519Keys.swift,\ SymmetricKeys.swift,\ HMAC.swift,\ MACFunctions.swift,\ MessageAuthenticationCode.swift,\ AES.swift,\ ECDSASignature_boring.swift /tmp/morsel-286-dd/SourcePackages/checkouts/swift-crypto/Sources/Crypto/Keys/EC/Ed25519Keys.swift /tmp/morsel-286-dd/SourcePackages/checkouts/swift-crypto/Sources/Crypto/Keys/EC/NISTCurvesKeys.swift /tmp/morsel-286-dd/SourcePackages/checkouts/swift-crypto/Sources/Crypto/Keys/EC/X25519Keys.swift /tmp/morsel-286-dd/SourcePackages/checkouts/swift-crypto/Sources/Crypto/Keys/Symmetric/SymmetricKeys.swift /tmp/morsel-286-dd/SourcePackages/checkouts/swift-crypto/Sources/Crypto/Message\ Authentication\ Codes/HMAC/HMAC.swift /tmp/morsel-286-dd/SourcePackages/checkouts/swift-crypto/Sources/Crypto/Message\ Authentication\ Codes/MACFunctions.swift /tmp/morsel-286-dd/SourcePackages/checkouts/swift-crypto/Sources/Crypto/Message\ Authentication\ Codes/MessageAuthenticationCode.swift /tmp/morsel-286-dd/SourcePackages/checkouts/swift-crypto/Sources/Crypto/PRF/AES.swift /tmp/morsel-286-dd/SourcePackages/checkouts/swift-crypto/Sources/Crypto/Signatures/BoringSSL/ECDSASignature_boring.swift (in target 'Crypto' from project 'swift-crypto')

SwiftCompile normal arm64 /tmp/morsel-286-dd/SourcePackages/checkouts/swift-crypto/Sources/Crypto/Keys/EC/Ed25519Keys.swift (in target 'Crypto' from project 'swift-crypto')
    cd /tmp/morsel-286-mutation-qcdw70bm/issue-286-hero/app/Morsel.xcodeproj


SwiftCompile normal arm64 /tmp/morsel-286-dd/SourcePackages/checkouts/swift-crypto/Sources/Crypto/Keys/EC/NISTCurvesKeys.swift (in target 'Crypto' from project 'swift-crypto')
    cd /tmp/morsel-286-mutation-qcdw70bm/issue-286-hero/app/Morsel.xcodeproj


SwiftCompile normal arm64 /tmp/morsel-286-dd/SourcePackages/checkouts/swift-crypto/Sources/Crypto/Keys/EC/X25519Keys.swift (in target 'Crypto' from project 'swift-crypto')
    cd /tmp/morsel-286-mutation-qcdw70bm/issue-286-hero/app/Morsel.xcodeproj


SwiftCompile normal arm64 /tmp/morsel-286-dd/SourcePackages/checkouts/swift-crypto/Sources/Crypto/Keys/Symmetric/SymmetricKeys.swift (in target 'Crypto' from project 'swift-crypto')
    cd /tmp/morsel-286-mutation-qcdw70bm/issue-286-hero/app/Morsel.xcodeproj


SwiftCompile normal arm64 /tmp/morsel-286-dd/SourcePackages/checkouts/swift-crypto/Sources/Crypto/Message\ Authentication\ Codes/HMAC/HMAC.swift (in target 'Crypto' from project 'swift-crypto')
    cd /tmp/morsel-286-mutation-qcdw70bm/issue-286-hero/app/Morsel.xcodeproj


SwiftCompile normal arm64 /tmp/morsel-286-dd/SourcePackages/checkouts/swift-crypto/Sources/Crypto/Message\ Authentication\ Codes/MACFunctions.swift (in target 'Crypto' from project 'swift-crypto')
    cd /tmp/morsel-286-mutation-qcdw70bm/issue-286-hero/app/Morsel.xcodeproj


SwiftCompile normal arm64 /tmp/morsel-286-dd/SourcePackages/checkouts/swift-crypto/Sources/Crypto/Message\ Authentication\ Codes/MessageAuthenticationCode.swift (in target 'Crypto' from project 'swift-crypto')
    cd /tmp/morsel-286-mutation-qcdw70bm/issue-286-hero/app/Morsel.xcodeproj


SwiftCompile normal arm64 /tmp/morsel-286-dd/SourcePackages/checkouts/swift-crypto/Sources/Crypto/PRF/AES.swift (in target 'Crypto' from project 'swift-crypto')
    cd /tmp/morsel-286-mutation-qcdw70bm/issue-286-hero/app/Morsel.xcodeproj


SwiftCompile normal arm64 /tmp/morsel-286-dd/SourcePackages/checkouts/swift-crypto/Sources/Crypto/Signatures/BoringSSL/ECDSASignature_boring.swift (in target 'Crypto' from project 'swift-crypto')
    cd /tmp/morsel-286-mutation-qcdw70bm/issue-286-hero/app/Morsel.xcodeproj


SwiftCompile normal arm64 Compiling\ ECDH.swift,\ ANSIx963.swift,\ HKDF.swift,\ AESWrap.swift,\ AESWrap_boring.swift,\ Ed25519_boring.swift,\ NISTCurvesKeys_boring.swift,\ X25519Keys_boring.swift,\ Curve25519.swift /tmp/morsel-286-dd/SourcePackages/checkouts/swift-crypto/Sources/Crypto/Key\ Agreement/ECDH.swift /tmp/morsel-286-dd/SourcePackages/checkouts/swift-crypto/Sources/Crypto/Key\ Derivation/ANSIx963.swift /tmp/morsel-286-dd/SourcePackages/checkouts/swift-crypto/Sources/Crypto/Key\ Derivation/HKDF.swift /tmp/morsel-286-dd/SourcePackages/checkouts/swift-crypto/Sources/Crypto/Key\ Wrapping/AESWrap.swift /tmp/morsel-286-dd/SourcePackages/checkouts/swift-crypto/Sources/Crypto/Key\ Wrapping/BoringSSL/AESWrap_boring.swift /tmp/morsel-286-dd/SourcePackages/checkouts/swift-crypto/Sources/Crypto/Keys/EC/BoringSSL/Ed25519_boring.swift /tmp/morsel-286-dd/SourcePackages/checkouts/swift-crypto/Sources/Crypto/Keys/EC/BoringSSL/NISTCurvesKeys_boring.swift /tmp/morsel-286-dd/SourcePackages/checkouts/swift-crypto/Sources/Crypto/Keys/EC/BoringSSL/X25519Keys_boring.swift /tmp/morsel-286-dd/SourcePackages/checkouts/swift-crypto/Sources/Crypto/Keys/EC/Curve25519.swift (in target 'Crypto' from project 'swift-crypto')

SwiftCompile normal arm64 /tmp/morsel-286-dd/SourcePackages/checkouts/swift-crypto/Sources/Crypto/Key\ Agreement/ECDH.swift (in target 'Crypto' from project 'swift-crypto')
    cd /tmp/morsel-286-mutation-qcdw70bm/issue-286-hero/app/Morsel.xcodeproj


SwiftCompile normal arm64 /tmp/morsel-286-dd/SourcePackages/checkouts/swift-crypto/Sources/Crypto/Key\ Derivation/ANSIx963.swift (in target 'Crypto' from project 'swift-crypto')
    cd /tmp/morsel-286-mutation-qcdw70bm/issue-286-hero/app/Morsel.xcodeproj


SwiftCompile normal arm64 /tmp/morsel-286-dd/SourcePackages/checkouts/swift-crypto/Sources/Crypto/Key\ Derivation/HKDF.swift (in target 'Crypto' from project 'swift-crypto')
    cd /tmp/morsel-286-mutation-qcdw70bm/issue-286-hero/app/Morsel.xcodeproj


SwiftCompile normal arm64 /tmp/morsel-286-dd/SourcePackages/checkouts/swift-crypto/Sources/Crypto/Key\ Wrapping/AESWrap.swift (in target 'Crypto' from project 'swift-crypto')
    cd /tmp/morsel-286-mutation-qcdw70bm/issue-286-hero/app/Morsel.xcodeproj


SwiftCompile normal arm64 /tmp/morsel-286-dd/SourcePackages/checkouts/swift-crypto/Sources/Crypto/Key\ Wrapping/BoringSSL/AESWrap_boring.swift (in target 'Crypto' from project 'swift-crypto')
    cd /tmp/morsel-286-mutation-qcdw70bm/issue-286-hero/app/Morsel.xcodeproj


SwiftCompile normal arm64 /tmp/morsel-286-dd/SourcePackages/checkouts/swift-crypto/Sources/Crypto/Keys/EC/BoringSSL/Ed25519_boring.swift (in target 'Crypto' from project 'swift-crypto')
    cd /tmp/morsel-286-mutation-qcdw70bm/issue-286-hero/app/Morsel.xcodeproj


SwiftCompile normal arm64 /tmp/morsel-286-dd/SourcePackages/checkouts/swift-crypto/Sources/Crypto/Keys/EC/BoringSSL/NISTCurvesKeys_boring.swift (in target 'Crypto' from project 'swift-crypto')
    cd /tmp/morsel-286-mutation-qcdw70bm/issue-286-hero/app/Morsel.xcodeproj


SwiftCompile normal arm64 /tmp/morsel-286-dd/SourcePackages/checkouts/swift-crypto/Sources/Crypto/Keys/EC/BoringSSL/X25519Keys_boring.swift (in target 'Crypto' from project 'swift-crypto')
    cd /tmp/morsel-286-mutation-qcdw70bm/issue-286-hero/app/Morsel.xcodeproj


SwiftCompile normal arm64 /tmp/morsel-286-dd/SourcePackages/checkouts/swift-crypto/Sources/Crypto/Keys/EC/Curve25519.swift (in target 'Crypto' from project 'swift-crypto')
    cd /tmp/morsel-286-mutation-qcdw70bm/issue-286-hero/app/Morsel.xcodeproj


SwiftCompile normal arm64 Compiling\ ECDSA_boring.swift,\ EdDSA_boring.swift,\ MLDSA_boring.swift,\ MLDSA_wrapper.swift,\ ECDSA.swift,\ Ed25519.swift,\ MLDSA.swift,\ Signature.swift,\ CryptoKitErrors_boring.swift /tmp/morsel-286-dd/SourcePackages/checkouts/swift-crypto/Sources/Crypto/Signatures/BoringSSL/ECDSA_boring.swift /tmp/morsel-286-dd/SourcePackages/checkouts/swift-crypto/Sources/Crypto/Signatures/BoringSSL/EdDSA_boring.swift /tmp/morsel-286-dd/SourcePackages/checkouts/swift-crypto/Sources/Crypto/Signatures/BoringSSL/MLDSA_boring.swift /tmp/morsel-286-dd/SourcePackages/checkouts/swift-crypto/Sources/Crypto/Signatures/BoringSSL/MLDSA_wrapper.swift /tmp/morsel-286-dd/SourcePackages/checkouts/swift-crypto/Sources/Crypto/Signatures/ECDSA.swift /tmp/morsel-286-dd/SourcePackages/checkouts/swift-crypto/Sources/Crypto/Signatures/Ed25519.swift /tmp/morsel-286-dd/SourcePackages/checkouts/swift-crypto/Sources/Crypto/Signatures/MLDSA.swift /tmp/morsel-286-dd/SourcePackages/checkouts/swift-crypto/Sources/Crypto/Signatures/Signature.swift /tmp/morsel-286-dd/SourcePackages/checkouts/swift-crypto/Sources/Crypto/Util/BoringSSL/CryptoKitErrors_boring.swift (in target 'Crypto' from project 'swift-crypto')

SwiftCompile normal arm64 /tmp/morsel-286-dd/SourcePackages/checkouts/swift-crypto/Sources/Crypto/Signatures/BoringSSL/ECDSA_boring.swift (in target 'Crypto' from project 'swift-crypto')
    cd /tmp/morsel-286-mutation-qcdw70bm/issue-286-hero/app/Morsel.xcodeproj


SwiftCompile normal arm64 /tmp/morsel-286-dd/SourcePackages/checkouts/swift-crypto/Sources/Crypto/Signatures/BoringSSL/EdDSA_boring.swift (in target 'Crypto' from project 'swift-crypto')
    cd /tmp/morsel-286-mutation-qcdw70bm/issue-286-hero/app/Morsel.xcodeproj


SwiftCompile normal arm64 /tmp/morsel-286-dd/SourcePackages/checkouts/swift-crypto/Sources/Crypto/Signatures/BoringSSL/MLDSA_boring.swift (in target 'Crypto' from project 'swift-crypto')
    cd /tmp/morsel-286-mutation-qcdw70bm/issue-286-hero/app/Morsel.xcodeproj


SwiftCompile normal arm64 /tmp/morsel-286-dd/SourcePackages/checkouts/swift-crypto/Sources/Crypto/Signatures/BoringSSL/MLDSA_wrapper.swift (in target 'Crypto' from project 'swift-crypto')
    cd /tmp/morsel-286-mutation-qcdw70bm/issue-286-hero/app/Morsel.xcodeproj


SwiftCompile normal arm64 /tmp/morsel-286-dd/SourcePackages/checkouts/swift-crypto/Sources/Crypto/Signatures/ECDSA.swift (in target 'Crypto' from project 'swift-crypto')
    cd /tmp/morsel-286-mutation-qcdw70bm/issue-286-hero/app/Morsel.xcodeproj


SwiftCompile normal arm64 /tmp/morsel-286-dd/SourcePackages/checkouts/swift-crypto/Sources/Crypto/Signatures/Ed25519.swift (in target 'Crypto' from project 'swift-crypto')
    cd /tmp/morsel-286-mutation-qcdw70bm/issue-286-hero/app/Morsel.xcodeproj


SwiftCompile normal arm64 /tmp/morsel-286-dd/SourcePackages/checkouts/swift-crypto/Sources/Crypto/Signatures/MLDSA.swift (in target 'Crypto' from project 'swift-crypto')
    cd /tmp/morsel-286-mutation-qcdw70bm/issue-286-hero/app/Morsel.xcodeproj


SwiftCompile normal arm64 /tmp/morsel-286-dd/SourcePackages/checkouts/swift-crypto/Sources/Crypto/Signatures/Signature.swift (in target 'Crypto' from project 'swift-crypto')
    cd /tmp/morsel-286-mutation-qcdw70bm/issue-286-hero/app/Morsel.xcodeproj


SwiftCompile normal arm64 /tmp/morsel-286-dd/SourcePackages/checkouts/swift-crypto/Sources/Crypto/Util/BoringSSL/CryptoKitErrors_boring.swift (in target 'Crypto' from project 'swift-crypto')
    cd /tmp/morsel-286-mutation-qcdw70bm/issue-286-hero/app/Morsel.xcodeproj


SwiftCompile normal arm64 Compiling\ HashFunctions_SHA2.swift,\ HashFunctions_SHA3.swift,\ Digest_xkcp.swift,\ HPKE-AEAD.swift,\ HPKE-Ciphersuite.swift,\ HPKE-KDF.swift,\ HPKE-KexKeyDerivation.swift,\ HPKE-LabeledExtract.swift,\ HPKE-Utils.swift,\ DHKEM.swift /tmp/morsel-286-dd/SourcePackages/checkouts/swift-crypto/Sources/Crypto/Digests/HashFunctions_SHA2.swift /tmp/morsel-286-dd/SourcePackages/checkouts/swift-crypto/Sources/Crypto/Digests/HashFunctions_SHA3.swift /tmp/morsel-286-dd/SourcePackages/checkouts/swift-crypto/Sources/Crypto/Digests/XKCP/Digest_xkcp.swift /tmp/morsel-286-dd/SourcePackages/checkouts/swift-crypto/Sources/Crypto/HPKE/Ciphersuite/HPKE-AEAD.swift /tmp/morsel-286-dd/SourcePackages/checkouts/swift-crypto/Sources/Crypto/HPKE/Ciphersuite/HPKE-Ciphersuite.swift /tmp/morsel-286-dd/SourcePackages/checkouts/swift-crypto/Sources/Crypto/HPKE/Ciphersuite/HPKE-KDF.swift /tmp/morsel-286-dd/SourcePackages/checkouts/swift-crypto/Sources/Crypto/HPKE/Ciphersuite/HPKE-KexKeyDerivation.swift /tmp/morsel-286-dd/SourcePackages/checkouts/swift-crypto/Sources/Crypto/HPKE/Ciphersuite/HPKE-LabeledExtract.swift /tmp/morsel-286-dd/SourcePackages/checkouts/swift-crypto/Sources/Crypto/HPKE/Ciphersuite/HPKE-Utils.swift /tmp/morsel-286-dd/SourcePackages/checkouts/swift-crypto/Sources/Crypto/HPKE/Ciphersuite/KEM/Conformances/DHKEM.swift (in target 'Crypto' from project 'swift-crypto')

SwiftCompile normal arm64 /tmp/morsel-286-dd/SourcePackages/checkouts/swift-crypto/Sources/Crypto/Digests/HashFunctions_SHA2.swift (in target 'Crypto' from project 'swift-crypto')
    cd /tmp/morsel-286-mutation-qcdw70bm/issue-286-hero/app/Morsel.xcodeproj


SwiftCompile normal arm64 /tmp/morsel-286-dd/SourcePackages/checkouts/swift-crypto/Sources/Crypto/Digests/HashFunctions_SHA3.swift (in target 'Crypto' from project 'swift-crypto')
    cd /tmp/morsel-286-mutation-qcdw70bm/issue-286-hero/app/Morsel.xcodeproj


SwiftCompile normal arm64 /tmp/morsel-286-dd/SourcePackages/checkouts/swift-crypto/Sources/Crypto/Digests/XKCP/Digest_xkcp.swift (in target 'Crypto' from project 'swift-crypto')
    cd /tmp/morsel-286-mutation-qcdw70bm/issue-286-hero/app/Morsel.xcodeproj


SwiftCompile normal arm64 /tmp/morsel-286-dd/SourcePackages/checkouts/swift-crypto/Sources/Crypto/HPKE/Ciphersuite/HPKE-AEAD.swift (in target 'Crypto' from project 'swift-crypto')
    cd /tmp/morsel-286-mutation-qcdw70bm/issue-286-hero/app/Morsel.xcodeproj


SwiftCompile normal arm64 /tmp/morsel-286-dd/SourcePackages/checkouts/swift-crypto/Sources/Crypto/HPKE/Ciphersuite/HPKE-Ciphersuite.swift (in target 'Crypto' from project 'swift-crypto')
    cd /tmp/morsel-286-mutation-qcdw70bm/issue-286-hero/app/Morsel.xcodeproj


SwiftCompile normal arm64 /tmp/morsel-286-dd/SourcePackages/checkouts/swift-crypto/Sources/Crypto/HPKE/Ciphersuite/HPKE-KDF.swift (in target 'Crypto' from project 'swift-crypto')
    cd /tmp/morsel-286-mutation-qcdw70bm/issue-286-hero/app/Morsel.xcodeproj


SwiftCompile normal arm64 /tmp/morsel-286-dd/SourcePackages/checkouts/swift-crypto/Sources/Crypto/HPKE/Ciphersuite/HPKE-KexKeyDerivation.swift (in target 'Crypto' from project 'swift-crypto')
    cd /tmp/morsel-286-mutation-qcdw70bm/issue-286-hero/app/Morsel.xcodeproj


SwiftCompile normal arm64 /tmp/morsel-286-dd/SourcePackages/checkouts/swift-crypto/Sources/Crypto/HPKE/Ciphersuite/HPKE-LabeledExtract.swift (in target 'Crypto' from project 'swift-crypto')
    cd /tmp/morsel-286-mutation-qcdw70bm/issue-286-hero/app/Morsel.xcodeproj


SwiftCompile normal arm64 /tmp/morsel-286-dd/SourcePackages/checkouts/swift-crypto/Sources/Crypto/HPKE/Ciphersuite/HPKE-Utils.swift (in target 'Crypto' from project 'swift-crypto')
    cd /tmp/morsel-286-mutation-qcdw70bm/issue-286-hero/app/Morsel.xcodeproj


SwiftCompile normal arm64 /tmp/morsel-286-dd/SourcePackages/checkouts/swift-crypto/Sources/Crypto/HPKE/Ciphersuite/KEM/Conformances/DHKEM.swift (in target 'Crypto' from project 'swift-crypto')
    cd /tmp/morsel-286-mutation-qcdw70bm/issue-286-hero/app/Morsel.xcodeproj


SwiftCompile normal arm64 Compiling\ HPKE-KEM-Curve25519.swift,\ HPKE-NIST-EC-KEMs.swift,\ HPKE-KEM.swift,\ HPKE-Errors.swift,\ HPKE.swift,\ HPKE-Context.swift,\ HPKE-KeySchedule.swift,\ HPKE-Modes.swift,\ Insecure.swift,\ Insecure_HashFunctions.swift /tmp/morsel-286-dd/SourcePackages/checkouts/swift-crypto/Sources/Crypto/HPKE/Ciphersuite/KEM/Conformances/HPKE-KEM-Curve25519.swift /tmp/morsel-286-dd/SourcePackages/checkouts/swift-crypto/Sources/Crypto/HPKE/Ciphersuite/KEM/Conformances/HPKE-NIST-EC-KEMs.swift /tmp/morsel-286-dd/SourcePackages/checkouts/swift-crypto/Sources/Crypto/HPKE/Ciphersuite/KEM/HPKE-KEM.swift /tmp/morsel-286-dd/SourcePackages/checkouts/swift-crypto/Sources/Crypto/HPKE/HPKE-Errors.swift /tmp/morsel-286-dd/SourcePackages/checkouts/swift-crypto/Sources/Crypto/HPKE/HPKE.swift /tmp/morsel-286-dd/SourcePackages/checkouts/swift-crypto/Sources/Crypto/HPKE/Key\ Schedule/HPKE-Context.swift /tmp/morsel-286-dd/SourcePackages/checkouts/swift-crypto/Sources/Crypto/HPKE/Key\ Schedule/HPKE-KeySchedule.swift /tmp/morsel-286-dd/SourcePackages/checkouts/swift-crypto/Sources/Crypto/HPKE/Modes/HPKE-Modes.swift /tmp/morsel-286-dd/SourcePackages/checkouts/swift-crypto/Sources/Crypto/Insecure/Insecure.swift /tmp/morsel-286-dd/SourcePackages/checkouts/swift-crypto/Sources/Crypto/Insecure/Insecure_HashFunctions.swift (in target 'Crypto' from project 'swift-crypto')

SwiftCompile normal arm64 /tmp/morsel-286-dd/SourcePackages/checkouts/swift-crypto/Sources/Crypto/HPKE/Ciphersuite/KEM/Conformances/HPKE-KEM-Curve25519.swift (in target 'Crypto' from project 'swift-crypto')
    cd /tmp/morsel-286-mutation-qcdw70bm/issue-286-hero/app/Morsel.xcodeproj


SwiftCompile normal arm64 /tmp/morsel-286-dd/SourcePackages/checkouts/swift-crypto/Sources/Crypto/HPKE/Ciphersuite/KEM/Conformances/HPKE-NIST-EC-KEMs.swift (in target 'Crypto' from project 'swift-crypto')
    cd /tmp/morsel-286-mutation-qcdw70bm/issue-286-hero/app/Morsel.xcodeproj


SwiftCompile normal arm64 /tmp/morsel-286-dd/SourcePackages/checkouts/swift-crypto/Sources/Crypto/HPKE/Ciphersuite/KEM/HPKE-KEM.swift (in target 'Crypto' from project 'swift-crypto')
    cd /tmp/morsel-286-mutation-qcdw70bm/issue-286-hero/app/Morsel.xcodeproj


SwiftCompile normal arm64 /tmp/morsel-286-dd/SourcePackages/checkouts/swift-crypto/Sources/Crypto/HPKE/HPKE-Errors.swift (in target 'Crypto' from project 'swift-crypto')
    cd /tmp/morsel-286-mutation-qcdw70bm/issue-286-hero/app/Morsel.xcodeproj


SwiftCompile normal arm64 /tmp/morsel-286-dd/SourcePackages/checkouts/swift-crypto/Sources/Crypto/HPKE/HPKE.swift (in target 'Crypto' from project 'swift-crypto')
    cd /tmp/morsel-286-mutation-qcdw70bm/issue-286-hero/app/Morsel.xcodeproj


SwiftCompile normal arm64 /tmp/morsel-286-dd/SourcePackages/checkouts/swift-crypto/Sources/Crypto/HPKE/Key\ Schedule/HPKE-Context.swift (in target 'Crypto' from project 'swift-crypto')
    cd /tmp/morsel-286-mutation-qcdw70bm/issue-286-hero/app/Morsel.xcodeproj


SwiftCompile normal arm64 /tmp/morsel-286-dd/SourcePackages/checkouts/swift-crypto/Sources/Crypto/HPKE/Key\ Schedule/HPKE-KeySchedule.swift (in target 'Crypto' from project 'swift-crypto')
    cd /tmp/morsel-286-mutation-qcdw70bm/issue-286-hero/app/Morsel.xcodeproj


SwiftCompile normal arm64 /tmp/morsel-286-dd/SourcePackages/checkouts/swift-crypto/Sources/Crypto/HPKE/Modes/HPKE-Modes.swift (in target 'Crypto' from project 'swift-crypto')
    cd /tmp/morsel-286-mutation-qcdw70bm/issue-286-hero/app/Morsel.xcodeproj


SwiftCompile normal arm64 /tmp/morsel-286-dd/SourcePackages/checkouts/swift-crypto/Sources/Crypto/Insecure/Insecure.swift (in target 'Crypto' from project 'swift-crypto')
    cd /tmp/morsel-286-mutation-qcdw70bm/issue-286-hero/app/Morsel.xcodeproj


SwiftCompile normal arm64 /tmp/morsel-286-dd/SourcePackages/checkouts/swift-crypto/Sources/Crypto/Insecure/Insecure_HashFunctions.swift (in target 'Crypto' from project 'swift-crypto')
    cd /tmp/morsel-286-mutation-qcdw70bm/issue-286-hero/app/Morsel.xcodeproj


SwiftCompile normal arm64 Compiling\ Optional+withUnsafeBytes_boring.swift,\ RNG_boring.swift,\ SafeCompare_boring.swift,\ Zeroization_boring.swift,\ _CryptoModuleAnchor.swift,\ PrettyBytes.swift,\ SafeCompare.swift,\ SecureBytes.swift,\ Zeroization.swift /tmp/morsel-286-dd/SourcePackages/checkouts/swift-crypto/Sources/Crypto/Util/BoringSSL/Optional+withUnsafeBytes_boring.swift /tmp/morsel-286-dd/SourcePackages/checkouts/swift-crypto/Sources/Crypto/Util/BoringSSL/RNG_boring.swift /tmp/morsel-286-dd/SourcePackages/checkouts/swift-crypto/Sources/Crypto/Util/BoringSSL/SafeCompare_boring.swift /tmp/morsel-286-dd/SourcePackages/checkouts/swift-crypto/Sources/Crypto/Util/BoringSSL/Zeroization_boring.swift /tmp/morsel-286-dd/SourcePackages/checkouts/swift-crypto/Sources/Crypto/Util/BoringSSL/_CryptoModuleAnchor.swift /tmp/morsel-286-dd/SourcePackages/checkouts/swift-crypto/Sources/Crypto/Util/PrettyBytes.swift /tmp/morsel-286-dd/SourcePackages/checkouts/swift-crypto/Sources/Crypto/Util/SafeCompare.swift /tmp/morsel-286-dd/SourcePackages/checkouts/swift-crypto/Sources/Crypto/Util/SecureBytes.swift /tmp/morsel-286-dd/SourcePackages/checkouts/swift-crypto/Sources/Crypto/Util/Zeroization.swift (in target 'Crypto' from project 'swift-crypto')
SwiftCompile normal arm64 /tmp/morsel-286-dd/SourcePackages/checkouts/swift-crypto/Sources/Crypto/Util/BoringSSL/Optional+withUnsafeBytes_boring.swift (in target 'Crypto' from project 'swift-crypto')
    cd /tmp/morsel-286-mutation-qcdw70bm/issue-286-hero/app/Morsel.xcodeproj


SwiftCompile normal arm64 /tmp/morsel-286-dd/SourcePackages/checkouts/swift-crypto/Sources/Crypto/Util/BoringSSL/RNG_boring.swift (in target 'Crypto' from project 'swift-crypto')
    cd /tmp/morsel-286-mutation-qcdw70bm/issue-286-hero/app/Morsel.xcodeproj


SwiftCompile normal arm64 /tmp/morsel-286-dd/SourcePackages/checkouts/swift-crypto/Sources/Crypto/Util/BoringSSL/SafeCompare_boring.swift (in target 'Crypto' from project 'swift-crypto')
    cd /tmp/morsel-286-mutation-qcdw70bm/issue-286-hero/app/Morsel.xcodeproj


SwiftCompile normal arm64 /tmp/morsel-286-dd/SourcePackages/checkouts/swift-crypto/Sources/Crypto/Util/BoringSSL/Zeroization_boring.swift (in target 'Crypto' from project 'swift-crypto')
    cd /tmp/morsel-286-mutation-qcdw70bm/issue-286-hero/app/Morsel.xcodeproj


SwiftCompile normal arm64 /tmp/morsel-286-dd/SourcePackages/checkouts/swift-crypto/Sources/Crypto/Util/BoringSSL/_CryptoModuleAnchor.swift (in target 'Crypto' from project 'swift-crypto')
    cd /tmp/morsel-286-mutation-qcdw70bm/issue-286-hero/app/Morsel.xcodeproj


SwiftCompile normal arm64 /tmp/morsel-286-dd/SourcePackages/checkouts/swift-crypto/Sources/Crypto/Util/PrettyBytes.swift (in target 'Crypto' from project 'swift-crypto')
    cd /tmp/morsel-286-mutation-qcdw70bm/issue-286-hero/app/Morsel.xcodeproj


SwiftCompile normal arm64 /tmp/morsel-286-dd/SourcePackages/checkouts/swift-crypto/Sources/Crypto/Util/SafeCompare.swift (in target 'Crypto' from project 'swift-crypto')
    cd /tmp/morsel-286-mutation-qcdw70bm/issue-286-hero/app/Morsel.xcodeproj


SwiftCompile normal arm64 /tmp/morsel-286-dd/SourcePackages/checkouts/swift-crypto/Sources/Crypto/Util/SecureBytes.swift (in target 'Crypto' from project 'swift-crypto')
    cd /tmp/morsel-286-mutation-qcdw70bm/issue-286-hero/app/Morsel.xcodeproj


SwiftCompile normal arm64 /tmp/morsel-286-dd/SourcePackages/checkouts/swift-crypto/Sources/Crypto/Util/Zeroization.swift (in target 'Crypto' from project 'swift-crypto')
    cd /tmp/morsel-286-mutation-qcdw70bm/issue-286-hero/app/Morsel.xcodeproj


SwiftCompile normal arm64 Compiling\ MLKEM_boring.swift,\ MLKEM_wrapper.swift,\ XWing_boring.swift,\ KEM-Errors.swift,\ KEM.swift,\ MLKEM.swift,\ XWing.swift,\ ECDH_boring.swift,\ DH.swift /tmp/morsel-286-dd/SourcePackages/checkouts/swift-crypto/Sources/Crypto/KEM/BoringSSL/MLKEM_boring.swift /tmp/morsel-286-dd/SourcePackages/checkouts/swift-crypto/Sources/Crypto/KEM/BoringSSL/MLKEM_wrapper.swift /tmp/morsel-286-dd/SourcePackages/checkouts/swift-crypto/Sources/Crypto/KEM/BoringSSL/XWing_boring.swift /tmp/morsel-286-dd/SourcePackages/checkouts/swift-crypto/Sources/Crypto/KEM/KEM-Errors.swift /tmp/morsel-286-dd/SourcePackages/checkouts/swift-crypto/Sources/Crypto/KEM/KEM.swift /tmp/morsel-286-dd/SourcePackages/checkouts/swift-crypto/Sources/Crypto/KEM/MLKEM.swift /tmp/morsel-286-dd/SourcePackages/checkouts/swift-crypto/Sources/Crypto/KEM/XWing.swift /tmp/morsel-286-dd/SourcePackages/checkouts/swift-crypto/Sources/Crypto/Key\ Agreement/BoringSSL/ECDH_boring.swift /tmp/morsel-286-dd/SourcePackages/checkouts/swift-crypto/Sources/Crypto/Key\ Agreement/DH.swift (in target 'Crypto' from project 'swift-crypto')

SwiftCompile normal arm64 /tmp/morsel-286-dd/SourcePackages/checkouts/swift-crypto/Sources/Crypto/KEM/BoringSSL/MLKEM_boring.swift (in target 'Crypto' from project 'swift-crypto')
    cd /tmp/morsel-286-mutation-qcdw70bm/issue-286-hero/app/Morsel.xcodeproj


SwiftCompile normal arm64 /tmp/morsel-286-dd/SourcePackages/checkouts/swift-crypto/Sources/Crypto/KEM/BoringSSL/MLKEM_wrapper.swift (in target 'Crypto' from project 'swift-crypto')
    cd /tmp/morsel-286-mutation-qcdw70bm/issue-286-hero/app/Morsel.xcodeproj


SwiftCompile normal arm64 /tmp/morsel-286-dd/SourcePackages/checkouts/swift-crypto/Sources/Crypto/KEM/BoringSSL/XWing_boring.swift (in target 'Crypto' from project 'swift-crypto')
    cd /tmp/morsel-286-mutation-qcdw70bm/issue-286-hero/app/Morsel.xcodeproj


SwiftCompile normal arm64 /tmp/morsel-286-dd/SourcePackages/checkouts/swift-crypto/Sources/Crypto/KEM/KEM-Errors.swift (in target 'Crypto' from project 'swift-crypto')
    cd /tmp/morsel-286-mutation-qcdw70bm/issue-286-hero/app/Morsel.xcodeproj


SwiftCompile normal arm64 /tmp/morsel-286-dd/SourcePackages/checkouts/swift-crypto/Sources/Crypto/KEM/KEM.swift (in target 'Crypto' from project 'swift-crypto')
    cd /tmp/morsel-286-mutation-qcdw70bm/issue-286-hero/app/Morsel.xcodeproj


SwiftCompile normal arm64 /tmp/morsel-286-dd/SourcePackages/checkouts/swift-crypto/Sources/Crypto/KEM/MLKEM.swift (in target 'Crypto' from project 'swift-crypto')
    cd /tmp/morsel-286-mutation-qcdw70bm/issue-286-hero/app/Morsel.xcodeproj


SwiftCompile normal arm64 /tmp/morsel-286-dd/SourcePackages/checkouts/swift-crypto/Sources/Crypto/KEM/XWing.swift (in target 'Crypto' from project 'swift-crypto')
    cd /tmp/morsel-286-mutation-qcdw70bm/issue-286-hero/app/Morsel.xcodeproj


SwiftCompile normal arm64 /tmp/morsel-286-dd/SourcePackages/checkouts/swift-crypto/Sources/Crypto/Key\ Agreement/BoringSSL/ECDH_boring.swift (in target 'Crypto' from project 'swift-crypto')
    cd /tmp/morsel-286-mutation-qcdw70bm/issue-286-hero/app/Morsel.xcodeproj


SwiftCompile normal arm64 /tmp/morsel-286-dd/SourcePackages/checkouts/swift-crypto/Sources/Crypto/Key\ Agreement/DH.swift (in target 'Crypto' from project 'swift-crypto')
    cd /tmp/morsel-286-mutation-qcdw70bm/issue-286-hero/app/Morsel.xcodeproj


SwiftDriverJobDiscovery normal arm64 Emitting module for Crypto (in target 'Crypto' from project 'swift-crypto')

SwiftDriver\ Compilation\ Requirements Crypto normal arm64 com.apple.xcode.tools.swift.compiler (in target 'Crypto' from project 'swift-crypto')
    cd /tmp/morsel-286-mutation-qcdw70bm/issue-286-hero/app/Morsel.xcodeproj
    builtin-Swift-Compilation-Requirements -- /Applications/Xcode.app/Contents/Developer/Toolchains/XcodeDefault.xctoolchain/usr/bin/swiftc -module-name Crypto -Onone @/tmp/morsel-286-dd/Build/Intermediates.noindex/swift-crypto.build/Debug-iphonesimulator/Crypto.build/Objects-normal/arm64/Crypto.SwiftFileList -DSWIFT_PACKAGE -DDEBUG -DSWIFT_MODULE_RESOURCE_BUNDLE_AVAILABLE -DCRYPTO_IN_SWIFTPM -DXcode -enable-upcoming-feature MemberImportVisibility -plugin-path /Applications/Xcode.app/Contents/Developer/Toolchains/XcodeDefault.xctoolchain/usr/lib/swift/host/plugins/testing -enable-experimental-feature DebugDescriptionMacro -sdk /Applications/Xcode.app/Contents/Developer/Platforms/iPhoneSimulator.platform/Developer/SDKs/iPhoneSimulator26.5.sdk -target arm64-apple-ios12.0-simulator -g -module-cache-path /tmp/morsel-286-dd/ModuleCache.noindex -Xfrontend -serialize-debugging-options -enable-testing -suppress-warnings -index-store-path /tmp/morsel-286-dd/Index.noindex/DataStore -Xcc -D_LIBCPP_HARDENING_MODE\=_LIBCPP_HARDENING_MODE_DEBUG -swift-version 6 -I /tmp/morsel-286-dd/Build/Products/Debug-iphonesimulator -Isystem /Applications/Xcode.app/Contents/Developer/Platforms/iPhoneSimulator.platform/Developer/usr/lib -F /tmp/morsel-286-dd/Build/Products/Debug-iphonesimulator -F /Applications/Xcode.app/Contents/Developer/Platforms/iPhoneSimulator.platform/Developer/Library/Frameworks -F /Applications/Xcode.app/Contents/Developer/Platforms/iPhoneSimulator.platform/Developer/SDKs/iPhoneSimulator26.5.sdk/Developer/Library/Frameworks -c -j10 -enable-batch-mode -incremental -Xcc -ivfsstatcache -Xcc /tmp/morsel-286-dd/SDKStatCaches.noindex/iphonesimulator26.5-23F81a-6cfe768891a92b912361537c460fe42b.sdkstatcache -output-file-map /tmp/morsel-286-dd/Build/Intermediates.noindex/swift-crypto.build/Debug-iphonesimulator/Crypto.build/Objects-normal/arm64/Crypto-OutputFileMap.json -use-frontend-parseable-output -save-temps -no-color-diagnostics -explicit-module-build -module-cache-path /tmp/morsel-286-dd/Build/Intermediates.noindex/SwiftExplicitPrecompiledModules -clang-scanner-module-cache-path /tmp/morsel-286-dd/ModuleCache.noindex -sdk-module-cache-path /tmp/morsel-286-dd/ModuleCache.noindex -serialize-diagnostics -emit-dependencies -emit-module -emit-module-path /tmp/morsel-286-dd/Build/Intermediates.noindex/swift-crypto.build/Debug-iphonesimulator/Crypto.build/Objects-normal/arm64/Crypto.swiftmodule -user-module-version 4.5.1 -validate-clang-modules-once -clang-build-session-file /tmp/morsel-286-dd/ModuleCache.noindex/Session.modulevalidation -package-name swift_crypto -Xcc -I/tmp/morsel-286-dd/Build/Intermediates.noindex/swift-crypto.build/Debug-iphonesimulator/Crypto.build/swift-overrides.hmap -emit-const-values -Xfrontend -const-gather-protocols-file -Xfrontend /tmp/morsel-286-dd/Build/Intermediates.noindex/swift-crypto.build/Debug-iphonesimulator/Crypto.build/Objects-normal/arm64/Crypto_const_extract_protocols.json -Xcc -I/tmp/morsel-286-dd/Build/Products/Debug-iphonesimulator/include -Xcc -I/tmp/morsel-286-dd/Build/Intermediates.noindex/swift-crypto.build/Debug-iphonesimulator/Crypto.build/DerivedSources-normal/arm64 -Xcc -I/tmp/morsel-286-dd/Build/Intermediates.noindex/swift-crypto.build/Debug-iphonesimulator/Crypto.build/DerivedSources/arm64 -Xcc -I/tmp/morsel-286-dd/Build/Intermediates.noindex/swift-crypto.build/Debug-iphonesimulator/Crypto.build/DerivedSources -Xcc -DSWIFT_PACKAGE -Xcc -DDEBUG\=1 -emit-objc-header -emit-objc-header-path /tmp/morsel-286-dd/Build/Intermediates.noindex/swift-crypto.build/Debug-iphonesimulator/Crypto.build/Objects-normal/arm64/Crypto-Swift.h -working-directory /tmp/morsel-286-mutation-qcdw70bm/issue-286-hero/app/Morsel.xcodeproj -experimental-emit-module-separately -disable-cmo

SwiftDriverJobDiscovery normal arm64 Compiling ECDH.swift, ANSIx963.swift, HKDF.swift, AESWrap.swift, AESWrap_boring.swift, Ed25519_boring.swift, NISTCurvesKeys_boring.swift, X25519Keys_boring.swift, Curve25519.swift (in target 'Crypto' from project 'swift-crypto')

Copy /tmp/morsel-286-dd/Build/Products/Debug-iphonesimulator/Crypto.swiftmodule/arm64-apple-ios-simulator.abi.json /tmp/morsel-286-dd/Build/Intermediates.noindex/swift-crypto.build/Debug-iphonesimulator/Crypto.build/Objects-normal/arm64/Crypto.abi.json (in target 'Crypto' from project 'swift-crypto')
    cd /tmp/morsel-286-dd/SourcePackages/checkouts/swift-crypto
    builtin-copy -exclude .DS_Store -exclude CVS -exclude .svn -exclude .git -exclude .hg -resolve-src-symlinks -rename /tmp/morsel-286-dd/Build/Intermediates.noindex/swift-crypto.build/Debug-iphonesimulator/Crypto.build/Objects-normal/arm64/Crypto.abi.json /tmp/morsel-286-dd/Build/Products/Debug-iphonesimulator/Crypto.swiftmodule/arm64-apple-ios-simulator.abi.json

SwiftDriverJobDiscovery normal arm64 Compiling ECDSA_boring.swift, EdDSA_boring.swift, MLDSA_boring.swift, MLDSA_wrapper.swift, ECDSA.swift, Ed25519.swift, MLDSA.swift, Signature.swift, CryptoKitErrors_boring.swift (in target 'Crypto' from project 'swift-crypto')

Copy /tmp/morsel-286-dd/Build/Products/Debug-iphonesimulator/Crypto.swiftmodule/arm64-apple-ios-simulator.swiftmodule /tmp/morsel-286-dd/Build/Intermediates.noindex/swift-crypto.build/Debug-iphonesimulator/Crypto.build/Objects-normal/arm64/Crypto.swiftmodule (in target 'Crypto' from project 'swift-crypto')
    cd /tmp/morsel-286-dd/SourcePackages/checkouts/swift-crypto
    builtin-copy -exclude .DS_Store -exclude CVS -exclude .svn -exclude .git -exclude .hg -resolve-src-symlinks -rename /tmp/morsel-286-dd/Build/Intermediates.noindex/swift-crypto.build/Debug-iphonesimulator/Crypto.build/Objects-normal/arm64/Crypto.swiftmodule /tmp/morsel-286-dd/Build/Products/Debug-iphonesimulator/Crypto.swiftmodule/arm64-apple-ios-simulator.swiftmodule

SwiftDriverJobDiscovery normal arm64 Compiling PEMDocument.swift, PKCS8PrivateKey.swift, SEC1PrivateKey.swift, SubjectPublicKeyInfo.swift, CryptoError_boring.swift, CryptoKitErrors.swift, Digest_boring.swift, Digest.swift, Digests.swift, HashFunctions.swift (in target 'Crypto' from project 'swift-crypto')

SwiftDriverJobDiscovery normal arm64 Compiling HashFunctions_SHA2.swift, HashFunctions_SHA3.swift, Digest_xkcp.swift, HPKE-AEAD.swift, HPKE-Ciphersuite.swift, HPKE-KDF.swift, HPKE-KexKeyDerivation.swift, HPKE-LabeledExtract.swift, HPKE-Utils.swift, DHKEM.swift (in target 'Crypto' from project 'swift-crypto')

SwiftDriverJobDiscovery normal arm64 Compiling ASN1Boolean.swift, ASN1Identifier.swift, ASN1Integer.swift, ASN1Null.swift, ASN1OctetString.swift, ASN1Strings.swift, ArraySliceBigint.swift, GeneralizedTime.swift, ObjectIdentifier.swift, ECDSASignature.swift (in target 'Crypto' from project 'swift-crypto')

SwiftDriverJobDiscovery normal arm64 Compiling Ed25519Keys.swift, NISTCurvesKeys.swift, X25519Keys.swift, SymmetricKeys.swift, HMAC.swift, MACFunctions.swift, MessageAuthenticationCode.swift, AES.swift, ECDSASignature_boring.swift (in target 'Crypto' from project 'swift-crypto')

SwiftDriver Auth normal arm64 com.apple.xcode.tools.swift.compiler (in target 'Auth' from project 'Supabase')
    cd /tmp/morsel-286-mutation-qcdw70bm/issue-286-hero/app/Morsel.xcodeproj
    builtin-SwiftDriver -- /Applications/Xcode.app/Contents/Developer/Toolchains/XcodeDefault.xctoolchain/usr/bin/swiftc -module-name Auth -Onone @/tmp/morsel-286-dd/Build/Intermediates.noindex/Supabase.build/Debug-iphonesimulator/Auth.build/Objects-normal/arm64/Auth.SwiftFileList -DSWIFT_PACKAGE -DDEBUG -DSWIFT_MODULE_RESOURCE_BUNDLE_UNAVAILABLE -DXcode -enable-upcoming-feature ExistentialAny -enable-upcoming-feature ImmutableWeakCaptures -enable-upcoming-feature InferIsolatedConformances -enable-upcoming-feature InternalImportsByDefault -enable-upcoming-feature MemberImportVisibility -plugin-path /Applications/Xcode.app/Contents/Developer/Toolchains/XcodeDefault.xctoolchain/usr/lib/swift/host/plugins/testing -enable-experimental-feature DebugDescriptionMacro -sdk /Applications/Xcode.app/Contents/Developer/Platforms/iPhoneSimulator.platform/Developer/SDKs/iPhoneSimulator26.5.sdk -target arm64-apple-ios16.0-simulator -g -module-cache-path /tmp/morsel-286-dd/ModuleCache.noindex -Xfrontend -serialize-debugging-options -enable-testing -suppress-warnings -index-store-path /tmp/morsel-286-dd/Index.noindex/DataStore -Xcc -D_LIBCPP_HARDENING_MODE\=_LIBCPP_HARDENING_MODE_DEBUG -swift-version 6 -I /tmp/morsel-286-dd/Build/Products/Debug-iphonesimulator -Isystem /Applications/Xcode.app/Contents/Developer/Platforms/iPhoneSimulator.platform/Developer/usr/lib -F /tmp/morsel-286-dd/Build/Products/Debug-iphonesimulator/PackageFrameworks -F /tmp/morsel-286-dd/Build/Products/Debug-iphonesimulator/PackageFrameworks -F /tmp/morsel-286-dd/Build/Products/Debug-iphonesimulator/PackageFrameworks -F /tmp/morsel-286-dd/Build/Products/Debug-iphonesimulator/PackageFrameworks -F /tmp/morsel-286-dd/Build/Products/Debug-iphonesimulator/PackageFrameworks -F /tmp/morsel-286-dd/Build/Products/Debug-iphonesimulator/PackageFrameworks -F /tmp/morsel-286-dd/Build/Products/Debug-iphonesimulator/PackageFrameworks -F /tmp/morsel-286-dd/Build/Products/Debug-iphonesimulator -F /Applications/Xcode.app/Contents/Developer/Platforms/iPhoneSimulator.platform/Developer/Library/Frameworks -F /Applications/Xcode.app/Contents/Developer/Platforms/iPhoneSimulator.platform/Developer/SDKs/iPhoneSimulator26.5.sdk/Developer/Library/Frameworks -c -j10 -enable-batch-mode -incremental -Xcc -ivfsstatcache -Xcc /tmp/morsel-286-dd/SDKStatCaches.noindex/iphonesimulator26.5-23F81a-6cfe768891a92b912361537c460fe42b.sdkstatcache -output-file-map /tmp/morsel-286-dd/Build/Intermediates.noindex/Supabase.build/Debug-iphonesimulator/Auth.build/Objects-normal/arm64/Auth-OutputFileMap.json -use-frontend-parseable-output -save-temps -no-color-diagnostics -explicit-module-build -module-cache-path /tmp/morsel-286-dd/Build/Intermediates.noindex/SwiftExplicitPrecompiledModules -clang-scanner-module-cache-path /tmp/morsel-286-dd/ModuleCache.noindex -sdk-module-cache-path /tmp/morsel-286-dd/ModuleCache.noindex -serialize-diagnostics -emit-dependencies -emit-module -emit-module-path /tmp/morsel-286-dd/Build/Intermediates.noindex/Supabase.build/Debug-iphonesimulator/Auth.build/Objects-normal/arm64/Auth.swiftmodule -user-module-version 2.55.1 -validate-clang-modules-once -clang-build-session-file /tmp/morsel-286-dd/ModuleCache.noindex/Session.modulevalidation -package-name supabase_swift -Xcc -I/tmp/morsel-286-dd/Build/Intermediates.noindex/Supabase.build/Debug-iphonesimulator/Auth.build/swift-overrides.hmap -emit-const-values -Xfrontend -const-gather-protocols-file -Xfrontend /tmp/morsel-286-dd/Build/Intermediates.noindex/Supabase.build/Debug-iphonesimulator/Auth.build/Objects-normal/arm64/Auth_const_extract_protocols.json -Xcc -I/tmp/morsel-286-dd/Build/Products/Debug-iphonesimulator/include -Xcc -I/tmp/morsel-286-dd/Build/Intermediates.noindex/Supabase.build/Debug-iphonesimulator/Auth.build/DerivedSources-normal/arm64 -Xcc -I/tmp/morsel-286-dd/Build/Intermediates.noindex/Supabase.build/Debug-iphonesimulator/Auth.build/DerivedSources/arm64 -Xcc -I/tmp/morsel-286-dd/Build/Intermediates.noindex/Supabase.build/Debug-iphonesimulator/Auth.build/DerivedSources -Xcc -DSWIFT_PACKAGE -Xcc -DDEBUG\=1 -emit-objc-header -emit-objc-header-path /tmp/morsel-286-dd/Build/Intermediates.noindex/Supabase.build/Debug-iphonesimulator/Auth.build/Objects-normal/arm64/Auth-Swift.h -working-directory /tmp/morsel-286-mutation-qcdw70bm/issue-286-hero/app/Morsel.xcodeproj -experimental-emit-module-separately -disable-cmo

SwiftDriverJobDiscovery normal arm64 Compiling HPKE-KEM-Curve25519.swift, HPKE-NIST-EC-KEMs.swift, HPKE-KEM.swift, HPKE-Errors.swift, HPKE.swift, HPKE-Context.swift, HPKE-KeySchedule.swift, HPKE-Modes.swift, Insecure.swift, Insecure_HashFunctions.swift (in target 'Crypto' from project 'swift-crypto')

SwiftDriverJobDiscovery normal arm64 Compiling MLKEM_boring.swift, MLKEM_wrapper.swift, XWing_boring.swift, KEM-Errors.swift, KEM.swift, MLKEM.swift, XWing.swift, ECDH_boring.swift, DH.swift (in target 'Crypto' from project 'swift-crypto')

SwiftDriverJobDiscovery normal arm64 Compiling resource_bundle_accessor.swift, AES-GCM.swift, AES-GCM_boring.swift, ChaChaPoly_boring.swift, ChaChaPoly.swift, Cipher.swift, Nonces.swift, ASN1.swift, ASN1Any.swift, ASN1BitString.swift (in target 'Crypto' from project 'swift-crypto')

SwiftDriverJobDiscovery normal arm64 Compiling Optional+withUnsafeBytes_boring.swift, RNG_boring.swift, SafeCompare_boring.swift, Zeroization_boring.swift, _CryptoModuleAnchor.swift, PrettyBytes.swift, SafeCompare.swift, SecureBytes.swift, Zeroization.swift (in target 'Crypto' from project 'swift-crypto')

SwiftDriver\ Compilation Crypto normal arm64 com.apple.xcode.tools.swift.compiler (in target 'Crypto' from project 'swift-crypto')
    cd /tmp/morsel-286-mutation-qcdw70bm/issue-286-hero/app/Morsel.xcodeproj
    builtin-Swift-Compilation -- /Applications/Xcode.app/Contents/Developer/Toolchains/XcodeDefault.xctoolchain/usr/bin/swiftc -module-name Crypto -Onone @/tmp/morsel-286-dd/Build/Intermediates.noindex/swift-crypto.build/Debug-iphonesimulator/Crypto.build/Objects-normal/arm64/Crypto.SwiftFileList -DSWIFT_PACKAGE -DDEBUG -DSWIFT_MODULE_RESOURCE_BUNDLE_AVAILABLE -DCRYPTO_IN_SWIFTPM -DXcode -enable-upcoming-feature MemberImportVisibility -plugin-path /Applications/Xcode.app/Contents/Developer/Toolchains/XcodeDefault.xctoolchain/usr/lib/swift/host/plugins/testing -enable-experimental-feature DebugDescriptionMacro -sdk /Applications/Xcode.app/Contents/Developer/Platforms/iPhoneSimulator.platform/Developer/SDKs/iPhoneSimulator26.5.sdk -target arm64-apple-ios12.0-simulator -g -module-cache-path /tmp/morsel-286-dd/ModuleCache.noindex -Xfrontend -serialize-debugging-options -enable-testing -suppress-warnings -index-store-path /tmp/morsel-286-dd/Index.noindex/DataStore -Xcc -D_LIBCPP_HARDENING_MODE\=_LIBCPP_HARDENING_MODE_DEBUG -swift-version 6 -I /tmp/morsel-286-dd/Build/Products/Debug-iphonesimulator -Isystem /Applications/Xcode.app/Contents/Developer/Platforms/iPhoneSimulator.platform/Developer/usr/lib -F /tmp/morsel-286-dd/Build/Products/Debug-iphonesimulator -F /Applications/Xcode.app/Contents/Developer/Platforms/iPhoneSimulator.platform/Developer/Library/Frameworks -F /Applications/Xcode.app/Contents/Developer/Platforms/iPhoneSimulator.platform/Developer/SDKs/iPhoneSimulator26.5.sdk/Developer/Library/Frameworks -c -j10 -enable-batch-mode -incremental -Xcc -ivfsstatcache -Xcc /tmp/morsel-286-dd/SDKStatCaches.noindex/iphonesimulator26.5-23F81a-6cfe768891a92b912361537c460fe42b.sdkstatcache -output-file-map /tmp/morsel-286-dd/Build/Intermediates.noindex/swift-crypto.build/Debug-iphonesimulator/Crypto.build/Objects-normal/arm64/Crypto-OutputFileMap.json -use-frontend-parseable-output -save-temps -no-color-diagnostics -explicit-module-build -module-cache-path /tmp/morsel-286-dd/Build/Intermediates.noindex/SwiftExplicitPrecompiledModules -clang-scanner-module-cache-path /tmp/morsel-286-dd/ModuleCache.noindex -sdk-module-cache-path /tmp/morsel-286-dd/ModuleCache.noindex -serialize-diagnostics -emit-dependencies -emit-module -emit-module-path /tmp/morsel-286-dd/Build/Intermediates.noindex/swift-crypto.build/Debug-iphonesimulator/Crypto.build/Objects-normal/arm64/Crypto.swiftmodule -user-module-version 4.5.1 -validate-clang-modules-once -clang-build-session-file /tmp/morsel-286-dd/ModuleCache.noindex/Session.modulevalidation -package-name swift_crypto -Xcc -I/tmp/morsel-286-dd/Build/Intermediates.noindex/swift-crypto.build/Debug-iphonesimulator/Crypto.build/swift-overrides.hmap -emit-const-values -Xfrontend -const-gather-protocols-file -Xfrontend /tmp/morsel-286-dd/Build/Intermediates.noindex/swift-crypto.build/Debug-iphonesimulator/Crypto.build/Objects-normal/arm64/Crypto_const_extract_protocols.json -Xcc -I/tmp/morsel-286-dd/Build/Products/Debug-iphonesimulator/include -Xcc -I/tmp/morsel-286-dd/Build/Intermediates.noindex/swift-crypto.build/Debug-iphonesimulator/Crypto.build/DerivedSources-normal/arm64 -Xcc -I/tmp/morsel-286-dd/Build/Intermediates.noindex/swift-crypto.build/Debug-iphonesimulator/Crypto.build/DerivedSources/arm64 -Xcc -I/tmp/morsel-286-dd/Build/Intermediates.noindex/swift-crypto.build/Debug-iphonesimulator/Crypto.build/DerivedSources -Xcc -DSWIFT_PACKAGE -Xcc -DDEBUG\=1 -emit-objc-header -emit-objc-header-path /tmp/morsel-286-dd/Build/Intermediates.noindex/swift-crypto.build/Debug-iphonesimulator/Crypto.build/Objects-normal/arm64/Crypto-Swift.h -working-directory /tmp/morsel-286-mutation-qcdw70bm/issue-286-hero/app/Morsel.xcodeproj -experimental-emit-module-separately -disable-cmo

Ld /tmp/morsel-286-dd/Build/Products/Debug-iphonesimulator/Crypto.o normal (in target 'Crypto' from project 'swift-crypto')
    cd /tmp/morsel-286-dd/SourcePackages/checkouts/swift-crypto
    /Applications/Xcode.app/Contents/Developer/Toolchains/XcodeDefault.xctoolchain/usr/bin/clang -Xlinker -reproducible -target arm64-apple-ios12.0-simulator -r -isysroot /Applications/Xcode.app/Contents/Developer/Platforms/iPhoneSimulator.platform/Developer/SDKs/iPhoneSimulator26.5.sdk -O0 -w -F/tmp/morsel-286-dd/Build/Intermediates.noindex/EagerLinkingTBDs/Debug-iphonesimulator -F/tmp/morsel-286-dd/Build/Products/Debug-iphonesimulator -iframework /Applications/Xcode.app/Contents/Developer/Platforms/iPhoneSimulator.platform/Developer/Library/Frameworks -iframework /Applications/Xcode.app/Contents/Developer/Platforms/iPhoneSimulator.platform/Developer/SDKs/iPhoneSimulator26.5.sdk/Developer/Library/Frameworks -filelist /tmp/morsel-286-dd/Build/Intermediates.noindex/swift-crypto.build/Debug-iphonesimulator/Crypto.build/Objects-normal/arm64/Crypto.LinkFileList -nostdlib -Xlinker -object_path_lto -Xlinker /tmp/morsel-286-dd/Build/Intermediates.noindex/swift-crypto.build/Debug-iphonesimulator/Crypto.build/Objects-normal/arm64/Crypto_lto.o -Xlinker -no_deduplicate -Xlinker -objc_abi_version -Xlinker 2 -Xlinker -dependency_info -Xlinker /tmp/morsel-286-dd/Build/Intermediates.noindex/swift-crypto.build/Debug-iphonesimulator/Crypto.build/Objects-normal/arm64/Crypto_dependency_info.dat -fobjc-link-runtime -L/Applications/Xcode.app/Contents/Developer/Toolchains/XcodeDefault.xctoolchain/usr/lib/swift/iphonesimulator -L/usr/lib/swift -Xlinker -add_ast_path -Xlinker /tmp/morsel-286-dd/Build/Intermediates.noindex/swift-crypto.build/Debug-iphonesimulator/Crypto.build/Objects-normal/arm64/Crypto.swiftmodule @/tmp/morsel-286-dd/Build/Intermediates.noindex/swift-crypto.build/Debug-iphonesimulator/Crypto.build/Objects-normal/arm64/Crypto-linker-args.resp -o /tmp/morsel-286-dd/Build/Products/Debug-iphonesimulator/Crypto.o

SwiftEmitModule normal arm64 Emitting\ module\ for\ Auth (in target 'Auth' from project 'Supabase')

EmitSwiftModule normal arm64 (in target 'Auth' from project 'Supabase')
    cd /tmp/morsel-286-mutation-qcdw70bm/issue-286-hero/app/Morsel.xcodeproj


ExtractAppIntentsMetadata (in target 'Crypto' from project 'swift-crypto')
    cd /tmp/morsel-286-dd/SourcePackages/checkouts/swift-crypto
    /Applications/Xcode.app/Contents/Developer/Toolchains/XcodeDefault.xctoolchain/usr/bin/appintentsmetadataprocessor --toolchain-dir /Applications/Xcode.app/Contents/Developer/Toolchains/XcodeDefault.xctoolchain --module-name Crypto --sdk-root /Applications/Xcode.app/Contents/Developer/Platforms/iPhoneSimulator.platform/Developer/SDKs/iPhoneSimulator26.5.sdk --xcode-version 17F113 --platform-family iOS --deployment-target 12.0 --bundle-identifier swift-crypto.Crypto --output /tmp/morsel-286-dd/Build/Products/Debug-iphonesimulator/Crypto.appintents --target-triple arm64-apple-ios12.0-simulator --binary-file /tmp/morsel-286-dd/Build/Products/Debug-iphonesimulator/Crypto.o --dependency-file /tmp/morsel-286-dd/Build/Intermediates.noindex/swift-crypto.build/Debug-iphonesimulator/Crypto.build/Objects-normal/arm64/Crypto_dependency_info.dat --stringsdata-file /tmp/morsel-286-dd/Build/Intermediates.noindex/swift-crypto.build/Debug-iphonesimulator/Crypto.build/Objects-normal/arm64/ExtractedAppShortcutsMetadata.stringsdata --source-file-list /tmp/morsel-286-dd/Build/Intermediates.noindex/swift-crypto.build/Debug-iphonesimulator/Crypto.build/Objects-normal/arm64/Crypto.SwiftFileList --metadata-file-list /tmp/morsel-286-dd/Build/Intermediates.noindex/swift-crypto.build/Debug-iphonesimulator/Crypto.build/Crypto.DependencyMetadataFileList --static-metadata-file-list /tmp/morsel-286-dd/Build/Intermediates.noindex/swift-crypto.build/Debug-iphonesimulator/Crypto.build/Crypto.DependencyStaticMetadataFileList --swift-const-vals-list /tmp/morsel-286-dd/Build/Intermediates.noindex/swift-crypto.build/Debug-iphonesimulator/Crypto.build/Objects-normal/arm64/Crypto.SwiftConstValuesFileList --force --compile-time-extraction --deployment-aware-processing --validate-assistant-intents --no-app-shortcuts-localization
2026-09-17 12:32:53.815 appintentsmetadataprocessor[31314:12831251] Starting appintentsmetadataprocessor export
2026-09-17 12:32:53.831 appintentsmetadataprocessor[31314:12831251] Extracted no relevant App Intents symbols, skipping writing output

RegisterExecutionPolicyException /tmp/morsel-286-dd/Build/Products/Debug-iphonesimulator/Crypto.o (in target 'Crypto' from project 'swift-crypto')
    cd /tmp/morsel-286-dd/SourcePackages/checkouts/swift-crypto
    builtin-RegisterExecutionPolicyException /tmp/morsel-286-dd/Build/Products/Debug-iphonesimulator/Crypto.o

SwiftCompile normal arm64 Compiling\ FixedWidthInteger+Random.swift,\ Helpers.swift,\ JWK+RSA.swift /tmp/morsel-286-dd/SourcePackages/checkouts/supabase-swift/Sources/Auth/Internal/FixedWidthInteger+Random.swift /tmp/morsel-286-dd/SourcePackages/checkouts/supabase-swift/Sources/Auth/Internal/Helpers.swift /tmp/morsel-286-dd/SourcePackages/checkouts/supabase-swift/Sources/Auth/Internal/JWK+RSA.swift (in target 'Auth' from project 'Supabase')

SwiftCompile normal arm64 /tmp/morsel-286-dd/SourcePackages/checkouts/supabase-swift/Sources/Auth/Internal/FixedWidthInteger+Random.swift (in target 'Auth' from project 'Supabase')
    cd /tmp/morsel-286-mutation-qcdw70bm/issue-286-hero/app/Morsel.xcodeproj


SwiftCompile normal arm64 /tmp/morsel-286-dd/SourcePackages/checkouts/supabase-swift/Sources/Auth/Internal/Helpers.swift (in target 'Auth' from project 'Supabase')
    cd /tmp/morsel-286-mutation-qcdw70bm/issue-286-hero/app/Morsel.xcodeproj


SwiftCompile normal arm64 /tmp/morsel-286-dd/SourcePackages/checkouts/supabase-swift/Sources/Auth/Internal/JWK+RSA.swift (in target 'Auth' from project 'Supabase')
    cd /tmp/morsel-286-mutation-qcdw70bm/issue-286-hero/app/Morsel.xcodeproj


SwiftCompile normal arm64 Compiling\ AuthAdmin.swift,\ AuthAdminOAuth.swift,\ AuthClient.swift,\ AuthClientConfiguration.swift /tmp/morsel-286-dd/SourcePackages/checkouts/supabase-swift/Sources/Auth/AuthAdmin.swift /tmp/morsel-286-dd/SourcePackages/checkouts/supabase-swift/Sources/Auth/AuthAdminOAuth.swift /tmp/morsel-286-dd/SourcePackages/checkouts/supabase-swift/Sources/Auth/AuthClient.swift /tmp/morsel-286-dd/SourcePackages/checkouts/supabase-swift/Sources/Auth/AuthClientConfiguration.swift (in target 'Auth' from project 'Supabase')
SwiftCompile normal arm64 /tmp/morsel-286-dd/SourcePackages/checkouts/supabase-swift/Sources/Auth/AuthAdmin.swift (in target 'Auth' from project 'Supabase')
    cd /tmp/morsel-286-mutation-qcdw70bm/issue-286-hero/app/Morsel.xcodeproj


SwiftCompile normal arm64 /tmp/morsel-286-dd/SourcePackages/checkouts/supabase-swift/Sources/Auth/AuthAdminOAuth.swift (in target 'Auth' from project 'Supabase')
    cd /tmp/morsel-286-mutation-qcdw70bm/issue-286-hero/app/Morsel.xcodeproj


SwiftCompile normal arm64 /tmp/morsel-286-dd/SourcePackages/checkouts/supabase-swift/Sources/Auth/AuthClient.swift (in target 'Auth' from project 'Supabase')
    cd /tmp/morsel-286-mutation-qcdw70bm/issue-286-hero/app/Morsel.xcodeproj


SwiftCompile normal arm64 /tmp/morsel-286-dd/SourcePackages/checkouts/supabase-swift/Sources/Auth/AuthClientConfiguration.swift (in target 'Auth' from project 'Supabase')
    cd /tmp/morsel-286-mutation-qcdw70bm/issue-286-hero/app/Morsel.xcodeproj


SwiftCompile normal arm64 Compiling\ AuthError.swift,\ AuthMFA.swift,\ AuthOAuthServer.swift,\ AuthStateChangeListener.swift /tmp/morsel-286-dd/SourcePackages/checkouts/supabase-swift/Sources/Auth/AuthError.swift /tmp/morsel-286-dd/SourcePackages/checkouts/supabase-swift/Sources/Auth/AuthMFA.swift /tmp/morsel-286-dd/SourcePackages/checkouts/supabase-swift/Sources/Auth/AuthOAuthServer.swift /tmp/morsel-286-dd/SourcePackages/checkouts/supabase-swift/Sources/Auth/AuthStateChangeListener.swift (in target 'Auth' from project 'Supabase')

SwiftCompile normal arm64 /tmp/morsel-286-dd/SourcePackages/checkouts/supabase-swift/Sources/Auth/AuthError.swift (in target 'Auth' from project 'Supabase')
    cd /tmp/morsel-286-mutation-qcdw70bm/issue-286-hero/app/Morsel.xcodeproj


SwiftCompile normal arm64 /tmp/morsel-286-dd/SourcePackages/checkouts/supabase-swift/Sources/Auth/AuthMFA.swift (in target 'Auth' from project 'Supabase')
    cd /tmp/morsel-286-mutation-qcdw70bm/issue-286-hero/app/Morsel.xcodeproj


SwiftCompile normal arm64 /tmp/morsel-286-dd/SourcePackages/checkouts/supabase-swift/Sources/Auth/AuthOAuthServer.swift (in target 'Auth' from project 'Supabase')
    cd /tmp/morsel-286-mutation-qcdw70bm/issue-286-hero/app/Morsel.xcodeproj


SwiftCompile normal arm64 /tmp/morsel-286-dd/SourcePackages/checkouts/supabase-swift/Sources/Auth/AuthStateChangeListener.swift (in target 'Auth' from project 'Supabase')
    cd /tmp/morsel-286-mutation-qcdw70bm/issue-286-hero/app/Morsel.xcodeproj


SwiftCompile normal arm64 Compiling\ JWTAlgorithm.swift,\ Keychain.swift,\ PKCE.swift /tmp/morsel-286-dd/SourcePackages/checkouts/supabase-swift/Sources/Auth/Internal/JWTAlgorithm.swift /tmp/morsel-286-dd/SourcePackages/checkouts/supabase-swift/Sources/Auth/Internal/Keychain.swift /tmp/morsel-286-dd/SourcePackages/checkouts/supabase-swift/Sources/Auth/Internal/PKCE.swift (in target 'Auth' from project 'Supabase')

SwiftCompile normal arm64 /tmp/morsel-286-dd/SourcePackages/checkouts/supabase-swift/Sources/Auth/Internal/JWTAlgorithm.swift (in target 'Auth' from project 'Supabase')
    cd /tmp/morsel-286-mutation-qcdw70bm/issue-286-hero/app/Morsel.xcodeproj


SwiftCompile normal arm64 /tmp/morsel-286-dd/SourcePackages/checkouts/supabase-swift/Sources/Auth/Internal/Keychain.swift (in target 'Auth' from project 'Supabase')
    cd /tmp/morsel-286-mutation-qcdw70bm/issue-286-hero/app/Morsel.xcodeproj


SwiftCompile normal arm64 /tmp/morsel-286-dd/SourcePackages/checkouts/supabase-swift/Sources/Auth/Internal/PKCE.swift (in target 'Auth' from project 'Supabase')
    cd /tmp/morsel-286-mutation-qcdw70bm/issue-286-hero/app/Morsel.xcodeproj


SwiftCompile normal arm64 Compiling\ CodeVerifierStorage.swift,\ Constants.swift,\ Dependencies.swift,\ EventEmitter.swift /tmp/morsel-286-dd/SourcePackages/checkouts/supabase-swift/Sources/Auth/Internal/CodeVerifierStorage.swift /tmp/morsel-286-dd/SourcePackages/checkouts/supabase-swift/Sources/Auth/Internal/Constants.swift /tmp/morsel-286-dd/SourcePackages/checkouts/supabase-swift/Sources/Auth/Internal/Dependencies.swift /tmp/morsel-286-dd/SourcePackages/checkouts/supabase-swift/Sources/Auth/Internal/EventEmitter.swift (in target 'Auth' from project 'Supabase')

SwiftCompile normal arm64 /tmp/morsel-286-dd/SourcePackages/checkouts/supabase-swift/Sources/Auth/Internal/CodeVerifierStorage.swift (in target 'Auth' from project 'Supabase')
    cd /tmp/morsel-286-mutation-qcdw70bm/issue-286-hero/app/Morsel.xcodeproj


SwiftCompile normal arm64 /tmp/morsel-286-dd/SourcePackages/checkouts/supabase-swift/Sources/Auth/Internal/Constants.swift (in target 'Auth' from project 'Supabase')
    cd /tmp/morsel-286-mutation-qcdw70bm/issue-286-hero/app/Morsel.xcodeproj


SwiftCompile normal arm64 /tmp/morsel-286-dd/SourcePackages/checkouts/supabase-swift/Sources/Auth/Internal/Dependencies.swift (in target 'Auth' from project 'Supabase')
    cd /tmp/morsel-286-mutation-qcdw70bm/issue-286-hero/app/Morsel.xcodeproj


SwiftCompile normal arm64 /tmp/morsel-286-dd/SourcePackages/checkouts/supabase-swift/Sources/Auth/Internal/EventEmitter.swift (in target 'Auth' from project 'Supabase')
    cd /tmp/morsel-286-mutation-qcdw70bm/issue-286-hero/app/Morsel.xcodeproj


SwiftCompile normal arm64 Compiling\ AuthLocalStorage.swift,\ KeychainLocalStorage.swift,\ WinCredLocalStorage.swift /tmp/morsel-286-dd/SourcePackages/checkouts/supabase-swift/Sources/Auth/Storage/AuthLocalStorage.swift /tmp/morsel-286-dd/SourcePackages/checkouts/supabase-swift/Sources/Auth/Storage/KeychainLocalStorage.swift /tmp/morsel-286-dd/SourcePackages/checkouts/supabase-swift/Sources/Auth/Storage/WinCredLocalStorage.swift (in target 'Auth' from project 'Supabase')

SwiftCompile normal arm64 /tmp/morsel-286-dd/SourcePackages/checkouts/supabase-swift/Sources/Auth/Storage/AuthLocalStorage.swift (in target 'Auth' from project 'Supabase')
    cd /tmp/morsel-286-mutation-qcdw70bm/issue-286-hero/app/Morsel.xcodeproj


SwiftCompile normal arm64 /tmp/morsel-286-dd/SourcePackages/checkouts/supabase-swift/Sources/Auth/Storage/KeychainLocalStorage.swift (in target 'Auth' from project 'Supabase')
    cd /tmp/morsel-286-mutation-qcdw70bm/issue-286-hero/app/Morsel.xcodeproj


SwiftCompile normal arm64 /tmp/morsel-286-dd/SourcePackages/checkouts/supabase-swift/Sources/Auth/Storage/WinCredLocalStorage.swift (in target 'Auth' from project 'Supabase')
    cd /tmp/morsel-286-mutation-qcdw70bm/issue-286-hero/app/Morsel.xcodeproj


SwiftCompile normal arm64 Compiling\ Defaults.swift,\ Deprecated.swift,\ Exports.swift,\ APIClient.swift /tmp/morsel-286-dd/SourcePackages/checkouts/supabase-swift/Sources/Auth/Defaults.swift /tmp/morsel-286-dd/SourcePackages/checkouts/supabase-swift/Sources/Auth/Deprecated.swift /tmp/morsel-286-dd/SourcePackages/checkouts/supabase-swift/Sources/Auth/Exports.swift /tmp/morsel-286-dd/SourcePackages/checkouts/supabase-swift/Sources/Auth/Internal/APIClient.swift (in target 'Auth' from project 'Supabase')

SwiftCompile normal arm64 /tmp/morsel-286-dd/SourcePackages/checkouts/supabase-swift/Sources/Auth/Defaults.swift (in target 'Auth' from project 'Supabase')
    cd /tmp/morsel-286-mutation-qcdw70bm/issue-286-hero/app/Morsel.xcodeproj


SwiftCompile normal arm64 /tmp/morsel-286-dd/SourcePackages/checkouts/supabase-swift/Sources/Auth/Deprecated.swift (in target 'Auth' from project 'Supabase')
    cd /tmp/morsel-286-mutation-qcdw70bm/issue-286-hero/app/Morsel.xcodeproj


SwiftCompile normal arm64 /tmp/morsel-286-dd/SourcePackages/checkouts/supabase-swift/Sources/Auth/Exports.swift (in target 'Auth' from project 'Supabase')
    cd /tmp/morsel-286-mutation-qcdw70bm/issue-286-hero/app/Morsel.xcodeproj


SwiftCompile normal arm64 /tmp/morsel-286-dd/SourcePackages/checkouts/supabase-swift/Sources/Auth/Internal/APIClient.swift (in target 'Auth' from project 'Supabase')
    cd /tmp/morsel-286-mutation-qcdw70bm/issue-286-hero/app/Morsel.xcodeproj


SwiftCompile normal arm64 Compiling\ SessionManager.swift,\ SessionStorage.swift,\ URLOpener.swift /tmp/morsel-286-dd/SourcePackages/checkouts/supabase-swift/Sources/Auth/Internal/SessionManager.swift /tmp/morsel-286-dd/SourcePackages/checkouts/supabase-swift/Sources/Auth/Internal/SessionStorage.swift /tmp/morsel-286-dd/SourcePackages/checkouts/supabase-swift/Sources/Auth/Internal/URLOpener.swift (in target 'Auth' from project 'Supabase')

SwiftCompile normal arm64 /tmp/morsel-286-dd/SourcePackages/checkouts/supabase-swift/Sources/Auth/Internal/SessionManager.swift (in target 'Auth' from project 'Supabase')
    cd /tmp/morsel-286-mutation-qcdw70bm/issue-286-hero/app/Morsel.xcodeproj


SwiftCompile normal arm64 /tmp/morsel-286-dd/SourcePackages/checkouts/supabase-swift/Sources/Auth/Internal/SessionStorage.swift (in target 'Auth' from project 'Supabase')
    cd /tmp/morsel-286-mutation-qcdw70bm/issue-286-hero/app/Morsel.xcodeproj


SwiftCompile normal arm64 /tmp/morsel-286-dd/SourcePackages/checkouts/supabase-swift/Sources/Auth/Internal/URLOpener.swift (in target 'Auth' from project 'Supabase')
    cd /tmp/morsel-286-mutation-qcdw70bm/issue-286-hero/app/Morsel.xcodeproj


SwiftCompile normal arm64 Compiling\ Types.swift,\ AuthAdmin+Passkey.swift,\ AuthClient+Passkey.swift /tmp/morsel-286-dd/SourcePackages/checkouts/supabase-swift/Sources/Auth/Types.swift /tmp/morsel-286-dd/SourcePackages/checkouts/supabase-swift/Sources/Auth/WebAuthn/AuthAdmin+Passkey.swift /tmp/morsel-286-dd/SourcePackages/checkouts/supabase-swift/Sources/Auth/WebAuthn/AuthClient+Passkey.swift (in target 'Auth' from project 'Supabase')
SwiftCompile normal arm64 /tmp/morsel-286-dd/SourcePackages/checkouts/supabase-swift/Sources/Auth/Types.swift (in target 'Auth' from project 'Supabase')
    cd /tmp/morsel-286-mutation-qcdw70bm/issue-286-hero/app/Morsel.xcodeproj


SwiftCompile normal arm64 /tmp/morsel-286-dd/SourcePackages/checkouts/supabase-swift/Sources/Auth/WebAuthn/AuthAdmin+Passkey.swift (in target 'Auth' from project 'Supabase')
    cd /tmp/morsel-286-mutation-qcdw70bm/issue-286-hero/app/Morsel.xcodeproj


SwiftCompile normal arm64 /tmp/morsel-286-dd/SourcePackages/checkouts/supabase-swift/Sources/Auth/WebAuthn/AuthClient+Passkey.swift (in target 'Auth' from project 'Supabase')
    cd /tmp/morsel-286-mutation-qcdw70bm/issue-286-hero/app/Morsel.xcodeproj


SwiftCompile normal arm64 Compiling\ AuthMFA+WebAuthn.swift,\ WebAuthnAuthenticator.swift,\ WebAuthnTypes.swift /tmp/morsel-286-dd/SourcePackages/checkouts/supabase-swift/Sources/Auth/WebAuthn/AuthMFA+WebAuthn.swift /tmp/morsel-286-dd/SourcePackages/checkouts/supabase-swift/Sources/Auth/WebAuthn/WebAuthnAuthenticator.swift /tmp/morsel-286-dd/SourcePackages/checkouts/supabase-swift/Sources/Auth/WebAuthn/WebAuthnTypes.swift (in target 'Auth' from project 'Supabase')

SwiftCompile normal arm64 /tmp/morsel-286-dd/SourcePackages/checkouts/supabase-swift/Sources/Auth/WebAuthn/AuthMFA+WebAuthn.swift (in target 'Auth' from project 'Supabase')
    cd /tmp/morsel-286-mutation-qcdw70bm/issue-286-hero/app/Morsel.xcodeproj


SwiftCompile normal arm64 /tmp/morsel-286-dd/SourcePackages/checkouts/supabase-swift/Sources/Auth/WebAuthn/WebAuthnAuthenticator.swift (in target 'Auth' from project 'Supabase')
    cd /tmp/morsel-286-mutation-qcdw70bm/issue-286-hero/app/Morsel.xcodeproj


SwiftCompile normal arm64 /tmp/morsel-286-dd/SourcePackages/checkouts/supabase-swift/Sources/Auth/WebAuthn/WebAuthnTypes.swift (in target 'Auth' from project 'Supabase')
    cd /tmp/morsel-286-mutation-qcdw70bm/issue-286-hero/app/Morsel.xcodeproj


SwiftDriverJobDiscovery normal arm64 Compiling AuthLocalStorage.swift, KeychainLocalStorage.swift, WinCredLocalStorage.swift (in target 'Auth' from project 'Supabase')

SwiftDriverJobDiscovery normal arm64 Compiling JWTAlgorithm.swift, Keychain.swift, PKCE.swift (in target 'Auth' from project 'Supabase')

SwiftDriverJobDiscovery normal arm64 Compiling FixedWidthInteger+Random.swift, Helpers.swift, JWK+RSA.swift (in target 'Auth' from project 'Supabase')

SwiftDriverJobDiscovery normal arm64 Compiling CodeVerifierStorage.swift, Constants.swift, Dependencies.swift, EventEmitter.swift (in target 'Auth' from project 'Supabase')

SwiftDriverJobDiscovery normal arm64 Compiling Defaults.swift, Deprecated.swift, Exports.swift, APIClient.swift (in target 'Auth' from project 'Supabase')

SwiftDriverJobDiscovery normal arm64 Compiling SessionManager.swift, SessionStorage.swift, URLOpener.swift (in target 'Auth' from project 'Supabase')

SwiftDriverJobDiscovery normal arm64 Compiling AuthError.swift, AuthMFA.swift, AuthOAuthServer.swift, AuthStateChangeListener.swift (in target 'Auth' from project 'Supabase')

SwiftDriverJobDiscovery normal arm64 Emitting module for Auth (in target 'Auth' from project 'Supabase')

SwiftDriver\ Compilation\ Requirements Auth normal arm64 com.apple.xcode.tools.swift.compiler (in target 'Auth' from project 'Supabase')
    cd /tmp/morsel-286-mutation-qcdw70bm/issue-286-hero/app/Morsel.xcodeproj
    builtin-Swift-Compilation-Requirements -- /Applications/Xcode.app/Contents/Developer/Toolchains/XcodeDefault.xctoolchain/usr/bin/swiftc -module-name Auth -Onone @/tmp/morsel-286-dd/Build/Intermediates.noindex/Supabase.build/Debug-iphonesimulator/Auth.build/Objects-normal/arm64/Auth.SwiftFileList -DSWIFT_PACKAGE -DDEBUG -DSWIFT_MODULE_RESOURCE_BUNDLE_UNAVAILABLE -DXcode -enable-upcoming-feature ExistentialAny -enable-upcoming-feature ImmutableWeakCaptures -enable-upcoming-feature InferIsolatedConformances -enable-upcoming-feature InternalImportsByDefault -enable-upcoming-feature MemberImportVisibility -plugin-path /Applications/Xcode.app/Contents/Developer/Toolchains/XcodeDefault.xctoolchain/usr/lib/swift/host/plugins/testing -enable-experimental-feature DebugDescriptionMacro -sdk /Applications/Xcode.app/Contents/Developer/Platforms/iPhoneSimulator.platform/Developer/SDKs/iPhoneSimulator26.5.sdk -target arm64-apple-ios16.0-simulator -g -module-cache-path /tmp/morsel-286-dd/ModuleCache.noindex -Xfrontend -serialize-debugging-options -enable-testing -suppress-warnings -index-store-path /tmp/morsel-286-dd/Index.noindex/DataStore -Xcc -D_LIBCPP_HARDENING_MODE\=_LIBCPP_HARDENING_MODE_DEBUG -swift-version 6 -I /tmp/morsel-286-dd/Build/Products/Debug-iphonesimulator -Isystem /Applications/Xcode.app/Contents/Developer/Platforms/iPhoneSimulator.platform/Developer/usr/lib -F /tmp/morsel-286-dd/Build/Products/Debug-iphonesimulator/PackageFrameworks -F /tmp/morsel-286-dd/Build/Products/Debug-iphonesimulator/PackageFrameworks -F /tmp/morsel-286-dd/Build/Products/Debug-iphonesimulator/PackageFrameworks -F /tmp/morsel-286-dd/Build/Products/Debug-iphonesimulator/PackageFrameworks -F /tmp/morsel-286-dd/Build/Products/Debug-iphonesimulator/PackageFrameworks -F /tmp/morsel-286-dd/Build/Products/Debug-iphonesimulator/PackageFrameworks -F /tmp/morsel-286-dd/Build/Products/Debug-iphonesimulator/PackageFrameworks -F /tmp/morsel-286-dd/Build/Products/Debug-iphonesimulator -F /Applications/Xcode.app/Contents/Developer/Platforms/iPhoneSimulator.platform/Developer/Library/Frameworks -F /Applications/Xcode.app/Contents/Developer/Platforms/iPhoneSimulator.platform/Developer/SDKs/iPhoneSimulator26.5.sdk/Developer/Library/Frameworks -c -j10 -enable-batch-mode -incremental -Xcc -ivfsstatcache -Xcc /tmp/morsel-286-dd/SDKStatCaches.noindex/iphonesimulator26.5-23F81a-6cfe768891a92b912361537c460fe42b.sdkstatcache -output-file-map /tmp/morsel-286-dd/Build/Intermediates.noindex/Supabase.build/Debug-iphonesimulator/Auth.build/Objects-normal/arm64/Auth-OutputFileMap.json -use-frontend-parseable-output -save-temps -no-color-diagnostics -explicit-module-build -module-cache-path /tmp/morsel-286-dd/Build/Intermediates.noindex/SwiftExplicitPrecompiledModules -clang-scanner-module-cache-path /tmp/morsel-286-dd/ModuleCache.noindex -sdk-module-cache-path /tmp/morsel-286-dd/ModuleCache.noindex -serialize-diagnostics -emit-dependencies -emit-module -emit-module-path /tmp/morsel-286-dd/Build/Intermediates.noindex/Supabase.build/Debug-iphonesimulator/Auth.build/Objects-normal/arm64/Auth.swiftmodule -user-module-version 2.55.1 -validate-clang-modules-once -clang-build-session-file /tmp/morsel-286-dd/ModuleCache.noindex/Session.modulevalidation -package-name supabase_swift -Xcc -I/tmp/morsel-286-dd/Build/Intermediates.noindex/Supabase.build/Debug-iphonesimulator/Auth.build/swift-overrides.hmap -emit-const-values -Xfrontend -const-gather-protocols-file -Xfrontend /tmp/morsel-286-dd/Build/Intermediates.noindex/Supabase.build/Debug-iphonesimulator/Auth.build/Objects-normal/arm64/Auth_const_extract_protocols.json -Xcc -I/tmp/morsel-286-dd/Build/Products/Debug-iphonesimulator/include -Xcc -I/tmp/morsel-286-dd/Build/Intermediates.noindex/Supabase.build/Debug-iphonesimulator/Auth.build/DerivedSources-normal/arm64 -Xcc -I/tmp/morsel-286-dd/Build/Intermediates.noindex/Supabase.build/Debug-iphonesimulator/Auth.build/DerivedSources/arm64 -Xcc -I/tmp/morsel-286-dd/Build/Intermediates.noindex/Supabase.build/Debug-iphonesimulator/Auth.build/DerivedSources -Xcc -DSWIFT_PACKAGE -Xcc -DDEBUG\=1 -emit-objc-header -emit-objc-header-path /tmp/morsel-286-dd/Build/Intermediates.noindex/Supabase.build/Debug-iphonesimulator/Auth.build/Objects-normal/arm64/Auth-Swift.h -working-directory /tmp/morsel-286-mutation-qcdw70bm/issue-286-hero/app/Morsel.xcodeproj -experimental-emit-module-separately -disable-cmo

Copy /tmp/morsel-286-dd/Build/Products/Debug-iphonesimulator/Auth.swiftmodule/arm64-apple-ios-simulator.abi.json /tmp/morsel-286-dd/Build/Intermediates.noindex/Supabase.build/Debug-iphonesimulator/Auth.build/Objects-normal/arm64/Auth.abi.json (in target 'Auth' from project 'Supabase')
    cd /tmp/morsel-286-dd/SourcePackages/checkouts/supabase-swift
    builtin-copy -exclude .DS_Store -exclude CVS -exclude .svn -exclude .git -exclude .hg -resolve-src-symlinks -rename /tmp/morsel-286-dd/Build/Intermediates.noindex/Supabase.build/Debug-iphonesimulator/Auth.build/Objects-normal/arm64/Auth.abi.json /tmp/morsel-286-dd/Build/Products/Debug-iphonesimulator/Auth.swiftmodule/arm64-apple-ios-simulator.abi.json

Copy /tmp/morsel-286-dd/Build/Products/Debug-iphonesimulator/Auth.swiftmodule/arm64-apple-ios-simulator.swiftmodule /tmp/morsel-286-dd/Build/Intermediates.noindex/Supabase.build/Debug-iphonesimulator/Auth.build/Objects-normal/arm64/Auth.swiftmodule (in target 'Auth' from project 'Supabase')
    cd /tmp/morsel-286-dd/SourcePackages/checkouts/supabase-swift
    builtin-copy -exclude .DS_Store -exclude CVS -exclude .svn -exclude .git -exclude .hg -resolve-src-symlinks -rename /tmp/morsel-286-dd/Build/Intermediates.noindex/Supabase.build/Debug-iphonesimulator/Auth.build/Objects-normal/arm64/Auth.swiftmodule /tmp/morsel-286-dd/Build/Products/Debug-iphonesimulator/Auth.swiftmodule/arm64-apple-ios-simulator.swiftmodule

SwiftDriverJobDiscovery normal arm64 Compiling AuthMFA+WebAuthn.swift, WebAuthnAuthenticator.swift, WebAuthnTypes.swift (in target 'Auth' from project 'Supabase')

SwiftDriver Functions normal arm64 com.apple.xcode.tools.swift.compiler (in target 'Functions' from project 'Supabase')
    cd /tmp/morsel-286-mutation-qcdw70bm/issue-286-hero/app/Morsel.xcodeproj
    builtin-SwiftDriver -- /Applications/Xcode.app/Contents/Developer/Toolchains/XcodeDefault.xctoolchain/usr/bin/swiftc -module-name Functions -Onone @/tmp/morsel-286-dd/Build/Intermediates.noindex/Supabase.build/Debug-iphonesimulator/Functions.build/Objects-normal/arm64/Functions.SwiftFileList -DSWIFT_PACKAGE -DDEBUG -DSWIFT_MODULE_RESOURCE_BUNDLE_UNAVAILABLE -DXcode -enable-upcoming-feature ExistentialAny -enable-upcoming-feature ImmutableWeakCaptures -enable-upcoming-feature InferIsolatedConformances -enable-upcoming-feature InternalImportsByDefault -enable-upcoming-feature MemberImportVisibility -plugin-path /Applications/Xcode.app/Contents/Developer/Toolchains/XcodeDefault.xctoolchain/usr/lib/swift/host/plugins/testing -enable-experimental-feature DebugDescriptionMacro -sdk /Applications/Xcode.app/Contents/Developer/Platforms/iPhoneSimulator.platform/Developer/SDKs/iPhoneSimulator26.5.sdk -target arm64-apple-ios16.0-simulator -g -module-cache-path /tmp/morsel-286-dd/ModuleCache.noindex -Xfrontend -serialize-debugging-options -enable-testing -suppress-warnings -index-store-path /tmp/morsel-286-dd/Index.noindex/DataStore -Xcc -D_LIBCPP_HARDENING_MODE\=_LIBCPP_HARDENING_MODE_DEBUG -swift-version 6 -I /tmp/morsel-286-dd/Build/Products/Debug-iphonesimulator -Isystem /Applications/Xcode.app/Contents/Developer/Platforms/iPhoneSimulator.platform/Developer/usr/lib -F /tmp/morsel-286-dd/Build/Products/Debug-iphonesimulator/PackageFrameworks -F /tmp/morsel-286-dd/Build/Products/Debug-iphonesimulator/PackageFrameworks -F /tmp/morsel-286-dd/Build/Products/Debug-iphonesimulator/PackageFrameworks -F /tmp/morsel-286-dd/Build/Products/Debug-iphonesimulator/PackageFrameworks -F /tmp/morsel-286-dd/Build/Products/Debug-iphonesimulator/PackageFrameworks -F /tmp/morsel-286-dd/Build/Products/Debug-iphonesimulator/PackageFrameworks -F /tmp/morsel-286-dd/Build/Products/Debug-iphonesimulator -F /Applications/Xcode.app/Contents/Developer/Platforms/iPhoneSimulator.platform/Developer/Library/Frameworks -F /Applications/Xcode.app/Contents/Developer/Platforms/iPhoneSimulator.platform/Developer/SDKs/iPhoneSimulator26.5.sdk/Developer/Library/Frameworks -c -j10 -enable-batch-mode -incremental -Xcc -ivfsstatcache -Xcc /tmp/morsel-286-dd/SDKStatCaches.noindex/iphonesimulator26.5-23F81a-6cfe768891a92b912361537c460fe42b.sdkstatcache -output-file-map /tmp/morsel-286-dd/Build/Intermediates.noindex/Supabase.build/Debug-iphonesimulator/Functions.build/Objects-normal/arm64/Functions-OutputFileMap.json -use-frontend-parseable-output -save-temps -no-color-diagnostics -explicit-module-build -module-cache-path /tmp/morsel-286-dd/Build/Intermediates.noindex/SwiftExplicitPrecompiledModules -clang-scanner-module-cache-path /tmp/morsel-286-dd/ModuleCache.noindex -sdk-module-cache-path /tmp/morsel-286-dd/ModuleCache.noindex -serialize-diagnostics -emit-dependencies -emit-module -emit-module-path /tmp/morsel-286-dd/Build/Intermediates.noindex/Supabase.build/Debug-iphonesimulator/Functions.build/Objects-normal/arm64/Functions.swiftmodule -user-module-version 2.55.1 -validate-clang-modules-once -clang-build-session-file /tmp/morsel-286-dd/ModuleCache.noindex/Session.modulevalidation -package-name supabase_swift -Xcc -I/tmp/morsel-286-dd/Build/Intermediates.noindex/Supabase.build/Debug-iphonesimulator/Functions.build/swift-overrides.hmap -emit-const-values -Xfrontend -const-gather-protocols-file -Xfrontend /tmp/morsel-286-dd/Build/Intermediates.noindex/Supabase.build/Debug-iphonesimulator/Functions.build/Objects-normal/arm64/Functions_const_extract_protocols.json -Xcc -I/tmp/morsel-286-dd/Build/Products/Debug-iphonesimulator/include -Xcc -I/tmp/morsel-286-dd/Build/Intermediates.noindex/Supabase.build/Debug-iphonesimulator/Functions.build/DerivedSources-normal/arm64 -Xcc -I/tmp/morsel-286-dd/Build/Intermediates.noindex/Supabase.build/Debug-iphonesimulator/Functions.build/DerivedSources/arm64 -Xcc -I/tmp/morsel-286-dd/Build/Intermediates.noindex/Supabase.build/Debug-iphonesimulator/Functions.build/DerivedSources -Xcc -DSWIFT_PACKAGE -Xcc -DDEBUG\=1 -emit-objc-header -emit-objc-header-path /tmp/morsel-286-dd/Build/Intermediates.noindex/Supabase.build/Debug-iphonesimulator/Functions.build/Objects-normal/arm64/Functions-Swift.h -working-directory /tmp/morsel-286-mutation-qcdw70bm/issue-286-hero/app/Morsel.xcodeproj -experimental-emit-module-separately -disable-cmo

SwiftEmitModule normal arm64 Emitting\ module\ for\ Functions (in target 'Functions' from project 'Supabase')

EmitSwiftModule normal arm64 (in target 'Functions' from project 'Supabase')
    cd /tmp/morsel-286-mutation-qcdw70bm/issue-286-hero/app/Morsel.xcodeproj


SwiftDriverJobDiscovery normal arm64 Emitting module for Functions (in target 'Functions' from project 'Supabase')

SwiftDriver\ Compilation\ Requirements Functions normal arm64 com.apple.xcode.tools.swift.compiler (in target 'Functions' from project 'Supabase')
    cd /tmp/morsel-286-mutation-qcdw70bm/issue-286-hero/app/Morsel.xcodeproj
    builtin-Swift-Compilation-Requirements -- /Applications/Xcode.app/Contents/Developer/Toolchains/XcodeDefault.xctoolchain/usr/bin/swiftc -module-name Functions -Onone @/tmp/morsel-286-dd/Build/Intermediates.noindex/Supabase.build/Debug-iphonesimulator/Functions.build/Objects-normal/arm64/Functions.SwiftFileList -DSWIFT_PACKAGE -DDEBUG -DSWIFT_MODULE_RESOURCE_BUNDLE_UNAVAILABLE -DXcode -enable-upcoming-feature ExistentialAny -enable-upcoming-feature ImmutableWeakCaptures -enable-upcoming-feature InferIsolatedConformances -enable-upcoming-feature InternalImportsByDefault -enable-upcoming-feature MemberImportVisibility -plugin-path /Applications/Xcode.app/Contents/Developer/Toolchains/XcodeDefault.xctoolchain/usr/lib/swift/host/plugins/testing -enable-experimental-feature DebugDescriptionMacro -sdk /Applications/Xcode.app/Contents/Developer/Platforms/iPhoneSimulator.platform/Developer/SDKs/iPhoneSimulator26.5.sdk -target arm64-apple-ios16.0-simulator -g -module-cache-path /tmp/morsel-286-dd/ModuleCache.noindex -Xfrontend -serialize-debugging-options -enable-testing -suppress-warnings -index-store-path /tmp/morsel-286-dd/Index.noindex/DataStore -Xcc -D_LIBCPP_HARDENING_MODE\=_LIBCPP_HARDENING_MODE_DEBUG -swift-version 6 -I /tmp/morsel-286-dd/Build/Products/Debug-iphonesimulator -Isystem /Applications/Xcode.app/Contents/Developer/Platforms/iPhoneSimulator.platform/Developer/usr/lib -F /tmp/morsel-286-dd/Build/Products/Debug-iphonesimulator/PackageFrameworks -F /tmp/morsel-286-dd/Build/Products/Debug-iphonesimulator/PackageFrameworks -F /tmp/morsel-286-dd/Build/Products/Debug-iphonesimulator/PackageFrameworks -F /tmp/morsel-286-dd/Build/Products/Debug-iphonesimulator/PackageFrameworks -F /tmp/morsel-286-dd/Build/Products/Debug-iphonesimulator/PackageFrameworks -F /tmp/morsel-286-dd/Build/Products/Debug-iphonesimulator/PackageFrameworks -F /tmp/morsel-286-dd/Build/Products/Debug-iphonesimulator -F /Applications/Xcode.app/Contents/Developer/Platforms/iPhoneSimulator.platform/Developer/Library/Frameworks -F /Applications/Xcode.app/Contents/Developer/Platforms/iPhoneSimulator.platform/Developer/SDKs/iPhoneSimulator26.5.sdk/Developer/Library/Frameworks -c -j10 -enable-batch-mode -incremental -Xcc -ivfsstatcache -Xcc /tmp/morsel-286-dd/SDKStatCaches.noindex/iphonesimulator26.5-23F81a-6cfe768891a92b912361537c460fe42b.sdkstatcache -output-file-map /tmp/morsel-286-dd/Build/Intermediates.noindex/Supabase.build/Debug-iphonesimulator/Functions.build/Objects-normal/arm64/Functions-OutputFileMap.json -use-frontend-parseable-output -save-temps -no-color-diagnostics -explicit-module-build -module-cache-path /tmp/morsel-286-dd/Build/Intermediates.noindex/SwiftExplicitPrecompiledModules -clang-scanner-module-cache-path /tmp/morsel-286-dd/ModuleCache.noindex -sdk-module-cache-path /tmp/morsel-286-dd/ModuleCache.noindex -serialize-diagnostics -emit-dependencies -emit-module -emit-module-path /tmp/morsel-286-dd/Build/Intermediates.noindex/Supabase.build/Debug-iphonesimulator/Functions.build/Objects-normal/arm64/Functions.swiftmodule -user-module-version 2.55.1 -validate-clang-modules-once -clang-build-session-file /tmp/morsel-286-dd/ModuleCache.noindex/Session.modulevalidation -package-name supabase_swift -Xcc -I/tmp/morsel-286-dd/Build/Intermediates.noindex/Supabase.build/Debug-iphonesimulator/Functions.build/swift-overrides.hmap -emit-const-values -Xfrontend -const-gather-protocols-file -Xfrontend /tmp/morsel-286-dd/Build/Intermediates.noindex/Supabase.build/Debug-iphonesimulator/Functions.build/Objects-normal/arm64/Functions_const_extract_protocols.json -Xcc -I/tmp/morsel-286-dd/Build/Products/Debug-iphonesimulator/include -Xcc -I/tmp/morsel-286-dd/Build/Intermediates.noindex/Supabase.build/Debug-iphonesimulator/Functions.build/DerivedSources-normal/arm64 -Xcc -I/tmp/morsel-286-dd/Build/Intermediates.noindex/Supabase.build/Debug-iphonesimulator/Functions.build/DerivedSources/arm64 -Xcc -I/tmp/morsel-286-dd/Build/Intermediates.noindex/Supabase.build/Debug-iphonesimulator/Functions.build/DerivedSources -Xcc -DSWIFT_PACKAGE -Xcc -DDEBUG\=1 -emit-objc-header -emit-objc-header-path /tmp/morsel-286-dd/Build/Intermediates.noindex/Supabase.build/Debug-iphonesimulator/Functions.build/Objects-normal/arm64/Functions-Swift.h -working-directory /tmp/morsel-286-mutation-qcdw70bm/issue-286-hero/app/Morsel.xcodeproj -experimental-emit-module-separately -disable-cmo

Copy /tmp/morsel-286-dd/Build/Products/Debug-iphonesimulator/Functions.swiftmodule/arm64-apple-ios-simulator.abi.json /tmp/morsel-286-dd/Build/Intermediates.noindex/Supabase.build/Debug-iphonesimulator/Functions.build/Objects-normal/arm64/Functions.abi.json (in target 'Functions' from project 'Supabase')
    cd /tmp/morsel-286-dd/SourcePackages/checkouts/supabase-swift
    builtin-copy -exclude .DS_Store -exclude CVS -exclude .svn -exclude .git -exclude .hg -resolve-src-symlinks -rename /tmp/morsel-286-dd/Build/Intermediates.noindex/Supabase.build/Debug-iphonesimulator/Functions.build/Objects-normal/arm64/Functions.abi.json /tmp/morsel-286-dd/Build/Products/Debug-iphonesimulator/Functions.swiftmodule/arm64-apple-ios-simulator.abi.json

Copy /tmp/morsel-286-dd/Build/Products/Debug-iphonesimulator/Functions.swiftmodule/arm64-apple-ios-simulator.swiftmodule /tmp/morsel-286-dd/Build/Intermediates.noindex/Supabase.build/Debug-iphonesimulator/Functions.build/Objects-normal/arm64/Functions.swiftmodule (in target 'Functions' from project 'Supabase')
    cd /tmp/morsel-286-dd/SourcePackages/checkouts/supabase-swift
    builtin-copy -exclude .DS_Store -exclude CVS -exclude .svn -exclude .git -exclude .hg -resolve-src-symlinks -rename /tmp/morsel-286-dd/Build/Intermediates.noindex/Supabase.build/Debug-iphonesimulator/Functions.build/Objects-normal/arm64/Functions.swiftmodule /tmp/morsel-286-dd/Build/Products/Debug-iphonesimulator/Functions.swiftmodule/arm64-apple-ios-simulator.swiftmodule

SwiftDriver PostgREST normal arm64 com.apple.xcode.tools.swift.compiler (in target 'PostgREST' from project 'Supabase')
    cd /tmp/morsel-286-mutation-qcdw70bm/issue-286-hero/app/Morsel.xcodeproj
    builtin-SwiftDriver -- /Applications/Xcode.app/Contents/Developer/Toolchains/XcodeDefault.xctoolchain/usr/bin/swiftc -module-name PostgREST -Onone @/tmp/morsel-286-dd/Build/Intermediates.noindex/Supabase.build/Debug-iphonesimulator/PostgREST.build/Objects-normal/arm64/PostgREST.SwiftFileList -DSWIFT_PACKAGE -DDEBUG -DSWIFT_MODULE_RESOURCE_BUNDLE_UNAVAILABLE -DXcode -enable-upcoming-feature ExistentialAny -enable-upcoming-feature ImmutableWeakCaptures -enable-upcoming-feature InferIsolatedConformances -enable-upcoming-feature InternalImportsByDefault -enable-upcoming-feature MemberImportVisibility -plugin-path /Applications/Xcode.app/Contents/Developer/Toolchains/XcodeDefault.xctoolchain/usr/lib/swift/host/plugins/testing -enable-experimental-feature DebugDescriptionMacro -sdk /Applications/Xcode.app/Contents/Developer/Platforms/iPhoneSimulator.platform/Developer/SDKs/iPhoneSimulator26.5.sdk -target arm64-apple-ios16.0-simulator -g -module-cache-path /tmp/morsel-286-dd/ModuleCache.noindex -Xfrontend -serialize-debugging-options -enable-testing -suppress-warnings -index-store-path /tmp/morsel-286-dd/Index.noindex/DataStore -Xcc -D_LIBCPP_HARDENING_MODE\=_LIBCPP_HARDENING_MODE_DEBUG -swift-version 6 -I /tmp/morsel-286-dd/Build/Products/Debug-iphonesimulator -Isystem /Applications/Xcode.app/Contents/Developer/Platforms/iPhoneSimulator.platform/Developer/usr/lib -F /tmp/morsel-286-dd/Build/Products/Debug-iphonesimulator/PackageFrameworks -F /tmp/morsel-286-dd/Build/Products/Debug-iphonesimulator/PackageFrameworks -F /tmp/morsel-286-dd/Build/Products/Debug-iphonesimulator/PackageFrameworks -F /tmp/morsel-286-dd/Build/Products/Debug-iphonesimulator/PackageFrameworks -F /tmp/morsel-286-dd/Build/Products/Debug-iphonesimulator/PackageFrameworks -F /tmp/morsel-286-dd/Build/Products/Debug-iphonesimulator/PackageFrameworks -F /tmp/morsel-286-dd/Build/Products/Debug-iphonesimulator -F /Applications/Xcode.app/Contents/Developer/Platforms/iPhoneSimulator.platform/Developer/Library/Frameworks -F /Applications/Xcode.app/Contents/Developer/Platforms/iPhoneSimulator.platform/Developer/SDKs/iPhoneSimulator26.5.sdk/Developer/Library/Frameworks -c -j10 -enable-batch-mode -incremental -Xcc -ivfsstatcache -Xcc /tmp/morsel-286-dd/SDKStatCaches.noindex/iphonesimulator26.5-23F81a-6cfe768891a92b912361537c460fe42b.sdkstatcache -output-file-map /tmp/morsel-286-dd/Build/Intermediates.noindex/Supabase.build/Debug-iphonesimulator/PostgREST.build/Objects-normal/arm64/PostgREST-OutputFileMap.json -use-frontend-parseable-output -save-temps -no-color-diagnostics -explicit-module-build -module-cache-path /tmp/morsel-286-dd/Build/Intermediates.noindex/SwiftExplicitPrecompiledModules -clang-scanner-module-cache-path /tmp/morsel-286-dd/ModuleCache.noindex -sdk-module-cache-path /tmp/morsel-286-dd/ModuleCache.noindex -serialize-diagnostics -emit-dependencies -emit-module -emit-module-path /tmp/morsel-286-dd/Build/Intermediates.noindex/Supabase.build/Debug-iphonesimulator/PostgREST.build/Objects-normal/arm64/PostgREST.swiftmodule -user-module-version 2.55.1 -validate-clang-modules-once -clang-build-session-file /tmp/morsel-286-dd/ModuleCache.noindex/Session.modulevalidation -package-name supabase_swift -Xcc -I/tmp/morsel-286-dd/Build/Intermediates.noindex/Supabase.build/Debug-iphonesimulator/PostgREST.build/swift-overrides.hmap -emit-const-values -Xfrontend -const-gather-protocols-file -Xfrontend /tmp/morsel-286-dd/Build/Intermediates.noindex/Supabase.build/Debug-iphonesimulator/PostgREST.build/Objects-normal/arm64/PostgREST_const_extract_protocols.json -Xcc -I/tmp/morsel-286-dd/Build/Products/Debug-iphonesimulator/include -Xcc -I/tmp/morsel-286-dd/Build/Intermediates.noindex/Supabase.build/Debug-iphonesimulator/PostgREST.build/DerivedSources-normal/arm64 -Xcc -I/tmp/morsel-286-dd/Build/Intermediates.noindex/Supabase.build/Debug-iphonesimulator/PostgREST.build/DerivedSources/arm64 -Xcc -I/tmp/morsel-286-dd/Build/Intermediates.noindex/Supabase.build/Debug-iphonesimulator/PostgREST.build/DerivedSources -Xcc -DSWIFT_PACKAGE -Xcc -DDEBUG\=1 -emit-objc-header -emit-objc-header-path /tmp/morsel-286-dd/Build/Intermediates.noindex/Supabase.build/Debug-iphonesimulator/PostgREST.build/Objects-normal/arm64/PostgREST-Swift.h -working-directory /tmp/morsel-286-mutation-qcdw70bm/issue-286-hero/app/Morsel.xcodeproj -experimental-emit-module-separately -disable-cmo

SwiftEmitModule normal arm64 Emitting\ module\ for\ PostgREST (in target 'PostgREST' from project 'Supabase')

EmitSwiftModule normal arm64 (in target 'PostgREST' from project 'Supabase')
    cd /tmp/morsel-286-mutation-qcdw70bm/issue-286-hero/app/Morsel.xcodeproj


SwiftDriverJobDiscovery normal arm64 Emitting module for PostgREST (in target 'PostgREST' from project 'Supabase')

SwiftDriver\ Compilation\ Requirements PostgREST normal arm64 com.apple.xcode.tools.swift.compiler (in target 'PostgREST' from project 'Supabase')
    cd /tmp/morsel-286-mutation-qcdw70bm/issue-286-hero/app/Morsel.xcodeproj
    builtin-Swift-Compilation-Requirements -- /Applications/Xcode.app/Contents/Developer/Toolchains/XcodeDefault.xctoolchain/usr/bin/swiftc -module-name PostgREST -Onone @/tmp/morsel-286-dd/Build/Intermediates.noindex/Supabase.build/Debug-iphonesimulator/PostgREST.build/Objects-normal/arm64/PostgREST.SwiftFileList -DSWIFT_PACKAGE -DDEBUG -DSWIFT_MODULE_RESOURCE_BUNDLE_UNAVAILABLE -DXcode -enable-upcoming-feature ExistentialAny -enable-upcoming-feature ImmutableWeakCaptures -enable-upcoming-feature InferIsolatedConformances -enable-upcoming-feature InternalImportsByDefault -enable-upcoming-feature MemberImportVisibility -plugin-path /Applications/Xcode.app/Contents/Developer/Toolchains/XcodeDefault.xctoolchain/usr/lib/swift/host/plugins/testing -enable-experimental-feature DebugDescriptionMacro -sdk /Applications/Xcode.app/Contents/Developer/Platforms/iPhoneSimulator.platform/Developer/SDKs/iPhoneSimulator26.5.sdk -target arm64-apple-ios16.0-simulator -g -module-cache-path /tmp/morsel-286-dd/ModuleCache.noindex -Xfrontend -serialize-debugging-options -enable-testing -suppress-warnings -index-store-path /tmp/morsel-286-dd/Index.noindex/DataStore -Xcc -D_LIBCPP_HARDENING_MODE\=_LIBCPP_HARDENING_MODE_DEBUG -swift-version 6 -I /tmp/morsel-286-dd/Build/Products/Debug-iphonesimulator -Isystem /Applications/Xcode.app/Contents/Developer/Platforms/iPhoneSimulator.platform/Developer/usr/lib -F /tmp/morsel-286-dd/Build/Products/Debug-iphonesimulator/PackageFrameworks -F /tmp/morsel-286-dd/Build/Products/Debug-iphonesimulator/PackageFrameworks -F /tmp/morsel-286-dd/Build/Products/Debug-iphonesimulator/PackageFrameworks -F /tmp/morsel-286-dd/Build/Products/Debug-iphonesimulator/PackageFrameworks -F /tmp/morsel-286-dd/Build/Products/Debug-iphonesimulator/PackageFrameworks -F /tmp/morsel-286-dd/Build/Products/Debug-iphonesimulator/PackageFrameworks -F /tmp/morsel-286-dd/Build/Products/Debug-iphonesimulator -F /Applications/Xcode.app/Contents/Developer/Platforms/iPhoneSimulator.platform/Developer/Library/Frameworks -F /Applications/Xcode.app/Contents/Developer/Platforms/iPhoneSimulator.platform/Developer/SDKs/iPhoneSimulator26.5.sdk/Developer/Library/Frameworks -c -j10 -enable-batch-mode -incremental -Xcc -ivfsstatcache -Xcc /tmp/morsel-286-dd/SDKStatCaches.noindex/iphonesimulator26.5-23F81a-6cfe768891a92b912361537c460fe42b.sdkstatcache -output-file-map /tmp/morsel-286-dd/Build/Intermediates.noindex/Supabase.build/Debug-iphonesimulator/PostgREST.build/Objects-normal/arm64/PostgREST-OutputFileMap.json -use-frontend-parseable-output -save-temps -no-color-diagnostics -explicit-module-build -module-cache-path /tmp/morsel-286-dd/Build/Intermediates.noindex/SwiftExplicitPrecompiledModules -clang-scanner-module-cache-path /tmp/morsel-286-dd/ModuleCache.noindex -sdk-module-cache-path /tmp/morsel-286-dd/ModuleCache.noindex -serialize-diagnostics -emit-dependencies -emit-module -emit-module-path /tmp/morsel-286-dd/Build/Intermediates.noindex/Supabase.build/Debug-iphonesimulator/PostgREST.build/Objects-normal/arm64/PostgREST.swiftmodule -user-module-version 2.55.1 -validate-clang-modules-once -clang-build-session-file /tmp/morsel-286-dd/ModuleCache.noindex/Session.modulevalidation -package-name supabase_swift -Xcc -I/tmp/morsel-286-dd/Build/Intermediates.noindex/Supabase.build/Debug-iphonesimulator/PostgREST.build/swift-overrides.hmap -emit-const-values -Xfrontend -const-gather-protocols-file -Xfrontend /tmp/morsel-286-dd/Build/Intermediates.noindex/Supabase.build/Debug-iphonesimulator/PostgREST.build/Objects-normal/arm64/PostgREST_const_extract_protocols.json -Xcc -I/tmp/morsel-286-dd/Build/Products/Debug-iphonesimulator/include -Xcc -I/tmp/morsel-286-dd/Build/Intermediates.noindex/Supabase.build/Debug-iphonesimulator/PostgREST.build/DerivedSources-normal/arm64 -Xcc -I/tmp/morsel-286-dd/Build/Intermediates.noindex/Supabase.build/Debug-iphonesimulator/PostgREST.build/DerivedSources/arm64 -Xcc -I/tmp/morsel-286-dd/Build/Intermediates.noindex/Supabase.build/Debug-iphonesimulator/PostgREST.build/DerivedSources -Xcc -DSWIFT_PACKAGE -Xcc -DDEBUG\=1 -emit-objc-header -emit-objc-header-path /tmp/morsel-286-dd/Build/Intermediates.noindex/Supabase.build/Debug-iphonesimulator/PostgREST.build/Objects-normal/arm64/PostgREST-Swift.h -working-directory /tmp/morsel-286-mutation-qcdw70bm/issue-286-hero/app/Morsel.xcodeproj -experimental-emit-module-separately -disable-cmo

Copy /tmp/morsel-286-dd/Build/Products/Debug-iphonesimulator/PostgREST.swiftmodule/arm64-apple-ios-simulator.abi.json /tmp/morsel-286-dd/Build/Intermediates.noindex/Supabase.build/Debug-iphonesimulator/PostgREST.build/Objects-normal/arm64/PostgREST.abi.json (in target 'PostgREST' from project 'Supabase')
    cd /tmp/morsel-286-dd/SourcePackages/checkouts/supabase-swift
    builtin-copy -exclude .DS_Store -exclude CVS -exclude .svn -exclude .git -exclude .hg -resolve-src-symlinks -rename /tmp/morsel-286-dd/Build/Intermediates.noindex/Supabase.build/Debug-iphonesimulator/PostgREST.build/Objects-normal/arm64/PostgREST.abi.json /tmp/morsel-286-dd/Build/Products/Debug-iphonesimulator/PostgREST.swiftmodule/arm64-apple-ios-simulator.abi.json

Copy /tmp/morsel-286-dd/Build/Products/Debug-iphonesimulator/PostgREST.swiftmodule/arm64-apple-ios-simulator.swiftmodule /tmp/morsel-286-dd/Build/Intermediates.noindex/Supabase.build/Debug-iphonesimulator/PostgREST.build/Objects-normal/arm64/PostgREST.swiftmodule (in target 'PostgREST' from project 'Supabase')
    cd /tmp/morsel-286-dd/SourcePackages/checkouts/supabase-swift
    builtin-copy -exclude .DS_Store -exclude CVS -exclude .svn -exclude .git -exclude .hg -resolve-src-symlinks -rename /tmp/morsel-286-dd/Build/Intermediates.noindex/Supabase.build/Debug-iphonesimulator/PostgREST.build/Objects-normal/arm64/PostgREST.swiftmodule /tmp/morsel-286-dd/Build/Products/Debug-iphonesimulator/PostgREST.swiftmodule/arm64-apple-ios-simulator.swiftmodule

SwiftDriver RealtimeV2 normal arm64 com.apple.xcode.tools.swift.compiler (in target 'RealtimeV2' from project 'Supabase')
    cd /tmp/morsel-286-mutation-qcdw70bm/issue-286-hero/app/Morsel.xcodeproj
    builtin-SwiftDriver -- /Applications/Xcode.app/Contents/Developer/Toolchains/XcodeDefault.xctoolchain/usr/bin/swiftc -module-name RealtimeV2 -Onone @/tmp/morsel-286-dd/Build/Intermediates.noindex/Supabase.build/Debug-iphonesimulator/RealtimeV2.build/Objects-normal/arm64/RealtimeV2.SwiftFileList -DSWIFT_PACKAGE -DDEBUG -DSWIFT_MODULE_RESOURCE_BUNDLE_UNAVAILABLE -DXcode -enable-upcoming-feature ExistentialAny -enable-upcoming-feature ImmutableWeakCaptures -enable-upcoming-feature InferIsolatedConformances -enable-upcoming-feature InternalImportsByDefault -enable-upcoming-feature MemberImportVisibility -plugin-path /Applications/Xcode.app/Contents/Developer/Toolchains/XcodeDefault.xctoolchain/usr/lib/swift/host/plugins/testing -enable-experimental-feature DebugDescriptionMacro -sdk /Applications/Xcode.app/Contents/Developer/Platforms/iPhoneSimulator.platform/Developer/SDKs/iPhoneSimulator26.5.sdk -target arm64-apple-ios16.0-simulator -g -module-cache-path /tmp/morsel-286-dd/ModuleCache.noindex -Xfrontend -serialize-debugging-options -enable-testing -suppress-warnings -index-store-path /tmp/morsel-286-dd/Index.noindex/DataStore -Xcc -D_LIBCPP_HARDENING_MODE\=_LIBCPP_HARDENING_MODE_DEBUG -swift-version 6 -I /tmp/morsel-286-dd/Build/Products/Debug-iphonesimulator -Isystem /Applications/Xcode.app/Contents/Developer/Platforms/iPhoneSimulator.platform/Developer/usr/lib -F /tmp/morsel-286-dd/Build/Products/Debug-iphonesimulator/PackageFrameworks -F /tmp/morsel-286-dd/Build/Products/Debug-iphonesimulator/PackageFrameworks -F /tmp/morsel-286-dd/Build/Products/Debug-iphonesimulator/PackageFrameworks -F /tmp/morsel-286-dd/Build/Products/Debug-iphonesimulator/PackageFrameworks -F /tmp/morsel-286-dd/Build/Products/Debug-iphonesimulator/PackageFrameworks -F /tmp/morsel-286-dd/Build/Products/Debug-iphonesimulator/PackageFrameworks -F /tmp/morsel-286-dd/Build/Products/Debug-iphonesimulator -F /Applications/Xcode.app/Contents/Developer/Platforms/iPhoneSimulator.platform/Developer/Library/Frameworks -F /Applications/Xcode.app/Contents/Developer/Platforms/iPhoneSimulator.platform/Developer/SDKs/iPhoneSimulator26.5.sdk/Developer/Library/Frameworks -c -j10 -enable-batch-mode -incremental -Xcc -ivfsstatcache -Xcc /tmp/morsel-286-dd/SDKStatCaches.noindex/iphonesimulator26.5-23F81a-6cfe768891a92b912361537c460fe42b.sdkstatcache -output-file-map /tmp/morsel-286-dd/Build/Intermediates.noindex/Supabase.build/Debug-iphonesimulator/RealtimeV2.build/Objects-normal/arm64/RealtimeV2-OutputFileMap.json -use-frontend-parseable-output -save-temps -no-color-diagnostics -explicit-module-build -module-cache-path /tmp/morsel-286-dd/Build/Intermediates.noindex/SwiftExplicitPrecompiledModules -clang-scanner-module-cache-path /tmp/morsel-286-dd/ModuleCache.noindex -sdk-module-cache-path /tmp/morsel-286-dd/ModuleCache.noindex -serialize-diagnostics -emit-dependencies -emit-module -emit-module-path /tmp/morsel-286-dd/Build/Intermediates.noindex/Supabase.build/Debug-iphonesimulator/RealtimeV2.build/Objects-normal/arm64/RealtimeV2.swiftmodule -user-module-version 2.55.1 -validate-clang-modules-once -clang-build-session-file /tmp/morsel-286-dd/ModuleCache.noindex/Session.modulevalidation -package-name supabase_swift -Xcc -I/tmp/morsel-286-dd/Build/Intermediates.noindex/Supabase.build/Debug-iphonesimulator/RealtimeV2.build/swift-overrides.hmap -emit-const-values -Xfrontend -const-gather-protocols-file -Xfrontend /tmp/morsel-286-dd/Build/Intermediates.noindex/Supabase.build/Debug-iphonesimulator/RealtimeV2.build/Objects-normal/arm64/RealtimeV2_const_extract_protocols.json -Xcc -I/tmp/morsel-286-dd/Build/Products/Debug-iphonesimulator/include -Xcc -I/tmp/morsel-286-dd/Build/Intermediates.noindex/Supabase.build/Debug-iphonesimulator/RealtimeV2.build/DerivedSources-normal/arm64 -Xcc -I/tmp/morsel-286-dd/Build/Intermediates.noindex/Supabase.build/Debug-iphonesimulator/RealtimeV2.build/DerivedSources/arm64 -Xcc -I/tmp/morsel-286-dd/Build/Intermediates.noindex/Supabase.build/Debug-iphonesimulator/RealtimeV2.build/DerivedSources -Xcc -DSWIFT_PACKAGE -Xcc -DDEBUG\=1 -emit-objc-header -emit-objc-header-path /tmp/morsel-286-dd/Build/Intermediates.noindex/Supabase.build/Debug-iphonesimulator/RealtimeV2.build/Objects-normal/arm64/RealtimeV2-Swift.h -working-directory /tmp/morsel-286-mutation-qcdw70bm/issue-286-hero/app/Morsel.xcodeproj -experimental-emit-module-separately -disable-cmo

SwiftDriverJobDiscovery normal arm64 Compiling AuthAdmin.swift, AuthAdminOAuth.swift, AuthClient.swift, AuthClientConfiguration.swift (in target 'Auth' from project 'Supabase')

SwiftEmitModule normal arm64 Emitting\ module\ for\ RealtimeV2 (in target 'RealtimeV2' from project 'Supabase')

EmitSwiftModule normal arm64 (in target 'RealtimeV2' from project 'Supabase')
    cd /tmp/morsel-286-mutation-qcdw70bm/issue-286-hero/app/Morsel.xcodeproj


SwiftDriverJobDiscovery normal arm64 Emitting module for RealtimeV2 (in target 'RealtimeV2' from project 'Supabase')

SwiftDriver\ Compilation\ Requirements RealtimeV2 normal arm64 com.apple.xcode.tools.swift.compiler (in target 'RealtimeV2' from project 'Supabase')
    cd /tmp/morsel-286-mutation-qcdw70bm/issue-286-hero/app/Morsel.xcodeproj
    builtin-Swift-Compilation-Requirements -- /Applications/Xcode.app/Contents/Developer/Toolchains/XcodeDefault.xctoolchain/usr/bin/swiftc -module-name RealtimeV2 -Onone @/tmp/morsel-286-dd/Build/Intermediates.noindex/Supabase.build/Debug-iphonesimulator/RealtimeV2.build/Objects-normal/arm64/RealtimeV2.SwiftFileList -DSWIFT_PACKAGE -DDEBUG -DSWIFT_MODULE_RESOURCE_BUNDLE_UNAVAILABLE -DXcode -enable-upcoming-feature ExistentialAny -enable-upcoming-feature ImmutableWeakCaptures -enable-upcoming-feature InferIsolatedConformances -enable-upcoming-feature InternalImportsByDefault -enable-upcoming-feature MemberImportVisibility -plugin-path /Applications/Xcode.app/Contents/Developer/Toolchains/XcodeDefault.xctoolchain/usr/lib/swift/host/plugins/testing -enable-experimental-feature DebugDescriptionMacro -sdk /Applications/Xcode.app/Contents/Developer/Platforms/iPhoneSimulator.platform/Developer/SDKs/iPhoneSimulator26.5.sdk -target arm64-apple-ios16.0-simulator -g -module-cache-path /tmp/morsel-286-dd/ModuleCache.noindex -Xfrontend -serialize-debugging-options -enable-testing -suppress-warnings -index-store-path /tmp/morsel-286-dd/Index.noindex/DataStore -Xcc -D_LIBCPP_HARDENING_MODE\=_LIBCPP_HARDENING_MODE_DEBUG -swift-version 6 -I /tmp/morsel-286-dd/Build/Products/Debug-iphonesimulator -Isystem /Applications/Xcode.app/Contents/Developer/Platforms/iPhoneSimulator.platform/Developer/usr/lib -F /tmp/morsel-286-dd/Build/Products/Debug-iphonesimulator/PackageFrameworks -F /tmp/morsel-286-dd/Build/Products/Debug-iphonesimulator/PackageFrameworks -F /tmp/morsel-286-dd/Build/Products/Debug-iphonesimulator/PackageFrameworks -F /tmp/morsel-286-dd/Build/Products/Debug-iphonesimulator/PackageFrameworks -F /tmp/morsel-286-dd/Build/Products/Debug-iphonesimulator/PackageFrameworks -F /tmp/morsel-286-dd/Build/Products/Debug-iphonesimulator/PackageFrameworks -F /tmp/morsel-286-dd/Build/Products/Debug-iphonesimulator -F /Applications/Xcode.app/Contents/Developer/Platforms/iPhoneSimulator.platform/Developer/Library/Frameworks -F /Applications/Xcode.app/Contents/Developer/Platforms/iPhoneSimulator.platform/Developer/SDKs/iPhoneSimulator26.5.sdk/Developer/Library/Frameworks -c -j10 -enable-batch-mode -incremental -Xcc -ivfsstatcache -Xcc /tmp/morsel-286-dd/SDKStatCaches.noindex/iphonesimulator26.5-23F81a-6cfe768891a92b912361537c460fe42b.sdkstatcache -output-file-map /tmp/morsel-286-dd/Build/Intermediates.noindex/Supabase.build/Debug-iphonesimulator/RealtimeV2.build/Objects-normal/arm64/RealtimeV2-OutputFileMap.json -use-frontend-parseable-output -save-temps -no-color-diagnostics -explicit-module-build -module-cache-path /tmp/morsel-286-dd/Build/Intermediates.noindex/SwiftExplicitPrecompiledModules -clang-scanner-module-cache-path /tmp/morsel-286-dd/ModuleCache.noindex -sdk-module-cache-path /tmp/morsel-286-dd/ModuleCache.noindex -serialize-diagnostics -emit-dependencies -emit-module -emit-module-path /tmp/morsel-286-dd/Build/Intermediates.noindex/Supabase.build/Debug-iphonesimulator/RealtimeV2.build/Objects-normal/arm64/RealtimeV2.swiftmodule -user-module-version 2.55.1 -validate-clang-modules-once -clang-build-session-file /tmp/morsel-286-dd/ModuleCache.noindex/Session.modulevalidation -package-name supabase_swift -Xcc -I/tmp/morsel-286-dd/Build/Intermediates.noindex/Supabase.build/Debug-iphonesimulator/RealtimeV2.build/swift-overrides.hmap -emit-const-values -Xfrontend -const-gather-protocols-file -Xfrontend /tmp/morsel-286-dd/Build/Intermediates.noindex/Supabase.build/Debug-iphonesimulator/RealtimeV2.build/Objects-normal/arm64/RealtimeV2_const_extract_protocols.json -Xcc -I/tmp/morsel-286-dd/Build/Products/Debug-iphonesimulator/include -Xcc -I/tmp/morsel-286-dd/Build/Intermediates.noindex/Supabase.build/Debug-iphonesimulator/RealtimeV2.build/DerivedSources-normal/arm64 -Xcc -I/tmp/morsel-286-dd/Build/Intermediates.noindex/Supabase.build/Debug-iphonesimulator/RealtimeV2.build/DerivedSources/arm64 -Xcc -I/tmp/morsel-286-dd/Build/Intermediates.noindex/Supabase.build/Debug-iphonesimulator/RealtimeV2.build/DerivedSources -Xcc -DSWIFT_PACKAGE -Xcc -DDEBUG\=1 -emit-objc-header -emit-objc-header-path /tmp/morsel-286-dd/Build/Intermediates.noindex/Supabase.build/Debug-iphonesimulator/RealtimeV2.build/Objects-normal/arm64/RealtimeV2-Swift.h -working-directory /tmp/morsel-286-mutation-qcdw70bm/issue-286-hero/app/Morsel.xcodeproj -experimental-emit-module-separately -disable-cmo

Copy /tmp/morsel-286-dd/Build/Products/Debug-iphonesimulator/RealtimeV2.swiftmodule/arm64-apple-ios-simulator.abi.json /tmp/morsel-286-dd/Build/Intermediates.noindex/Supabase.build/Debug-iphonesimulator/RealtimeV2.build/Objects-normal/arm64/RealtimeV2.abi.json (in target 'RealtimeV2' from project 'Supabase')
    cd /tmp/morsel-286-dd/SourcePackages/checkouts/supabase-swift
    builtin-copy -exclude .DS_Store -exclude CVS -exclude .svn -exclude .git -exclude .hg -resolve-src-symlinks -rename /tmp/morsel-286-dd/Build/Intermediates.noindex/Supabase.build/Debug-iphonesimulator/RealtimeV2.build/Objects-normal/arm64/RealtimeV2.abi.json /tmp/morsel-286-dd/Build/Products/Debug-iphonesimulator/RealtimeV2.swiftmodule/arm64-apple-ios-simulator.abi.json

Copy /tmp/morsel-286-dd/Build/Products/Debug-iphonesimulator/RealtimeV2.swiftmodule/arm64-apple-ios-simulator.swiftmodule /tmp/morsel-286-dd/Build/Intermediates.noindex/Supabase.build/Debug-iphonesimulator/RealtimeV2.build/Objects-normal/arm64/RealtimeV2.swiftmodule (in target 'RealtimeV2' from project 'Supabase')
    cd /tmp/morsel-286-dd/SourcePackages/checkouts/supabase-swift
    builtin-copy -exclude .DS_Store -exclude CVS -exclude .svn -exclude .git -exclude .hg -resolve-src-symlinks -rename /tmp/morsel-286-dd/Build/Intermediates.noindex/Supabase.build/Debug-iphonesimulator/RealtimeV2.build/Objects-normal/arm64/RealtimeV2.swiftmodule /tmp/morsel-286-dd/Build/Products/Debug-iphonesimulator/RealtimeV2.swiftmodule/arm64-apple-ios-simulator.swiftmodule

SwiftDriver Realtime normal arm64 com.apple.xcode.tools.swift.compiler (in target 'Realtime' from project 'Supabase')
    cd /tmp/morsel-286-mutation-qcdw70bm/issue-286-hero/app/Morsel.xcodeproj
    builtin-SwiftDriver -- /Applications/Xcode.app/Contents/Developer/Toolchains/XcodeDefault.xctoolchain/usr/bin/swiftc -module-name Realtime -Onone @/tmp/morsel-286-dd/Build/Intermediates.noindex/Supabase.build/Debug-iphonesimulator/Realtime.build/Objects-normal/arm64/Realtime.SwiftFileList -DSWIFT_PACKAGE -DDEBUG -DSWIFT_MODULE_RESOURCE_BUNDLE_UNAVAILABLE -DXcode -enable-upcoming-feature ExistentialAny -enable-upcoming-feature ImmutableWeakCaptures -enable-upcoming-feature InferIsolatedConformances -enable-upcoming-feature InternalImportsByDefault -enable-upcoming-feature MemberImportVisibility -plugin-path /Applications/Xcode.app/Contents/Developer/Toolchains/XcodeDefault.xctoolchain/usr/lib/swift/host/plugins/testing -enable-experimental-feature DebugDescriptionMacro -sdk /Applications/Xcode.app/Contents/Developer/Platforms/iPhoneSimulator.platform/Developer/SDKs/iPhoneSimulator26.5.sdk -target arm64-apple-ios16.0-simulator -g -module-cache-path /tmp/morsel-286-dd/ModuleCache.noindex -Xfrontend -serialize-debugging-options -enable-testing -suppress-warnings -index-store-path /tmp/morsel-286-dd/Index.noindex/DataStore -Xcc -D_LIBCPP_HARDENING_MODE\=_LIBCPP_HARDENING_MODE_DEBUG -swift-version 5 -I /tmp/morsel-286-dd/Build/Products/Debug-iphonesimulator -Isystem /Applications/Xcode.app/Contents/Developer/Platforms/iPhoneSimulator.platform/Developer/usr/lib -F /tmp/morsel-286-dd/Build/Products/Debug-iphonesimulator/PackageFrameworks -F /tmp/morsel-286-dd/Build/Products/Debug-iphonesimulator/PackageFrameworks -F /tmp/morsel-286-dd/Build/Products/Debug-iphonesimulator/PackageFrameworks -F /tmp/morsel-286-dd/Build/Products/Debug-iphonesimulator/PackageFrameworks -F /tmp/morsel-286-dd/Build/Products/Debug-iphonesimulator/PackageFrameworks -F /tmp/morsel-286-dd/Build/Products/Debug-iphonesimulator/PackageFrameworks -F /tmp/morsel-286-dd/Build/Products/Debug-iphonesimulator/PackageFrameworks -F /tmp/morsel-286-dd/Build/Products/Debug-iphonesimulator -F /Applications/Xcode.app/Contents/Developer/Platforms/iPhoneSimulator.platform/Developer/Library/Frameworks -F /Applications/Xcode.app/Contents/Developer/Platforms/iPhoneSimulator.platform/Developer/SDKs/iPhoneSimulator26.5.sdk/Developer/Library/Frameworks -c -j10 -enable-batch-mode -incremental -Xcc -ivfsstatcache -Xcc /tmp/morsel-286-dd/SDKStatCaches.noindex/iphonesimulator26.5-23F81a-6cfe768891a92b912361537c460fe42b.sdkstatcache -output-file-map /tmp/morsel-286-dd/Build/Intermediates.noindex/Supabase.build/Debug-iphonesimulator/Realtime.build/Objects-normal/arm64/Realtime-OutputFileMap.json -use-frontend-parseable-output -save-temps -no-color-diagnostics -explicit-module-build -module-cache-path /tmp/morsel-286-dd/Build/Intermediates.noindex/SwiftExplicitPrecompiledModules -clang-scanner-module-cache-path /tmp/morsel-286-dd/ModuleCache.noindex -sdk-module-cache-path /tmp/morsel-286-dd/ModuleCache.noindex -serialize-diagnostics -emit-dependencies -emit-module -emit-module-path /tmp/morsel-286-dd/Build/Intermediates.noindex/Supabase.build/Debug-iphonesimulator/Realtime.build/Objects-normal/arm64/Realtime.swiftmodule -user-module-version 2.55.1 -validate-clang-modules-once -clang-build-session-file /tmp/morsel-286-dd/ModuleCache.noindex/Session.modulevalidation -package-name supabase_swift -Xcc -I/tmp/morsel-286-dd/Build/Intermediates.noindex/Supabase.build/Debug-iphonesimulator/Realtime.build/swift-overrides.hmap -emit-const-values -Xfrontend -const-gather-protocols-file -Xfrontend /tmp/morsel-286-dd/Build/Intermediates.noindex/Supabase.build/Debug-iphonesimulator/Realtime.build/Objects-normal/arm64/Realtime_const_extract_protocols.json -Xcc -I/tmp/morsel-286-dd/Build/Products/Debug-iphonesimulator/include -Xcc -I/tmp/morsel-286-dd/Build/Intermediates.noindex/Supabase.build/Debug-iphonesimulator/Realtime.build/DerivedSources-normal/arm64 -Xcc -I/tmp/morsel-286-dd/Build/Intermediates.noindex/Supabase.build/Debug-iphonesimulator/Realtime.build/DerivedSources/arm64 -Xcc -I/tmp/morsel-286-dd/Build/Intermediates.noindex/Supabase.build/Debug-iphonesimulator/Realtime.build/DerivedSources -Xcc -DSWIFT_PACKAGE -Xcc -DDEBUG\=1 -emit-objc-header -emit-objc-header-path /tmp/morsel-286-dd/Build/Intermediates.noindex/Supabase.build/Debug-iphonesimulator/Realtime.build/Objects-normal/arm64/Realtime-Swift.h -working-directory /tmp/morsel-286-mutation-qcdw70bm/issue-286-hero/app/Morsel.xcodeproj -experimental-emit-module-separately -disable-cmo

SwiftEmitModule normal arm64 Emitting\ module\ for\ Realtime (in target 'Realtime' from project 'Supabase')

EmitSwiftModule normal arm64 (in target 'Realtime' from project 'Supabase')
    cd /tmp/morsel-286-mutation-qcdw70bm/issue-286-hero/app/Morsel.xcodeproj


SwiftDriverJobDiscovery normal arm64 Emitting module for Realtime (in target 'Realtime' from project 'Supabase')

SwiftDriver\ Compilation\ Requirements Realtime normal arm64 com.apple.xcode.tools.swift.compiler (in target 'Realtime' from project 'Supabase')
    cd /tmp/morsel-286-mutation-qcdw70bm/issue-286-hero/app/Morsel.xcodeproj
    builtin-Swift-Compilation-Requirements -- /Applications/Xcode.app/Contents/Developer/Toolchains/XcodeDefault.xctoolchain/usr/bin/swiftc -module-name Realtime -Onone @/tmp/morsel-286-dd/Build/Intermediates.noindex/Supabase.build/Debug-iphonesimulator/Realtime.build/Objects-normal/arm64/Realtime.SwiftFileList -DSWIFT_PACKAGE -DDEBUG -DSWIFT_MODULE_RESOURCE_BUNDLE_UNAVAILABLE -DXcode -enable-upcoming-feature ExistentialAny -enable-upcoming-feature ImmutableWeakCaptures -enable-upcoming-feature InferIsolatedConformances -enable-upcoming-feature InternalImportsByDefault -enable-upcoming-feature MemberImportVisibility -plugin-path /Applications/Xcode.app/Contents/Developer/Toolchains/XcodeDefault.xctoolchain/usr/lib/swift/host/plugins/testing -enable-experimental-feature DebugDescriptionMacro -sdk /Applications/Xcode.app/Contents/Developer/Platforms/iPhoneSimulator.platform/Developer/SDKs/iPhoneSimulator26.5.sdk -target arm64-apple-ios16.0-simulator -g -module-cache-path /tmp/morsel-286-dd/ModuleCache.noindex -Xfrontend -serialize-debugging-options -enable-testing -suppress-warnings -index-store-path /tmp/morsel-286-dd/Index.noindex/DataStore -Xcc -D_LIBCPP_HARDENING_MODE\=_LIBCPP_HARDENING_MODE_DEBUG -swift-version 5 -I /tmp/morsel-286-dd/Build/Products/Debug-iphonesimulator -Isystem /Applications/Xcode.app/Contents/Developer/Platforms/iPhoneSimulator.platform/Developer/usr/lib -F /tmp/morsel-286-dd/Build/Products/Debug-iphonesimulator/PackageFrameworks -F /tmp/morsel-286-dd/Build/Products/Debug-iphonesimulator/PackageFrameworks -F /tmp/morsel-286-dd/Build/Products/Debug-iphonesimulator/PackageFrameworks -F /tmp/morsel-286-dd/Build/Products/Debug-iphonesimulator/PackageFrameworks -F /tmp/morsel-286-dd/Build/Products/Debug-iphonesimulator/PackageFrameworks -F /tmp/morsel-286-dd/Build/Products/Debug-iphonesimulator/PackageFrameworks -F /tmp/morsel-286-dd/Build/Products/Debug-iphonesimulator/PackageFrameworks -F /tmp/morsel-286-dd/Build/Products/Debug-iphonesimulator -F /Applications/Xcode.app/Contents/Developer/Platforms/iPhoneSimulator.platform/Developer/Library/Frameworks -F /Applications/Xcode.app/Contents/Developer/Platforms/iPhoneSimulator.platform/Developer/SDKs/iPhoneSimulator26.5.sdk/Developer/Library/Frameworks -c -j10 -enable-batch-mode -incremental -Xcc -ivfsstatcache -Xcc /tmp/morsel-286-dd/SDKStatCaches.noindex/iphonesimulator26.5-23F81a-6cfe768891a92b912361537c460fe42b.sdkstatcache -output-file-map /tmp/morsel-286-dd/Build/Intermediates.noindex/Supabase.build/Debug-iphonesimulator/Realtime.build/Objects-normal/arm64/Realtime-OutputFileMap.json -use-frontend-parseable-output -save-temps -no-color-diagnostics -explicit-module-build -module-cache-path /tmp/morsel-286-dd/Build/Intermediates.noindex/SwiftExplicitPrecompiledModules -clang-scanner-module-cache-path /tmp/morsel-286-dd/ModuleCache.noindex -sdk-module-cache-path /tmp/morsel-286-dd/ModuleCache.noindex -serialize-diagnostics -emit-dependencies -emit-module -emit-module-path /tmp/morsel-286-dd/Build/Intermediates.noindex/Supabase.build/Debug-iphonesimulator/Realtime.build/Objects-normal/arm64/Realtime.swiftmodule -user-module-version 2.55.1 -validate-clang-modules-once -clang-build-session-file /tmp/morsel-286-dd/ModuleCache.noindex/Session.modulevalidation -package-name supabase_swift -Xcc -I/tmp/morsel-286-dd/Build/Intermediates.noindex/Supabase.build/Debug-iphonesimulator/Realtime.build/swift-overrides.hmap -emit-const-values -Xfrontend -const-gather-protocols-file -Xfrontend /tmp/morsel-286-dd/Build/Intermediates.noindex/Supabase.build/Debug-iphonesimulator/Realtime.build/Objects-normal/arm64/Realtime_const_extract_protocols.json -Xcc -I/tmp/morsel-286-dd/Build/Products/Debug-iphonesimulator/include -Xcc -I/tmp/morsel-286-dd/Build/Intermediates.noindex/Supabase.build/Debug-iphonesimulator/Realtime.build/DerivedSources-normal/arm64 -Xcc -I/tmp/morsel-286-dd/Build/Intermediates.noindex/Supabase.build/Debug-iphonesimulator/Realtime.build/DerivedSources/arm64 -Xcc -I/tmp/morsel-286-dd/Build/Intermediates.noindex/Supabase.build/Debug-iphonesimulator/Realtime.build/DerivedSources -Xcc -DSWIFT_PACKAGE -Xcc -DDEBUG\=1 -emit-objc-header -emit-objc-header-path /tmp/morsel-286-dd/Build/Intermediates.noindex/Supabase.build/Debug-iphonesimulator/Realtime.build/Objects-normal/arm64/Realtime-Swift.h -working-directory /tmp/morsel-286-mutation-qcdw70bm/issue-286-hero/app/Morsel.xcodeproj -experimental-emit-module-separately -disable-cmo

Copy /tmp/morsel-286-dd/Build/Products/Debug-iphonesimulator/Realtime.swiftmodule/arm64-apple-ios-simulator.abi.json /tmp/morsel-286-dd/Build/Intermediates.noindex/Supabase.build/Debug-iphonesimulator/Realtime.build/Objects-normal/arm64/Realtime.abi.json (in target 'Realtime' from project 'Supabase')
    cd /tmp/morsel-286-dd/SourcePackages/checkouts/supabase-swift
    builtin-copy -exclude .DS_Store -exclude CVS -exclude .svn -exclude .git -exclude .hg -resolve-src-symlinks -rename /tmp/morsel-286-dd/Build/Intermediates.noindex/Supabase.build/Debug-iphonesimulator/Realtime.build/Objects-normal/arm64/Realtime.abi.json /tmp/morsel-286-dd/Build/Products/Debug-iphonesimulator/Realtime.swiftmodule/arm64-apple-ios-simulator.abi.json

Copy /tmp/morsel-286-dd/Build/Products/Debug-iphonesimulator/Realtime.swiftmodule/arm64-apple-ios-simulator.swiftmodule /tmp/morsel-286-dd/Build/Intermediates.noindex/Supabase.build/Debug-iphonesimulator/Realtime.build/Objects-normal/arm64/Realtime.swiftmodule (in target 'Realtime' from project 'Supabase')
    cd /tmp/morsel-286-dd/SourcePackages/checkouts/supabase-swift
    builtin-copy -exclude .DS_Store -exclude CVS -exclude .svn -exclude .git -exclude .hg -resolve-src-symlinks -rename /tmp/morsel-286-dd/Build/Intermediates.noindex/Supabase.build/Debug-iphonesimulator/Realtime.build/Objects-normal/arm64/Realtime.swiftmodule /tmp/morsel-286-dd/Build/Products/Debug-iphonesimulator/Realtime.swiftmodule/arm64-apple-ios-simulator.swiftmodule

SwiftDriver Storage normal arm64 com.apple.xcode.tools.swift.compiler (in target 'Storage' from project 'Supabase')
    cd /tmp/morsel-286-mutation-qcdw70bm/issue-286-hero/app/Morsel.xcodeproj
    builtin-SwiftDriver -- /Applications/Xcode.app/Contents/Developer/Toolchains/XcodeDefault.xctoolchain/usr/bin/swiftc -module-name Storage -Onone @/tmp/morsel-286-dd/Build/Intermediates.noindex/Supabase.build/Debug-iphonesimulator/Storage.build/Objects-normal/arm64/Storage.SwiftFileList -DSWIFT_PACKAGE -DDEBUG -DSWIFT_MODULE_RESOURCE_BUNDLE_UNAVAILABLE -DXcode -enable-upcoming-feature ExistentialAny -enable-upcoming-feature ImmutableWeakCaptures -enable-upcoming-feature InferIsolatedConformances -enable-upcoming-feature InternalImportsByDefault -enable-upcoming-feature MemberImportVisibility -plugin-path /Applications/Xcode.app/Contents/Developer/Toolchains/XcodeDefault.xctoolchain/usr/lib/swift/host/plugins/testing -enable-experimental-feature DebugDescriptionMacro -sdk /Applications/Xcode.app/Contents/Developer/Platforms/iPhoneSimulator.platform/Developer/SDKs/iPhoneSimulator26.5.sdk -target arm64-apple-ios16.0-simulator -g -module-cache-path /tmp/morsel-286-dd/ModuleCache.noindex -Xfrontend -serialize-debugging-options -enable-testing -suppress-warnings -index-store-path /tmp/morsel-286-dd/Index.noindex/DataStore -Xcc -D_LIBCPP_HARDENING_MODE\=_LIBCPP_HARDENING_MODE_DEBUG -swift-version 6 -I /tmp/morsel-286-dd/Build/Products/Debug-iphonesimulator -Isystem /Applications/Xcode.app/Contents/Developer/Platforms/iPhoneSimulator.platform/Developer/usr/lib -F /tmp/morsel-286-dd/Build/Products/Debug-iphonesimulator/PackageFrameworks -F /tmp/morsel-286-dd/Build/Products/Debug-iphonesimulator/PackageFrameworks -F /tmp/morsel-286-dd/Build/Products/Debug-iphonesimulator/PackageFrameworks -F /tmp/morsel-286-dd/Build/Products/Debug-iphonesimulator/PackageFrameworks -F /tmp/morsel-286-dd/Build/Products/Debug-iphonesimulator/PackageFrameworks -F /tmp/morsel-286-dd/Build/Products/Debug-iphonesimulator/PackageFrameworks -F /tmp/morsel-286-dd/Build/Products/Debug-iphonesimulator -F /Applications/Xcode.app/Contents/Developer/Platforms/iPhoneSimulator.platform/Developer/Library/Frameworks -F /Applications/Xcode.app/Contents/Developer/Platforms/iPhoneSimulator.platform/Developer/SDKs/iPhoneSimulator26.5.sdk/Developer/Library/Frameworks -c -j10 -enable-batch-mode -incremental -Xcc -ivfsstatcache -Xcc /tmp/morsel-286-dd/SDKStatCaches.noindex/iphonesimulator26.5-23F81a-6cfe768891a92b912361537c460fe42b.sdkstatcache -output-file-map /tmp/morsel-286-dd/Build/Intermediates.noindex/Supabase.build/Debug-iphonesimulator/Storage.build/Objects-normal/arm64/Storage-OutputFileMap.json -use-frontend-parseable-output -save-temps -no-color-diagnostics -explicit-module-build -module-cache-path /tmp/morsel-286-dd/Build/Intermediates.noindex/SwiftExplicitPrecompiledModules -clang-scanner-module-cache-path /tmp/morsel-286-dd/ModuleCache.noindex -sdk-module-cache-path /tmp/morsel-286-dd/ModuleCache.noindex -serialize-diagnostics -emit-dependencies -emit-module -emit-module-path /tmp/morsel-286-dd/Build/Intermediates.noindex/Supabase.build/Debug-iphonesimulator/Storage.build/Objects-normal/arm64/Storage.swiftmodule -user-module-version 2.55.1 -validate-clang-modules-once -clang-build-session-file /tmp/morsel-286-dd/ModuleCache.noindex/Session.modulevalidation -package-name supabase_swift -Xcc -I/tmp/morsel-286-dd/Build/Intermediates.noindex/Supabase.build/Debug-iphonesimulator/Storage.build/swift-overrides.hmap -emit-const-values -Xfrontend -const-gather-protocols-file -Xfrontend /tmp/morsel-286-dd/Build/Intermediates.noindex/Supabase.build/Debug-iphonesimulator/Storage.build/Objects-normal/arm64/Storage_const_extract_protocols.json -Xcc -I/tmp/morsel-286-dd/Build/Products/Debug-iphonesimulator/include -Xcc -I/tmp/morsel-286-dd/Build/Intermediates.noindex/Supabase.build/Debug-iphonesimulator/Storage.build/DerivedSources-normal/arm64 -Xcc -I/tmp/morsel-286-dd/Build/Intermediates.noindex/Supabase.build/Debug-iphonesimulator/Storage.build/DerivedSources/arm64 -Xcc -I/tmp/morsel-286-dd/Build/Intermediates.noindex/Supabase.build/Debug-iphonesimulator/Storage.build/DerivedSources -Xcc -DSWIFT_PACKAGE -Xcc -DDEBUG\=1 -emit-objc-header -emit-objc-header-path /tmp/morsel-286-dd/Build/Intermediates.noindex/Supabase.build/Debug-iphonesimulator/Storage.build/Objects-normal/arm64/Storage-Swift.h -working-directory /tmp/morsel-286-mutation-qcdw70bm/issue-286-hero/app/Morsel.xcodeproj -experimental-emit-module-separately -disable-cmo

SwiftEmitModule normal arm64 Emitting\ module\ for\ Storage (in target 'Storage' from project 'Supabase')
EmitSwiftModule normal arm64 (in target 'Storage' from project 'Supabase')
    cd /tmp/morsel-286-mutation-qcdw70bm/issue-286-hero/app/Morsel.xcodeproj


SwiftDriverJobDiscovery normal arm64 Compiling Types.swift, AuthAdmin+Passkey.swift, AuthClient+Passkey.swift (in target 'Auth' from project 'Supabase')

SwiftDriver\ Compilation Auth normal arm64 com.apple.xcode.tools.swift.compiler (in target 'Auth' from project 'Supabase')
    cd /tmp/morsel-286-mutation-qcdw70bm/issue-286-hero/app/Morsel.xcodeproj
    builtin-Swift-Compilation -- /Applications/Xcode.app/Contents/Developer/Toolchains/XcodeDefault.xctoolchain/usr/bin/swiftc -module-name Auth -Onone @/tmp/morsel-286-dd/Build/Intermediates.noindex/Supabase.build/Debug-iphonesimulator/Auth.build/Objects-normal/arm64/Auth.SwiftFileList -DSWIFT_PACKAGE -DDEBUG -DSWIFT_MODULE_RESOURCE_BUNDLE_UNAVAILABLE -DXcode -enable-upcoming-feature ExistentialAny -enable-upcoming-feature ImmutableWeakCaptures -enable-upcoming-feature InferIsolatedConformances -enable-upcoming-feature InternalImportsByDefault -enable-upcoming-feature MemberImportVisibility -plugin-path /Applications/Xcode.app/Contents/Developer/Toolchains/XcodeDefault.xctoolchain/usr/lib/swift/host/plugins/testing -enable-experimental-feature DebugDescriptionMacro -sdk /Applications/Xcode.app/Contents/Developer/Platforms/iPhoneSimulator.platform/Developer/SDKs/iPhoneSimulator26.5.sdk -target arm64-apple-ios16.0-simulator -g -module-cache-path /tmp/morsel-286-dd/ModuleCache.noindex -Xfrontend -serialize-debugging-options -enable-testing -suppress-warnings -index-store-path /tmp/morsel-286-dd/Index.noindex/DataStore -Xcc -D_LIBCPP_HARDENING_MODE\=_LIBCPP_HARDENING_MODE_DEBUG -swift-version 6 -I /tmp/morsel-286-dd/Build/Products/Debug-iphonesimulator -Isystem /Applications/Xcode.app/Contents/Developer/Platforms/iPhoneSimulator.platform/Developer/usr/lib -F /tmp/morsel-286-dd/Build/Products/Debug-iphonesimulator/PackageFrameworks -F /tmp/morsel-286-dd/Build/Products/Debug-iphonesimulator/PackageFrameworks -F /tmp/morsel-286-dd/Build/Products/Debug-iphonesimulator/PackageFrameworks -F /tmp/morsel-286-dd/Build/Products/Debug-iphonesimulator/PackageFrameworks -F /tmp/morsel-286-dd/Build/Products/Debug-iphonesimulator/PackageFrameworks -F /tmp/morsel-286-dd/Build/Products/Debug-iphonesimulator/PackageFrameworks -F /tmp/morsel-286-dd/Build/Products/Debug-iphonesimulator/PackageFrameworks -F /tmp/morsel-286-dd/Build/Products/Debug-iphonesimulator -F /Applications/Xcode.app/Contents/Developer/Platforms/iPhoneSimulator.platform/Developer/Library/Frameworks -F /Applications/Xcode.app/Contents/Developer/Platforms/iPhoneSimulator.platform/Developer/SDKs/iPhoneSimulator26.5.sdk/Developer/Library/Frameworks -c -j10 -enable-batch-mode -incremental -Xcc -ivfsstatcache -Xcc /tmp/morsel-286-dd/SDKStatCaches.noindex/iphonesimulator26.5-23F81a-6cfe768891a92b912361537c460fe42b.sdkstatcache -output-file-map /tmp/morsel-286-dd/Build/Intermediates.noindex/Supabase.build/Debug-iphonesimulator/Auth.build/Objects-normal/arm64/Auth-OutputFileMap.json -use-frontend-parseable-output -save-temps -no-color-diagnostics -explicit-module-build -module-cache-path /tmp/morsel-286-dd/Build/Intermediates.noindex/SwiftExplicitPrecompiledModules -clang-scanner-module-cache-path /tmp/morsel-286-dd/ModuleCache.noindex -sdk-module-cache-path /tmp/morsel-286-dd/ModuleCache.noindex -serialize-diagnostics -emit-dependencies -emit-module -emit-module-path /tmp/morsel-286-dd/Build/Intermediates.noindex/Supabase.build/Debug-iphonesimulator/Auth.build/Objects-normal/arm64/Auth.swiftmodule -user-module-version 2.55.1 -validate-clang-modules-once -clang-build-session-file /tmp/morsel-286-dd/ModuleCache.noindex/Session.modulevalidation -package-name supabase_swift -Xcc -I/tmp/morsel-286-dd/Build/Intermediates.noindex/Supabase.build/Debug-iphonesimulator/Auth.build/swift-overrides.hmap -emit-const-values -Xfrontend -const-gather-protocols-file -Xfrontend /tmp/morsel-286-dd/Build/Intermediates.noindex/Supabase.build/Debug-iphonesimulator/Auth.build/Objects-normal/arm64/Auth_const_extract_protocols.json -Xcc -I/tmp/morsel-286-dd/Build/Products/Debug-iphonesimulator/include -Xcc -I/tmp/morsel-286-dd/Build/Intermediates.noindex/Supabase.build/Debug-iphonesimulator/Auth.build/DerivedSources-normal/arm64 -Xcc -I/tmp/morsel-286-dd/Build/Intermediates.noindex/Supabase.build/Debug-iphonesimulator/Auth.build/DerivedSources/arm64 -Xcc -I/tmp/morsel-286-dd/Build/Intermediates.noindex/Supabase.build/Debug-iphonesimulator/Auth.build/DerivedSources -Xcc -DSWIFT_PACKAGE -Xcc -DDEBUG\=1 -emit-objc-header -emit-objc-header-path /tmp/morsel-286-dd/Build/Intermediates.noindex/Supabase.build/Debug-iphonesimulator/Auth.build/Objects-normal/arm64/Auth-Swift.h -working-directory /tmp/morsel-286-mutation-qcdw70bm/issue-286-hero/app/Morsel.xcodeproj -experimental-emit-module-separately -disable-cmo

Ld /tmp/morsel-286-dd/Build/Products/Debug-iphonesimulator/Auth.o normal (in target 'Auth' from project 'Supabase')
    cd /tmp/morsel-286-dd/SourcePackages/checkouts/supabase-swift
    /Applications/Xcode.app/Contents/Developer/Toolchains/XcodeDefault.xctoolchain/usr/bin/clang -Xlinker -reproducible -target arm64-apple-ios16.0-simulator -r -isysroot /Applications/Xcode.app/Contents/Developer/Platforms/iPhoneSimulator.platform/Developer/SDKs/iPhoneSimulator26.5.sdk -O0 -w -F/tmp/morsel-286-dd/Build/Intermediates.noindex/EagerLinkingTBDs/Debug-iphonesimulator -F/tmp/morsel-286-dd/Build/Products/Debug-iphonesimulator/PackageFrameworks -F/tmp/morsel-286-dd/Build/Products/Debug-iphonesimulator/PackageFrameworks -F/tmp/morsel-286-dd/Build/Products/Debug-iphonesimulator/PackageFrameworks -F/tmp/morsel-286-dd/Build/Products/Debug-iphonesimulator/PackageFrameworks -F/tmp/morsel-286-dd/Build/Products/Debug-iphonesimulator/PackageFrameworks -F/tmp/morsel-286-dd/Build/Products/Debug-iphonesimulator/PackageFrameworks -F/tmp/morsel-286-dd/Build/Products/Debug-iphonesimulator/PackageFrameworks -F/tmp/morsel-286-dd/Build/Products/Debug-iphonesimulator -iframework /Applications/Xcode.app/Contents/Developer/Platforms/iPhoneSimulator.platform/Developer/Library/Frameworks -iframework /Applications/Xcode.app/Contents/Developer/Platforms/iPhoneSimulator.platform/Developer/SDKs/iPhoneSimulator26.5.sdk/Developer/Library/Frameworks -filelist /tmp/morsel-286-dd/Build/Intermediates.noindex/Supabase.build/Debug-iphonesimulator/Auth.build/Objects-normal/arm64/Auth.LinkFileList -nostdlib -Xlinker -object_path_lto -Xlinker /tmp/morsel-286-dd/Build/Intermediates.noindex/Supabase.build/Debug-iphonesimulator/Auth.build/Objects-normal/arm64/Auth_lto.o -Xlinker -no_deduplicate -Xlinker -objc_abi_version -Xlinker 2 -Xlinker -dependency_info -Xlinker /tmp/morsel-286-dd/Build/Intermediates.noindex/Supabase.build/Debug-iphonesimulator/Auth.build/Objects-normal/arm64/Auth_dependency_info.dat -fobjc-link-runtime -L/Applications/Xcode.app/Contents/Developer/Toolchains/XcodeDefault.xctoolchain/usr/lib/swift/iphonesimulator -L/usr/lib/swift -Xlinker -add_ast_path -Xlinker /tmp/morsel-286-dd/Build/Intermediates.noindex/Supabase.build/Debug-iphonesimulator/Auth.build/Objects-normal/arm64/Auth.swiftmodule @/tmp/morsel-286-dd/Build/Intermediates.noindex/Supabase.build/Debug-iphonesimulator/Auth.build/Objects-normal/arm64/Auth-linker-args.resp -o /tmp/morsel-286-dd/Build/Products/Debug-iphonesimulator/Auth.o

ExtractAppIntentsMetadata (in target 'Auth' from project 'Supabase')
    cd /tmp/morsel-286-dd/SourcePackages/checkouts/supabase-swift
    /Applications/Xcode.app/Contents/Developer/Toolchains/XcodeDefault.xctoolchain/usr/bin/appintentsmetadataprocessor --toolchain-dir /Applications/Xcode.app/Contents/Developer/Toolchains/XcodeDefault.xctoolchain --module-name Auth --sdk-root /Applications/Xcode.app/Contents/Developer/Platforms/iPhoneSimulator.platform/Developer/SDKs/iPhoneSimulator26.5.sdk --xcode-version 17F113 --platform-family iOS --deployment-target 16.0 --bundle-identifier supabase-swift.Auth --output /tmp/morsel-286-dd/Build/Products/Debug-iphonesimulator/Auth.appintents --target-triple arm64-apple-ios16.0-simulator --binary-file /tmp/morsel-286-dd/Build/Products/Debug-iphonesimulator/Auth.o --dependency-file /tmp/morsel-286-dd/Build/Intermediates.noindex/Supabase.build/Debug-iphonesimulator/Auth.build/Objects-normal/arm64/Auth_dependency_info.dat --stringsdata-file /tmp/morsel-286-dd/Build/Intermediates.noindex/Supabase.build/Debug-iphonesimulator/Auth.build/Objects-normal/arm64/ExtractedAppShortcutsMetadata.stringsdata --source-file-list /tmp/morsel-286-dd/Build/Intermediates.noindex/Supabase.build/Debug-iphonesimulator/Auth.build/Objects-normal/arm64/Auth.SwiftFileList --metadata-file-list /tmp/morsel-286-dd/Build/Intermediates.noindex/Supabase.build/Debug-iphonesimulator/Auth.build/Auth.DependencyMetadataFileList --static-metadata-file-list /tmp/morsel-286-dd/Build/Intermediates.noindex/Supabase.build/Debug-iphonesimulator/Auth.build/Auth.DependencyStaticMetadataFileList --swift-const-vals-list /tmp/morsel-286-dd/Build/Intermediates.noindex/Supabase.build/Debug-iphonesimulator/Auth.build/Objects-normal/arm64/Auth.SwiftConstValuesFileList --force --compile-time-extraction --deployment-aware-processing --validate-assistant-intents --no-app-shortcuts-localization
2026-09-17 12:33:03.654 appintentsmetadataprocessor[31706:12832365] Starting appintentsmetadataprocessor export
2026-09-17 12:33:03.693 appintentsmetadataprocessor[31706:12832365] Extracted no relevant App Intents symbols, skipping writing output

RegisterExecutionPolicyException /tmp/morsel-286-dd/Build/Products/Debug-iphonesimulator/Auth.o (in target 'Auth' from project 'Supabase')
    cd /tmp/morsel-286-dd/SourcePackages/checkouts/supabase-swift
    builtin-RegisterExecutionPolicyException /tmp/morsel-286-dd/Build/Products/Debug-iphonesimulator/Auth.o

SwiftCompile normal arm64 Compiling\ Types.swift /tmp/morsel-286-dd/SourcePackages/checkouts/supabase-swift/Sources/Functions/Types.swift (in target 'Functions' from project 'Supabase')

SwiftCompile normal arm64 /tmp/morsel-286-dd/SourcePackages/checkouts/supabase-swift/Sources/Functions/Types.swift (in target 'Functions' from project 'Supabase')
    cd /tmp/morsel-286-mutation-qcdw70bm/issue-286-hero/app/Morsel.xcodeproj


SwiftCompile normal arm64 Compiling\ Exports.swift /tmp/morsel-286-dd/SourcePackages/checkouts/supabase-swift/Sources/Functions/Exports.swift (in target 'Functions' from project 'Supabase')

SwiftCompile normal arm64 /tmp/morsel-286-dd/SourcePackages/checkouts/supabase-swift/Sources/Functions/Exports.swift (in target 'Functions' from project 'Supabase')
    cd /tmp/morsel-286-mutation-qcdw70bm/issue-286-hero/app/Morsel.xcodeproj


SwiftCompile normal arm64 Compiling\ FunctionsClient.swift /tmp/morsel-286-dd/SourcePackages/checkouts/supabase-swift/Sources/Functions/FunctionsClient.swift (in target 'Functions' from project 'Supabase')
SwiftCompile normal arm64 /tmp/morsel-286-dd/SourcePackages/checkouts/supabase-swift/Sources/Functions/FunctionsClient.swift (in target 'Functions' from project 'Supabase')
    cd /tmp/morsel-286-mutation-qcdw70bm/issue-286-hero/app/Morsel.xcodeproj


SwiftDriverJobDiscovery normal arm64 Compiling Exports.swift (in target 'Functions' from project 'Supabase')

SwiftDriverJobDiscovery normal arm64 Compiling Types.swift (in target 'Functions' from project 'Supabase')

SwiftDriverJobDiscovery normal arm64 Emitting module for Storage (in target 'Storage' from project 'Supabase')

SwiftDriver\ Compilation\ Requirements Storage normal arm64 com.apple.xcode.tools.swift.compiler (in target 'Storage' from project 'Supabase')
    cd /tmp/morsel-286-mutation-qcdw70bm/issue-286-hero/app/Morsel.xcodeproj
    builtin-Swift-Compilation-Requirements -- /Applications/Xcode.app/Contents/Developer/Toolchains/XcodeDefault.xctoolchain/usr/bin/swiftc -module-name Storage -Onone @/tmp/morsel-286-dd/Build/Intermediates.noindex/Supabase.build/Debug-iphonesimulator/Storage.build/Objects-normal/arm64/Storage.SwiftFileList -DSWIFT_PACKAGE -DDEBUG -DSWIFT_MODULE_RESOURCE_BUNDLE_UNAVAILABLE -DXcode -enable-upcoming-feature ExistentialAny -enable-upcoming-feature ImmutableWeakCaptures -enable-upcoming-feature InferIsolatedConformances -enable-upcoming-feature InternalImportsByDefault -enable-upcoming-feature MemberImportVisibility -plugin-path /Applications/Xcode.app/Contents/Developer/Toolchains/XcodeDefault.xctoolchain/usr/lib/swift/host/plugins/testing -enable-experimental-feature DebugDescriptionMacro -sdk /Applications/Xcode.app/Contents/Developer/Platforms/iPhoneSimulator.platform/Developer/SDKs/iPhoneSimulator26.5.sdk -target arm64-apple-ios16.0-simulator -g -module-cache-path /tmp/morsel-286-dd/ModuleCache.noindex -Xfrontend -serialize-debugging-options -enable-testing -suppress-warnings -index-store-path /tmp/morsel-286-dd/Index.noindex/DataStore -Xcc -D_LIBCPP_HARDENING_MODE\=_LIBCPP_HARDENING_MODE_DEBUG -swift-version 6 -I /tmp/morsel-286-dd/Build/Products/Debug-iphonesimulator -Isystem /Applications/Xcode.app/Contents/Developer/Platforms/iPhoneSimulator.platform/Developer/usr/lib -F /tmp/morsel-286-dd/Build/Products/Debug-iphonesimulator/PackageFrameworks -F /tmp/morsel-286-dd/Build/Products/Debug-iphonesimulator/PackageFrameworks -F /tmp/morsel-286-dd/Build/Products/Debug-iphonesimulator/PackageFrameworks -F /tmp/morsel-286-dd/Build/Products/Debug-iphonesimulator/PackageFrameworks -F /tmp/morsel-286-dd/Build/Products/Debug-iphonesimulator/PackageFrameworks -F /tmp/morsel-286-dd/Build/Products/Debug-iphonesimulator/PackageFrameworks -F /tmp/morsel-286-dd/Build/Products/Debug-iphonesimulator -F /Applications/Xcode.app/Contents/Developer/Platforms/iPhoneSimulator.platform/Developer/Library/Frameworks -F /Applications/Xcode.app/Contents/Developer/Platforms/iPhoneSimulator.platform/Developer/SDKs/iPhoneSimulator26.5.sdk/Developer/Library/Frameworks -c -j10 -enable-batch-mode -incremental -Xcc -ivfsstatcache -Xcc /tmp/morsel-286-dd/SDKStatCaches.noindex/iphonesimulator26.5-23F81a-6cfe768891a92b912361537c460fe42b.sdkstatcache -output-file-map /tmp/morsel-286-dd/Build/Intermediates.noindex/Supabase.build/Debug-iphonesimulator/Storage.build/Objects-normal/arm64/Storage-OutputFileMap.json -use-frontend-parseable-output -save-temps -no-color-diagnostics -explicit-module-build -module-cache-path /tmp/morsel-286-dd/Build/Intermediates.noindex/SwiftExplicitPrecompiledModules -clang-scanner-module-cache-path /tmp/morsel-286-dd/ModuleCache.noindex -sdk-module-cache-path /tmp/morsel-286-dd/ModuleCache.noindex -serialize-diagnostics -emit-dependencies -emit-module -emit-module-path /tmp/morsel-286-dd/Build/Intermediates.noindex/Supabase.build/Debug-iphonesimulator/Storage.build/Objects-normal/arm64/Storage.swiftmodule -user-module-version 2.55.1 -validate-clang-modules-once -clang-build-session-file /tmp/morsel-286-dd/ModuleCache.noindex/Session.modulevalidation -package-name supabase_swift -Xcc -I/tmp/morsel-286-dd/Build/Intermediates.noindex/Supabase.build/Debug-iphonesimulator/Storage.build/swift-overrides.hmap -emit-const-values -Xfrontend -const-gather-protocols-file -Xfrontend /tmp/morsel-286-dd/Build/Intermediates.noindex/Supabase.build/Debug-iphonesimulator/Storage.build/Objects-normal/arm64/Storage_const_extract_protocols.json -Xcc -I/tmp/morsel-286-dd/Build/Products/Debug-iphonesimulator/include -Xcc -I/tmp/morsel-286-dd/Build/Intermediates.noindex/Supabase.build/Debug-iphonesimulator/Storage.build/DerivedSources-normal/arm64 -Xcc -I/tmp/morsel-286-dd/Build/Intermediates.noindex/Supabase.build/Debug-iphonesimulator/Storage.build/DerivedSources/arm64 -Xcc -I/tmp/morsel-286-dd/Build/Intermediates.noindex/Supabase.build/Debug-iphonesimulator/Storage.build/DerivedSources -Xcc -DSWIFT_PACKAGE -Xcc -DDEBUG\=1 -emit-objc-header -emit-objc-header-path /tmp/morsel-286-dd/Build/Intermediates.noindex/Supabase.build/Debug-iphonesimulator/Storage.build/Objects-normal/arm64/Storage-Swift.h -working-directory /tmp/morsel-286-mutation-qcdw70bm/issue-286-hero/app/Morsel.xcodeproj -experimental-emit-module-separately -disable-cmo

Copy /tmp/morsel-286-dd/Build/Products/Debug-iphonesimulator/Storage.swiftmodule/arm64-apple-ios-simulator.abi.json /tmp/morsel-286-dd/Build/Intermediates.noindex/Supabase.build/Debug-iphonesimulator/Storage.build/Objects-normal/arm64/Storage.abi.json (in target 'Storage' from project 'Supabase')
    cd /tmp/morsel-286-dd/SourcePackages/checkouts/supabase-swift
    builtin-copy -exclude .DS_Store -exclude CVS -exclude .svn -exclude .git -exclude .hg -resolve-src-symlinks -rename /tmp/morsel-286-dd/Build/Intermediates.noindex/Supabase.build/Debug-iphonesimulator/Storage.build/Objects-normal/arm64/Storage.abi.json /tmp/morsel-286-dd/Build/Products/Debug-iphonesimulator/Storage.swiftmodule/arm64-apple-ios-simulator.abi.json

Copy /tmp/morsel-286-dd/Build/Products/Debug-iphonesimulator/Storage.swiftmodule/arm64-apple-ios-simulator.swiftmodule /tmp/morsel-286-dd/Build/Intermediates.noindex/Supabase.build/Debug-iphonesimulator/Storage.build/Objects-normal/arm64/Storage.swiftmodule (in target 'Storage' from project 'Supabase')
    cd /tmp/morsel-286-dd/SourcePackages/checkouts/supabase-swift
    builtin-copy -exclude .DS_Store -exclude CVS -exclude .svn -exclude .git -exclude .hg -resolve-src-symlinks -rename /tmp/morsel-286-dd/Build/Intermediates.noindex/Supabase.build/Debug-iphonesimulator/Storage.build/Objects-normal/arm64/Storage.swiftmodule /tmp/morsel-286-dd/Build/Products/Debug-iphonesimulator/Storage.swiftmodule/arm64-apple-ios-simulator.swiftmodule

SwiftDriver Supabase normal arm64 com.apple.xcode.tools.swift.compiler (in target 'Supabase' from project 'Supabase')
    cd /tmp/morsel-286-mutation-qcdw70bm/issue-286-hero/app/Morsel.xcodeproj
    builtin-SwiftDriver -- /Applications/Xcode.app/Contents/Developer/Toolchains/XcodeDefault.xctoolchain/usr/bin/swiftc -module-name Supabase -Onone @/tmp/morsel-286-dd/Build/Intermediates.noindex/Supabase.build/Debug-iphonesimulator/Supabase.build/Objects-normal/arm64/Supabase.SwiftFileList -DSWIFT_PACKAGE -DDEBUG -DSWIFT_MODULE_RESOURCE_BUNDLE_UNAVAILABLE -DXcode -enable-upcoming-feature ExistentialAny -enable-upcoming-feature ImmutableWeakCaptures -enable-upcoming-feature InferIsolatedConformances -enable-upcoming-feature InternalImportsByDefault -enable-upcoming-feature MemberImportVisibility -plugin-path /Applications/Xcode.app/Contents/Developer/Toolchains/XcodeDefault.xctoolchain/usr/lib/swift/host/plugins/testing -enable-experimental-feature DebugDescriptionMacro -sdk /Applications/Xcode.app/Contents/Developer/Platforms/iPhoneSimulator.platform/Developer/SDKs/iPhoneSimulator26.5.sdk -target arm64-apple-ios16.0-simulator -g -module-cache-path /tmp/morsel-286-dd/ModuleCache.noindex -Xfrontend -serialize-debugging-options -enable-testing -suppress-warnings -index-store-path /tmp/morsel-286-dd/Index.noindex/DataStore -Xcc -D_LIBCPP_HARDENING_MODE\=_LIBCPP_HARDENING_MODE_DEBUG -swift-version 6 -I /tmp/morsel-286-dd/Build/Products/Debug-iphonesimulator -Isystem /Applications/Xcode.app/Contents/Developer/Platforms/iPhoneSimulator.platform/Developer/usr/lib -F /tmp/morsel-286-dd/Build/Products/Debug-iphonesimulator/PackageFrameworks -F /tmp/morsel-286-dd/Build/Products/Debug-iphonesimulator/PackageFrameworks -F /tmp/morsel-286-dd/Build/Products/Debug-iphonesimulator/PackageFrameworks -F /tmp/morsel-286-dd/Build/Products/Debug-iphonesimulator/PackageFrameworks -F /tmp/morsel-286-dd/Build/Products/Debug-iphonesimulator/PackageFrameworks -F /tmp/morsel-286-dd/Build/Products/Debug-iphonesimulator/PackageFrameworks -F /tmp/morsel-286-dd/Build/Products/Debug-iphonesimulator/PackageFrameworks -F /tmp/morsel-286-dd/Build/Products/Debug-iphonesimulator/PackageFrameworks -F /tmp/morsel-286-dd/Build/Products/Debug-iphonesimulator/PackageFrameworks -F /tmp/morsel-286-dd/Build/Products/Debug-iphonesimulator/PackageFrameworks -F /tmp/morsel-286-dd/Build/Products/Debug-iphonesimulator/PackageFrameworks -F /tmp/morsel-286-dd/Build/Products/Debug-iphonesimulator/PackageFrameworks -F /tmp/morsel-286-dd/Build/Products/Debug-iphonesimulator/PackageFrameworks -F /tmp/morsel-286-dd/Build/Products/Debug-iphonesimulator -F /Applications/Xcode.app/Contents/Developer/Platforms/iPhoneSimulator.platform/Developer/Library/Frameworks -F /Applications/Xcode.app/Contents/Developer/Platforms/iPhoneSimulator.platform/Developer/SDKs/iPhoneSimulator26.5.sdk/Developer/Library/Frameworks -c -j10 -enable-batch-mode -incremental -Xcc -ivfsstatcache -Xcc /tmp/morsel-286-dd/SDKStatCaches.noindex/iphonesimulator26.5-23F81a-6cfe768891a92b912361537c460fe42b.sdkstatcache -output-file-map /tmp/morsel-286-dd/Build/Intermediates.noindex/Supabase.build/Debug-iphonesimulator/Supabase.build/Objects-normal/arm64/Supabase-OutputFileMap.json -use-frontend-parseable-output -save-temps -no-color-diagnostics -explicit-module-build -module-cache-path /tmp/morsel-286-dd/Build/Intermediates.noindex/SwiftExplicitPrecompiledModules -clang-scanner-module-cache-path /tmp/morsel-286-dd/ModuleCache.noindex -sdk-module-cache-path /tmp/morsel-286-dd/ModuleCache.noindex -serialize-diagnostics -emit-dependencies -emit-module -emit-module-path /tmp/morsel-286-dd/Build/Intermediates.noindex/Supabase.build/Debug-iphonesimulator/Supabase.build/Objects-normal/arm64/Supabase.swiftmodule -user-module-version 2.55.1 -validate-clang-modules-once -clang-build-session-file /tmp/morsel-286-dd/ModuleCache.noindex/Session.modulevalidation -package-name supabase_swift -Xcc -I/tmp/morsel-286-dd/Build/Intermediates.noindex/Supabase.build/Debug-iphonesimulator/Supabase.build/swift-overrides.hmap -emit-const-values -Xfrontend -const-gather-protocols-file -Xfrontend /tmp/morsel-286-dd/Build/Intermediates.noindex/Supabase.build/Debug-iphonesimulator/Supabase.build/Objects-normal/arm64/Supabase_const_extract_protocols.json -Xcc -I/tmp/morsel-286-dd/Build/Products/Debug-iphonesimulator/include -Xcc -I/tmp/morsel-286-dd/Build/Intermediates.noindex/Supabase.build/Debug-iphonesimulator/Supabase.build/DerivedSources-normal/arm64 -Xcc -I/tmp/morsel-286-dd/Build/Intermediates.noindex/Supabase.build/Debug-iphonesimulator/Supabase.build/DerivedSources/arm64 -Xcc -I/tmp/morsel-286-dd/Build/Intermediates.noindex/Supabase.build/Debug-iphonesimulator/Supabase.build/DerivedSources -Xcc -DSWIFT_PACKAGE -Xcc -DDEBUG\=1 -emit-objc-header -emit-objc-header-path /tmp/morsel-286-dd/Build/Intermediates.noindex/Supabase.build/Debug-iphonesimulator/Supabase.build/Objects-normal/arm64/Supabase-Swift.h -working-directory /tmp/morsel-286-mutation-qcdw70bm/issue-286-hero/app/Morsel.xcodeproj -experimental-emit-module-separately -disable-cmo

SwiftDriverJobDiscovery normal arm64 Compiling FunctionsClient.swift (in target 'Functions' from project 'Supabase')

SwiftDriver\ Compilation Functions normal arm64 com.apple.xcode.tools.swift.compiler (in target 'Functions' from project 'Supabase')
    cd /tmp/morsel-286-mutation-qcdw70bm/issue-286-hero/app/Morsel.xcodeproj
    builtin-Swift-Compilation -- /Applications/Xcode.app/Contents/Developer/Toolchains/XcodeDefault.xctoolchain/usr/bin/swiftc -module-name Functions -Onone @/tmp/morsel-286-dd/Build/Intermediates.noindex/Supabase.build/Debug-iphonesimulator/Functions.build/Objects-normal/arm64/Functions.SwiftFileList -DSWIFT_PACKAGE -DDEBUG -DSWIFT_MODULE_RESOURCE_BUNDLE_UNAVAILABLE -DXcode -enable-upcoming-feature ExistentialAny -enable-upcoming-feature ImmutableWeakCaptures -enable-upcoming-feature InferIsolatedConformances -enable-upcoming-feature InternalImportsByDefault -enable-upcoming-feature MemberImportVisibility -plugin-path /Applications/Xcode.app/Contents/Developer/Toolchains/XcodeDefault.xctoolchain/usr/lib/swift/host/plugins/testing -enable-experimental-feature DebugDescriptionMacro -sdk /Applications/Xcode.app/Contents/Developer/Platforms/iPhoneSimulator.platform/Developer/SDKs/iPhoneSimulator26.5.sdk -target arm64-apple-ios16.0-simulator -g -module-cache-path /tmp/morsel-286-dd/ModuleCache.noindex -Xfrontend -serialize-debugging-options -enable-testing -suppress-warnings -index-store-path /tmp/morsel-286-dd/Index.noindex/DataStore -Xcc -D_LIBCPP_HARDENING_MODE\=_LIBCPP_HARDENING_MODE_DEBUG -swift-version 6 -I /tmp/morsel-286-dd/Build/Products/Debug-iphonesimulator -Isystem /Applications/Xcode.app/Contents/Developer/Platforms/iPhoneSimulator.platform/Developer/usr/lib -F /tmp/morsel-286-dd/Build/Products/Debug-iphonesimulator/PackageFrameworks -F /tmp/morsel-286-dd/Build/Products/Debug-iphonesimulator/PackageFrameworks -F /tmp/morsel-286-dd/Build/Products/Debug-iphonesimulator/PackageFrameworks -F /tmp/morsel-286-dd/Build/Products/Debug-iphonesimulator/PackageFrameworks -F /tmp/morsel-286-dd/Build/Products/Debug-iphonesimulator/PackageFrameworks -F /tmp/morsel-286-dd/Build/Products/Debug-iphonesimulator/PackageFrameworks -F /tmp/morsel-286-dd/Build/Products/Debug-iphonesimulator -F /Applications/Xcode.app/Contents/Developer/Platforms/iPhoneSimulator.platform/Developer/Library/Frameworks -F /Applications/Xcode.app/Contents/Developer/Platforms/iPhoneSimulator.platform/Developer/SDKs/iPhoneSimulator26.5.sdk/Developer/Library/Frameworks -c -j10 -enable-batch-mode -incremental -Xcc -ivfsstatcache -Xcc /tmp/morsel-286-dd/SDKStatCaches.noindex/iphonesimulator26.5-23F81a-6cfe768891a92b912361537c460fe42b.sdkstatcache -output-file-map /tmp/morsel-286-dd/Build/Intermediates.noindex/Supabase.build/Debug-iphonesimulator/Functions.build/Objects-normal/arm64/Functions-OutputFileMap.json -use-frontend-parseable-output -save-temps -no-color-diagnostics -explicit-module-build -module-cache-path /tmp/morsel-286-dd/Build/Intermediates.noindex/SwiftExplicitPrecompiledModules -clang-scanner-module-cache-path /tmp/morsel-286-dd/ModuleCache.noindex -sdk-module-cache-path /tmp/morsel-286-dd/ModuleCache.noindex -serialize-diagnostics -emit-dependencies -emit-module -emit-module-path /tmp/morsel-286-dd/Build/Intermediates.noindex/Supabase.build/Debug-iphonesimulator/Functions.build/Objects-normal/arm64/Functions.swiftmodule -user-module-version 2.55.1 -validate-clang-modules-once -clang-build-session-file /tmp/morsel-286-dd/ModuleCache.noindex/Session.modulevalidation -package-name supabase_swift -Xcc -I/tmp/morsel-286-dd/Build/Intermediates.noindex/Supabase.build/Debug-iphonesimulator/Functions.build/swift-overrides.hmap -emit-const-values -Xfrontend -const-gather-protocols-file -Xfrontend /tmp/morsel-286-dd/Build/Intermediates.noindex/Supabase.build/Debug-iphonesimulator/Functions.build/Objects-normal/arm64/Functions_const_extract_protocols.json -Xcc -I/tmp/morsel-286-dd/Build/Products/Debug-iphonesimulator/include -Xcc -I/tmp/morsel-286-dd/Build/Intermediates.noindex/Supabase.build/Debug-iphonesimulator/Functions.build/DerivedSources-normal/arm64 -Xcc -I/tmp/morsel-286-dd/Build/Intermediates.noindex/Supabase.build/Debug-iphonesimulator/Functions.build/DerivedSources/arm64 -Xcc -I/tmp/morsel-286-dd/Build/Intermediates.noindex/Supabase.build/Debug-iphonesimulator/Functions.build/DerivedSources -Xcc -DSWIFT_PACKAGE -Xcc -DDEBUG\=1 -emit-objc-header -emit-objc-header-path /tmp/morsel-286-dd/Build/Intermediates.noindex/Supabase.build/Debug-iphonesimulator/Functions.build/Objects-normal/arm64/Functions-Swift.h -working-directory /tmp/morsel-286-mutation-qcdw70bm/issue-286-hero/app/Morsel.xcodeproj -experimental-emit-module-separately -disable-cmo

Ld /tmp/morsel-286-dd/Build/Products/Debug-iphonesimulator/Functions.o normal (in target 'Functions' from project 'Supabase')
    cd /tmp/morsel-286-dd/SourcePackages/checkouts/supabase-swift
    /Applications/Xcode.app/Contents/Developer/Toolchains/XcodeDefault.xctoolchain/usr/bin/clang -Xlinker -reproducible -target arm64-apple-ios16.0-simulator -r -isysroot /Applications/Xcode.app/Contents/Developer/Platforms/iPhoneSimulator.platform/Developer/SDKs/iPhoneSimulator26.5.sdk -O0 -w -F/tmp/morsel-286-dd/Build/Intermediates.noindex/EagerLinkingTBDs/Debug-iphonesimulator -F/tmp/morsel-286-dd/Build/Products/Debug-iphonesimulator/PackageFrameworks -F/tmp/morsel-286-dd/Build/Products/Debug-iphonesimulator/PackageFrameworks -F/tmp/morsel-286-dd/Build/Products/Debug-iphonesimulator/PackageFrameworks -F/tmp/morsel-286-dd/Build/Products/Debug-iphonesimulator/PackageFrameworks -F/tmp/morsel-286-dd/Build/Products/Debug-iphonesimulator/PackageFrameworks -F/tmp/morsel-286-dd/Build/Products/Debug-iphonesimulator/PackageFrameworks -F/tmp/morsel-286-dd/Build/Products/Debug-iphonesimulator -iframework /Applications/Xcode.app/Contents/Developer/Platforms/iPhoneSimulator.platform/Developer/Library/Frameworks -iframework /Applications/Xcode.app/Contents/Developer/Platforms/iPhoneSimulator.platform/Developer/SDKs/iPhoneSimulator26.5.sdk/Developer/Library/Frameworks -filelist /tmp/morsel-286-dd/Build/Intermediates.noindex/Supabase.build/Debug-iphonesimulator/Functions.build/Objects-normal/arm64/Functions.LinkFileList -nostdlib -Xlinker -object_path_lto -Xlinker /tmp/morsel-286-dd/Build/Intermediates.noindex/Supabase.build/Debug-iphonesimulator/Functions.build/Objects-normal/arm64/Functions_lto.o -Xlinker -no_deduplicate -Xlinker -objc_abi_version -Xlinker 2 -Xlinker -dependency_info -Xlinker /tmp/morsel-286-dd/Build/Intermediates.noindex/Supabase.build/Debug-iphonesimulator/Functions.build/Objects-normal/arm64/Functions_dependency_info.dat -fobjc-link-runtime -L/Applications/Xcode.app/Contents/Developer/Toolchains/XcodeDefault.xctoolchain/usr/lib/swift/iphonesimulator -L/usr/lib/swift -Xlinker -add_ast_path -Xlinker /tmp/morsel-286-dd/Build/Intermediates.noindex/Supabase.build/Debug-iphonesimulator/Functions.build/Objects-normal/arm64/Functions.swiftmodule @/tmp/morsel-286-dd/Build/Intermediates.noindex/Supabase.build/Debug-iphonesimulator/Functions.build/Objects-normal/arm64/Functions-linker-args.resp -o /tmp/morsel-286-dd/Build/Products/Debug-iphonesimulator/Functions.o

ExtractAppIntentsMetadata (in target 'Functions' from project 'Supabase')
    cd /tmp/morsel-286-dd/SourcePackages/checkouts/supabase-swift
    /Applications/Xcode.app/Contents/Developer/Toolchains/XcodeDefault.xctoolchain/usr/bin/appintentsmetadataprocessor --toolchain-dir /Applications/Xcode.app/Contents/Developer/Toolchains/XcodeDefault.xctoolchain --module-name Functions --sdk-root /Applications/Xcode.app/Contents/Developer/Platforms/iPhoneSimulator.platform/Developer/SDKs/iPhoneSimulator26.5.sdk --xcode-version 17F113 --platform-family iOS --deployment-target 16.0 --bundle-identifier supabase-swift.Functions --output /tmp/morsel-286-dd/Build/Products/Debug-iphonesimulator/Functions.appintents --target-triple arm64-apple-ios16.0-simulator --binary-file /tmp/morsel-286-dd/Build/Products/Debug-iphonesimulator/Functions.o --dependency-file /tmp/morsel-286-dd/Build/Intermediates.noindex/Supabase.build/Debug-iphonesimulator/Functions.build/Objects-normal/arm64/Functions_dependency_info.dat --stringsdata-file /tmp/morsel-286-dd/Build/Intermediates.noindex/Supabase.build/Debug-iphonesimulator/Functions.build/Objects-normal/arm64/ExtractedAppShortcutsMetadata.stringsdata --source-file-list /tmp/morsel-286-dd/Build/Intermediates.noindex/Supabase.build/Debug-iphonesimulator/Functions.build/Objects-normal/arm64/Functions.SwiftFileList --metadata-file-list /tmp/morsel-286-dd/Build/Intermediates.noindex/Supabase.build/Debug-iphonesimulator/Functions.build/Functions.DependencyMetadataFileList --static-metadata-file-list /tmp/morsel-286-dd/Build/Intermediates.noindex/Supabase.build/Debug-iphonesimulator/Functions.build/Functions.DependencyStaticMetadataFileList --swift-const-vals-list /tmp/morsel-286-dd/Build/Intermediates.noindex/Supabase.build/Debug-iphonesimulator/Functions.build/Objects-normal/arm64/Functions.SwiftConstValuesFileList --force --compile-time-extraction --deployment-aware-processing --validate-assistant-intents --no-app-shortcuts-localization
2026-09-17 12:33:05.650 appintentsmetadataprocessor[31738:12832482] Starting appintentsmetadataprocessor export
2026-09-17 12:33:05.716 appintentsmetadataprocessor[31738:12832482] Extracted no relevant App Intents symbols, skipping writing output

RegisterExecutionPolicyException /tmp/morsel-286-dd/Build/Products/Debug-iphonesimulator/Functions.o (in target 'Functions' from project 'Supabase')
    cd /tmp/morsel-286-dd/SourcePackages/checkouts/supabase-swift
    builtin-RegisterExecutionPolicyException /tmp/morsel-286-dd/Build/Products/Debug-iphonesimulator/Functions.o

SwiftCompile normal arm64 Compiling\ PostgrestFilterBuilder.swift /tmp/morsel-286-dd/SourcePackages/checkouts/supabase-swift/Sources/PostgREST/PostgrestFilterBuilder.swift (in target 'PostgREST' from project 'Supabase')
SwiftCompile normal arm64 /tmp/morsel-286-dd/SourcePackages/checkouts/supabase-swift/Sources/PostgREST/PostgrestFilterBuilder.swift (in target 'PostgREST' from project 'Supabase')
    cd /tmp/morsel-286-mutation-qcdw70bm/issue-286-hero/app/Morsel.xcodeproj


SwiftCompile normal arm64 Compiling\ Defaults.swift /tmp/morsel-286-dd/SourcePackages/checkouts/supabase-swift/Sources/PostgREST/Defaults.swift (in target 'PostgREST' from project 'Supabase')

SwiftCompile normal arm64 /tmp/morsel-286-dd/SourcePackages/checkouts/supabase-swift/Sources/PostgREST/Defaults.swift (in target 'PostgREST' from project 'Supabase')
    cd /tmp/morsel-286-mutation-qcdw70bm/issue-286-hero/app/Morsel.xcodeproj


SwiftCompile normal arm64 Compiling\ PostgrestClient.swift /tmp/morsel-286-dd/SourcePackages/checkouts/supabase-swift/Sources/PostgREST/PostgrestClient.swift (in target 'PostgREST' from project 'Supabase')

SwiftCompile normal arm64 /tmp/morsel-286-dd/SourcePackages/checkouts/supabase-swift/Sources/PostgREST/PostgrestClient.swift (in target 'PostgREST' from project 'Supabase')
    cd /tmp/morsel-286-mutation-qcdw70bm/issue-286-hero/app/Morsel.xcodeproj


SwiftCompile normal arm64 Compiling\ PostgrestBuilder.swift /tmp/morsel-286-dd/SourcePackages/checkouts/supabase-swift/Sources/PostgREST/PostgrestBuilder.swift (in target 'PostgREST' from project 'Supabase')
SwiftCompile normal arm64 /tmp/morsel-286-dd/SourcePackages/checkouts/supabase-swift/Sources/PostgREST/PostgrestBuilder.swift (in target 'PostgREST' from project 'Supabase')
    cd /tmp/morsel-286-mutation-qcdw70bm/issue-286-hero/app/Morsel.xcodeproj


SwiftCompile normal arm64 Compiling\ Exports.swift /tmp/morsel-286-dd/SourcePackages/checkouts/supabase-swift/Sources/PostgREST/Exports.swift (in target 'PostgREST' from project 'Supabase')

SwiftCompile normal arm64 /tmp/morsel-286-dd/SourcePackages/checkouts/supabase-swift/Sources/PostgREST/Exports.swift (in target 'PostgREST' from project 'Supabase')
    cd /tmp/morsel-286-mutation-qcdw70bm/issue-286-hero/app/Morsel.xcodeproj


SwiftCompile normal arm64 Compiling\ Deprecated.swift /tmp/morsel-286-dd/SourcePackages/checkouts/supabase-swift/Sources/PostgREST/Deprecated.swift (in target 'PostgREST' from project 'Supabase')

SwiftCompile normal arm64 /tmp/morsel-286-dd/SourcePackages/checkouts/supabase-swift/Sources/PostgREST/Deprecated.swift (in target 'PostgREST' from project 'Supabase')
    cd /tmp/morsel-286-mutation-qcdw70bm/issue-286-hero/app/Morsel.xcodeproj


SwiftCompile normal arm64 Compiling\ Types.swift /tmp/morsel-286-dd/SourcePackages/checkouts/supabase-swift/Sources/PostgREST/Types.swift (in target 'PostgREST' from project 'Supabase')

SwiftCompile normal arm64 /tmp/morsel-286-dd/SourcePackages/checkouts/supabase-swift/Sources/PostgREST/Types.swift (in target 'PostgREST' from project 'Supabase')
    cd /tmp/morsel-286-mutation-qcdw70bm/issue-286-hero/app/Morsel.xcodeproj


SwiftCompile normal arm64 Compiling\ PostgrestFilterValue.swift /tmp/morsel-286-dd/SourcePackages/checkouts/supabase-swift/Sources/PostgREST/PostgrestFilterValue.swift (in target 'PostgREST' from project 'Supabase')

SwiftCompile normal arm64 /tmp/morsel-286-dd/SourcePackages/checkouts/supabase-swift/Sources/PostgREST/PostgrestFilterValue.swift (in target 'PostgREST' from project 'Supabase')
    cd /tmp/morsel-286-mutation-qcdw70bm/issue-286-hero/app/Morsel.xcodeproj


SwiftCompile normal arm64 Compiling\ PostgrestTransformBuilder.swift /tmp/morsel-286-dd/SourcePackages/checkouts/supabase-swift/Sources/PostgREST/PostgrestTransformBuilder.swift (in target 'PostgREST' from project 'Supabase')

SwiftCompile normal arm64 /tmp/morsel-286-dd/SourcePackages/checkouts/supabase-swift/Sources/PostgREST/PostgrestTransformBuilder.swift (in target 'PostgREST' from project 'Supabase')
    cd /tmp/morsel-286-mutation-qcdw70bm/issue-286-hero/app/Morsel.xcodeproj


SwiftCompile normal arm64 Compiling\ PostgrestQueryBuilder.swift /tmp/morsel-286-dd/SourcePackages/checkouts/supabase-swift/Sources/PostgREST/PostgrestQueryBuilder.swift (in target 'PostgREST' from project 'Supabase')

SwiftCompile normal arm64 /tmp/morsel-286-dd/SourcePackages/checkouts/supabase-swift/Sources/PostgREST/PostgrestQueryBuilder.swift (in target 'PostgREST' from project 'Supabase')
    cd /tmp/morsel-286-mutation-qcdw70bm/issue-286-hero/app/Morsel.xcodeproj


SwiftDriverJobDiscovery normal arm64 Compiling Exports.swift (in target 'PostgREST' from project 'Supabase')

SwiftDriverJobDiscovery normal arm64 Compiling Defaults.swift (in target 'PostgREST' from project 'Supabase')

SwiftDriverJobDiscovery normal arm64 Compiling Deprecated.swift (in target 'PostgREST' from project 'Supabase')

SwiftEmitModule normal arm64 Emitting\ module\ for\ Supabase (in target 'Supabase' from project 'Supabase')

EmitSwiftModule normal arm64 (in target 'Supabase' from project 'Supabase')
    cd /tmp/morsel-286-mutation-qcdw70bm/issue-286-hero/app/Morsel.xcodeproj


SwiftDriverJobDiscovery normal arm64 Compiling Types.swift (in target 'PostgREST' from project 'Supabase')

SwiftDriverJobDiscovery normal arm64 Compiling PostgrestFilterValue.swift (in target 'PostgREST' from project 'Supabase')

SwiftDriverJobDiscovery normal arm64 Compiling PostgrestTransformBuilder.swift (in target 'PostgREST' from project 'Supabase')

SwiftDriverJobDiscovery normal arm64 Compiling PostgrestClient.swift (in target 'PostgREST' from project 'Supabase')

SwiftDriverJobDiscovery normal arm64 Emitting module for Supabase (in target 'Supabase' from project 'Supabase')

SwiftDriver\ Compilation\ Requirements Supabase normal arm64 com.apple.xcode.tools.swift.compiler (in target 'Supabase' from project 'Supabase')
    cd /tmp/morsel-286-mutation-qcdw70bm/issue-286-hero/app/Morsel.xcodeproj
    builtin-Swift-Compilation-Requirements -- /Applications/Xcode.app/Contents/Developer/Toolchains/XcodeDefault.xctoolchain/usr/bin/swiftc -module-name Supabase -Onone @/tmp/morsel-286-dd/Build/Intermediates.noindex/Supabase.build/Debug-iphonesimulator/Supabase.build/Objects-normal/arm64/Supabase.SwiftFileList -DSWIFT_PACKAGE -DDEBUG -DSWIFT_MODULE_RESOURCE_BUNDLE_UNAVAILABLE -DXcode -enable-upcoming-feature ExistentialAny -enable-upcoming-feature ImmutableWeakCaptures -enable-upcoming-feature InferIsolatedConformances -enable-upcoming-feature InternalImportsByDefault -enable-upcoming-feature MemberImportVisibility -plugin-path /Applications/Xcode.app/Contents/Developer/Toolchains/XcodeDefault.xctoolchain/usr/lib/swift/host/plugins/testing -enable-experimental-feature DebugDescriptionMacro -sdk /Applications/Xcode.app/Contents/Developer/Platforms/iPhoneSimulator.platform/Developer/SDKs/iPhoneSimulator26.5.sdk -target arm64-apple-ios16.0-simulator -g -module-cache-path /tmp/morsel-286-dd/ModuleCache.noindex -Xfrontend -serialize-debugging-options -enable-testing -suppress-warnings -index-store-path /tmp/morsel-286-dd/Index.noindex/DataStore -Xcc -D_LIBCPP_HARDENING_MODE\=_LIBCPP_HARDENING_MODE_DEBUG -swift-version 6 -I /tmp/morsel-286-dd/Build/Products/Debug-iphonesimulator -Isystem /Applications/Xcode.app/Contents/Developer/Platforms/iPhoneSimulator.platform/Developer/usr/lib -F /tmp/morsel-286-dd/Build/Products/Debug-iphonesimulator/PackageFrameworks -F /tmp/morsel-286-dd/Build/Products/Debug-iphonesimulator/PackageFrameworks -F /tmp/morsel-286-dd/Build/Products/Debug-iphonesimulator/PackageFrameworks -F /tmp/morsel-286-dd/Build/Products/Debug-iphonesimulator/PackageFrameworks -F /tmp/morsel-286-dd/Build/Products/Debug-iphonesimulator/PackageFrameworks -F /tmp/morsel-286-dd/Build/Products/Debug-iphonesimulator/PackageFrameworks -F /tmp/morsel-286-dd/Build/Products/Debug-iphonesimulator/PackageFrameworks -F /tmp/morsel-286-dd/Build/Products/Debug-iphonesimulator/PackageFrameworks -F /tmp/morsel-286-dd/Build/Products/Debug-iphonesimulator/PackageFrameworks -F /tmp/morsel-286-dd/Build/Products/Debug-iphonesimulator/PackageFrameworks -F /tmp/morsel-286-dd/Build/Products/Debug-iphonesimulator/PackageFrameworks -F /tmp/morsel-286-dd/Build/Products/Debug-iphonesimulator/PackageFrameworks -F /tmp/morsel-286-dd/Build/Products/Debug-iphonesimulator/PackageFrameworks -F /tmp/morsel-286-dd/Build/Products/Debug-iphonesimulator -F /Applications/Xcode.app/Contents/Developer/Platforms/iPhoneSimulator.platform/Developer/Library/Frameworks -F /Applications/Xcode.app/Contents/Developer/Platforms/iPhoneSimulator.platform/Developer/SDKs/iPhoneSimulator26.5.sdk/Developer/Library/Frameworks -c -j10 -enable-batch-mode -incremental -Xcc -ivfsstatcache -Xcc /tmp/morsel-286-dd/SDKStatCaches.noindex/iphonesimulator26.5-23F81a-6cfe768891a92b912361537c460fe42b.sdkstatcache -output-file-map /tmp/morsel-286-dd/Build/Intermediates.noindex/Supabase.build/Debug-iphonesimulator/Supabase.build/Objects-normal/arm64/Supabase-OutputFileMap.json -use-frontend-parseable-output -save-temps -no-color-diagnostics -explicit-module-build -module-cache-path /tmp/morsel-286-dd/Build/Intermediates.noindex/SwiftExplicitPrecompiledModules -clang-scanner-module-cache-path /tmp/morsel-286-dd/ModuleCache.noindex -sdk-module-cache-path /tmp/morsel-286-dd/ModuleCache.noindex -serialize-diagnostics -emit-dependencies -emit-module -emit-module-path /tmp/morsel-286-dd/Build/Intermediates.noindex/Supabase.build/Debug-iphonesimulator/Supabase.build/Objects-normal/arm64/Supabase.swiftmodule -user-module-version 2.55.1 -validate-clang-modules-once -clang-build-session-file /tmp/morsel-286-dd/ModuleCache.noindex/Session.modulevalidation -package-name supabase_swift -Xcc -I/tmp/morsel-286-dd/Build/Intermediates.noindex/Supabase.build/Debug-iphonesimulator/Supabase.build/swift-overrides.hmap -emit-const-values -Xfrontend -const-gather-protocols-file -Xfrontend /tmp/morsel-286-dd/Build/Intermediates.noindex/Supabase.build/Debug-iphonesimulator/Supabase.build/Objects-normal/arm64/Supabase_const_extract_protocols.json -Xcc -I/tmp/morsel-286-dd/Build/Products/Debug-iphonesimulator/include -Xcc -I/tmp/morsel-286-dd/Build/Intermediates.noindex/Supabase.build/Debug-iphonesimulator/Supabase.build/DerivedSources-normal/arm64 -Xcc -I/tmp/morsel-286-dd/Build/Intermediates.noindex/Supabase.build/Debug-iphonesimulator/Supabase.build/DerivedSources/arm64 -Xcc -I/tmp/morsel-286-dd/Build/Intermediates.noindex/Supabase.build/Debug-iphonesimulator/Supabase.build/DerivedSources -Xcc -DSWIFT_PACKAGE -Xcc -DDEBUG\=1 -emit-objc-header -emit-objc-header-path /tmp/morsel-286-dd/Build/Intermediates.noindex/Supabase.build/Debug-iphonesimulator/Supabase.build/Objects-normal/arm64/Supabase-Swift.h -working-directory /tmp/morsel-286-mutation-qcdw70bm/issue-286-hero/app/Morsel.xcodeproj -experimental-emit-module-separately -disable-cmo

Copy /tmp/morsel-286-dd/Build/Products/Debug-iphonesimulator/Supabase.swiftmodule/arm64-apple-ios-simulator.abi.json /tmp/morsel-286-dd/Build/Intermediates.noindex/Supabase.build/Debug-iphonesimulator/Supabase.build/Objects-normal/arm64/Supabase.abi.json (in target 'Supabase' from project 'Supabase')
    cd /tmp/morsel-286-dd/SourcePackages/checkouts/supabase-swift
    builtin-copy -exclude .DS_Store -exclude CVS -exclude .svn -exclude .git -exclude .hg -resolve-src-symlinks -rename /tmp/morsel-286-dd/Build/Intermediates.noindex/Supabase.build/Debug-iphonesimulator/Supabase.build/Objects-normal/arm64/Supabase.abi.json /tmp/morsel-286-dd/Build/Products/Debug-iphonesimulator/Supabase.swiftmodule/arm64-apple-ios-simulator.abi.json

Copy /tmp/morsel-286-dd/Build/Products/Debug-iphonesimulator/Supabase.swiftmodule/arm64-apple-ios-simulator.swiftmodule /tmp/morsel-286-dd/Build/Intermediates.noindex/Supabase.build/Debug-iphonesimulator/Supabase.build/Objects-normal/arm64/Supabase.swiftmodule (in target 'Supabase' from project 'Supabase')
    cd /tmp/morsel-286-dd/SourcePackages/checkouts/supabase-swift
    builtin-copy -exclude .DS_Store -exclude CVS -exclude .svn -exclude .git -exclude .hg -resolve-src-symlinks -rename /tmp/morsel-286-dd/Build/Intermediates.noindex/Supabase.build/Debug-iphonesimulator/Supabase.build/Objects-normal/arm64/Supabase.swiftmodule /tmp/morsel-286-dd/Build/Products/Debug-iphonesimulator/Supabase.swiftmodule/arm64-apple-ios-simulator.swiftmodule

GenerateAssetSymbols /tmp/morsel-286-mutation-qcdw70bm/issue-286-hero/app/Assets.xcassets (in target 'Morsel' from project 'Morsel')
    cd /tmp/morsel-286-mutation-qcdw70bm/issue-286-hero/app
    /Applications/Xcode.app/Contents/Developer/usr/bin/actool /tmp/morsel-286-mutation-qcdw70bm/issue-286-hero/app/Assets.xcassets --compile /tmp/morsel-286-dd/Build/Products/Debug-iphonesimulator/Morsel.app --output-format human-readable-text --notices --warnings --export-dependency-info /tmp/morsel-286-dd/Build/Intermediates.noindex/Morsel.build/Debug-iphonesimulator/Morsel.build/assetcatalog_dependencies --output-partial-info-plist /tmp/morsel-286-dd/Build/Intermediates.noindex/Morsel.build/Debug-iphonesimulator/Morsel.build/assetcatalog_generated_info.plist --app-icon AppIcon --compress-pngs --enable-on-demand-resources YES --development-region en --target-device iphone --minimum-deployment-target 17.0 --platform iphonesimulator --bundle-identifier com.jirathip.morsel --generate-swift-asset-symbol-extensions NO --generate-swift-asset-symbols /tmp/morsel-286-dd/Build/Intermediates.noindex/Morsel.build/Debug-iphonesimulator/Morsel.build/DerivedSources/GeneratedAssetSymbols.swift --generate-objc-asset-symbols /tmp/morsel-286-dd/Build/Intermediates.noindex/Morsel.build/Debug-iphonesimulator/Morsel.build/DerivedSources/GeneratedAssetSymbols.h --generate-asset-symbol-index /tmp/morsel-286-dd/Build/Intermediates.noindex/Morsel.build/Debug-iphonesimulator/Morsel.build/DerivedSources/GeneratedAssetSymbols-Index.plist
/* com.apple.actool.compilation-results */
/tmp/morsel-286-dd/Build/Intermediates.noindex/Morsel.build/Debug-iphonesimulator/Morsel.build/DerivedSources/GeneratedAssetSymbols-Index.plist
/tmp/morsel-286-dd/Build/Intermediates.noindex/Morsel.build/Debug-iphonesimulator/Morsel.build/DerivedSources/GeneratedAssetSymbols.h
/tmp/morsel-286-dd/Build/Intermediates.noindex/Morsel.build/Debug-iphonesimulator/Morsel.build/DerivedSources/GeneratedAssetSymbols.swift


CompileAssetCatalogVariant thinned /tmp/morsel-286-dd/Build/Products/Debug-iphonesimulator/Morsel.app /tmp/morsel-286-mutation-qcdw70bm/issue-286-hero/app/Assets.xcassets (in target 'Morsel' from project 'Morsel')
    cd /tmp/morsel-286-mutation-qcdw70bm/issue-286-hero/app
    /Applications/Xcode.app/Contents/Developer/usr/bin/actool /tmp/morsel-286-mutation-qcdw70bm/issue-286-hero/app/Assets.xcassets --compile /tmp/morsel-286-dd/Build/Intermediates.noindex/Morsel.build/Debug-iphonesimulator/Morsel.build/assetcatalog_output/thinned --output-format human-readable-text --notices --warnings --export-dependency-info /tmp/morsel-286-dd/Build/Intermediates.noindex/Morsel.build/Debug-iphonesimulator/Morsel.build/assetcatalog_dependencies_thinned --output-partial-info-plist /tmp/morsel-286-dd/Build/Intermediates.noindex/Morsel.build/Debug-iphonesimulator/Morsel.build/assetcatalog_generated_info.plist_thinned --app-icon AppIcon --compress-pngs --enable-on-demand-resources YES --filter-for-thinning-device-configuration iPhone18,1 --filter-for-device-os-version 26.5 --development-region en --target-device iphone --minimum-deployment-target 17.0 --platform iphonesimulator
/* com.apple.actool.compilation-results */
/tmp/morsel-286-dd/Build/Intermediates.noindex/Morsel.build/Debug-iphonesimulator/Morsel.build/assetcatalog_generated_info.plist_thinned
/tmp/morsel-286-dd/Build/Intermediates.noindex/Morsel.build/Debug-iphonesimulator/Morsel.build/assetcatalog_output/thinned/AppIcon60x60@2x.png
/tmp/morsel-286-dd/Build/Intermediates.noindex/Morsel.build/Debug-iphonesimulator/Morsel.build/assetcatalog_output/thinned/Assets.car


SwiftDriverJobDiscovery normal arm64 Compiling PostgrestFilterBuilder.swift (in target 'PostgREST' from project 'Supabase')

SwiftDriver Morsel normal arm64 com.apple.xcode.tools.swift.compiler (in target 'Morsel' from project 'Morsel')
    cd /tmp/morsel-286-mutation-qcdw70bm/issue-286-hero/app
    builtin-SwiftDriver -- /Applications/Xcode.app/Contents/Developer/Toolchains/XcodeDefault.xctoolchain/usr/bin/swiftc -module-name Morsel -Onone @/tmp/morsel-286-dd/Build/Intermediates.noindex/Morsel.build/Debug-iphonesimulator/Morsel.build/Objects-normal/arm64/Morsel.SwiftFileList -DDEBUG -enable-bare-slash-regex -enable-experimental-feature DebugDescriptionMacro -sdk /Applications/Xcode.app/Contents/Developer/Platforms/iPhoneSimulator.platform/Developer/SDKs/iPhoneSimulator26.5.sdk -target arm64-apple-ios17.0-simulator -g -module-cache-path /tmp/morsel-286-dd/ModuleCache.noindex -Xfrontend -serialize-debugging-options -enable-testing -index-store-path /tmp/morsel-286-dd/Index.noindex/DataStore -Xcc -D_LIBCPP_HARDENING_MODE\=_LIBCPP_HARDENING_MODE_DEBUG -swift-version 5 -I /tmp/morsel-286-dd/Build/Products/Debug-iphonesimulator -F /tmp/morsel-286-dd/Build/Products/Debug-iphonesimulator/PackageFrameworks -F /tmp/morsel-286-dd/Build/Products/Debug-iphonesimulator/PackageFrameworks -F /tmp/morsel-286-dd/Build/Products/Debug-iphonesimulator/PackageFrameworks -F /tmp/morsel-286-dd/Build/Products/Debug-iphonesimulator/PackageFrameworks -F /tmp/morsel-286-dd/Build/Products/Debug-iphonesimulator/PackageFrameworks -F /tmp/morsel-286-dd/Build/Products/Debug-iphonesimulator/PackageFrameworks -F /tmp/morsel-286-dd/Build/Products/Debug-iphonesimulator/PackageFrameworks -F /tmp/morsel-286-dd/Build/Products/Debug-iphonesimulator/PackageFrameworks -F /tmp/morsel-286-dd/Build/Products/Debug-iphonesimulator/PackageFrameworks -F /tmp/morsel-286-dd/Build/Products/Debug-iphonesimulator/PackageFrameworks -F /tmp/morsel-286-dd/Build/Products/Debug-iphonesimulator/PackageFrameworks -F /tmp/morsel-286-dd/Build/Products/Debug-iphonesimulator/PackageFrameworks -F /tmp/morsel-286-dd/Build/Products/Debug-iphonesimulator/PackageFrameworks -F /tmp/morsel-286-dd/Build/Products/Debug-iphonesimulator/PackageFrameworks -F /tmp/morsel-286-dd/Build/Products/Debug-iphonesimulator -c -j10 -enable-batch-mode -incremental -Xcc -ivfsstatcache -Xcc /tmp/morsel-286-dd/SDKStatCaches.noindex/iphonesimulator26.5-23F81a-6cfe768891a92b912361537c460fe42b.sdkstatcache -output-file-map /tmp/morsel-286-dd/Build/Intermediates.noindex/Morsel.build/Debug-iphonesimulator/Morsel.build/Objects-normal/arm64/Morsel-OutputFileMap.json -use-frontend-parseable-output -save-temps -no-color-diagnostics -explicit-module-build -module-cache-path /tmp/morsel-286-dd/Build/Intermediates.noindex/SwiftExplicitPrecompiledModules -clang-scanner-module-cache-path /tmp/morsel-286-dd/ModuleCache.noindex -sdk-module-cache-path /tmp/morsel-286-dd/ModuleCache.noindex -serialize-diagnostics -emit-dependencies -emit-module -emit-module-path /tmp/morsel-286-dd/Build/Intermediates.noindex/Morsel.build/Debug-iphonesimulator/Morsel.build/Objects-normal/arm64/Morsel.swiftmodule -validate-clang-modules-once -clang-build-session-file /tmp/morsel-286-dd/ModuleCache.noindex/Session.modulevalidation -Xcc -I/tmp/morsel-286-dd/Build/Intermediates.noindex/Morsel.build/Debug-iphonesimulator/Morsel.build/swift-overrides.hmap -emit-const-values -Xfrontend -const-gather-protocols-file -Xfrontend /tmp/morsel-286-dd/Build/Intermediates.noindex/Morsel.build/Debug-iphonesimulator/Morsel.build/Objects-normal/arm64/Morsel_const_extract_protocols.json -Xcc -iquote -Xcc /tmp/morsel-286-dd/Build/Intermediates.noindex/Morsel.build/Debug-iphonesimulator/Morsel.build/Morsel-generated-files.hmap -Xcc -I/tmp/morsel-286-dd/Build/Intermediates.noindex/Morsel.build/Debug-iphonesimulator/Morsel.build/Morsel-own-target-headers.hmap -Xcc -I/tmp/morsel-286-dd/Build/Intermediates.noindex/Morsel.build/Debug-iphonesimulator/Morsel.build/Morsel-all-non-framework-target-headers.hmap -Xcc -ivfsoverlay -Xcc /tmp/morsel-286-dd/Build/Intermediates.noindex/Morsel.build/Debug-iphonesimulator/Morsel-17248c3624f98dc6f156c39ec7fad702-VFS-iphonesimulator/all-product-headers.yaml -Xcc -iquote -Xcc /tmp/morsel-286-dd/Build/Intermediates.noindex/Morsel.build/Debug-iphonesimulator/Morsel.build/Morsel-project-headers.hmap -Xcc -I/tmp/morsel-286-dd/Build/Products/Debug-iphonesimulator/include -Xcc -I/tmp/morsel-286-dd/Build/Intermediates.noindex/Morsel.build/Debug-iphonesimulator/Morsel.build/DerivedSources-normal/arm64 -Xcc -I/tmp/morsel-286-dd/Build/Intermediates.noindex/Morsel.build/Debug-iphonesimulator/Morsel.build/DerivedSources/arm64 -Xcc -I/tmp/morsel-286-dd/Build/Intermediates.noindex/Morsel.build/Debug-iphonesimulator/Morsel.build/DerivedSources -Xcc -DDEBUG\=1 -emit-objc-header -emit-objc-header-path /tmp/morsel-286-dd/Build/Intermediates.noindex/Morsel.build/Debug-iphonesimulator/Morsel.build/Objects-normal/arm64/Morsel-Swift.h -working-directory /tmp/morsel-286-mutation-qcdw70bm/issue-286-hero/app -experimental-emit-module-separately -disable-cmo

SwiftDriverJobDiscovery normal arm64 Compiling PostgrestQueryBuilder.swift (in target 'PostgREST' from project 'Supabase')

SwiftDriverJobDiscovery normal arm64 Compiling PostgrestBuilder.swift (in target 'PostgREST' from project 'Supabase')

SwiftDriver\ Compilation PostgREST normal arm64 com.apple.xcode.tools.swift.compiler (in target 'PostgREST' from project 'Supabase')
    cd /tmp/morsel-286-mutation-qcdw70bm/issue-286-hero/app/Morsel.xcodeproj
    builtin-Swift-Compilation -- /Applications/Xcode.app/Contents/Developer/Toolchains/XcodeDefault.xctoolchain/usr/bin/swiftc -module-name PostgREST -Onone @/tmp/morsel-286-dd/Build/Intermediates.noindex/Supabase.build/Debug-iphonesimulator/PostgREST.build/Objects-normal/arm64/PostgREST.SwiftFileList -DSWIFT_PACKAGE -DDEBUG -DSWIFT_MODULE_RESOURCE_BUNDLE_UNAVAILABLE -DXcode -enable-upcoming-feature ExistentialAny -enable-upcoming-feature ImmutableWeakCaptures -enable-upcoming-feature InferIsolatedConformances -enable-upcoming-feature InternalImportsByDefault -enable-upcoming-feature MemberImportVisibility -plugin-path /Applications/Xcode.app/Contents/Developer/Toolchains/XcodeDefault.xctoolchain/usr/lib/swift/host/plugins/testing -enable-experimental-feature DebugDescriptionMacro -sdk /Applications/Xcode.app/Contents/Developer/Platforms/iPhoneSimulator.platform/Developer/SDKs/iPhoneSimulator26.5.sdk -target arm64-apple-ios16.0-simulator -g -module-cache-path /tmp/morsel-286-dd/ModuleCache.noindex -Xfrontend -serialize-debugging-options -enable-testing -suppress-warnings -index-store-path /tmp/morsel-286-dd/Index.noindex/DataStore -Xcc -D_LIBCPP_HARDENING_MODE\=_LIBCPP_HARDENING_MODE_DEBUG -swift-version 6 -I /tmp/morsel-286-dd/Build/Products/Debug-iphonesimulator -Isystem /Applications/Xcode.app/Contents/Developer/Platforms/iPhoneSimulator.platform/Developer/usr/lib -F /tmp/morsel-286-dd/Build/Products/Debug-iphonesimulator/PackageFrameworks -F /tmp/morsel-286-dd/Build/Products/Debug-iphonesimulator/PackageFrameworks -F /tmp/morsel-286-dd/Build/Products/Debug-iphonesimulator/PackageFrameworks -F /tmp/morsel-286-dd/Build/Products/Debug-iphonesimulator/PackageFrameworks -F /tmp/morsel-286-dd/Build/Products/Debug-iphonesimulator/PackageFrameworks -F /tmp/morsel-286-dd/Build/Products/Debug-iphonesimulator/PackageFrameworks -F /tmp/morsel-286-dd/Build/Products/Debug-iphonesimulator -F /Applications/Xcode.app/Contents/Developer/Platforms/iPhoneSimulator.platform/Developer/Library/Frameworks -F /Applications/Xcode.app/Contents/Developer/Platforms/iPhoneSimulator.platform/Developer/SDKs/iPhoneSimulator26.5.sdk/Developer/Library/Frameworks -c -j10 -enable-batch-mode -incremental -Xcc -ivfsstatcache -Xcc /tmp/morsel-286-dd/SDKStatCaches.noindex/iphonesimulator26.5-23F81a-6cfe768891a92b912361537c460fe42b.sdkstatcache -output-file-map /tmp/morsel-286-dd/Build/Intermediates.noindex/Supabase.build/Debug-iphonesimulator/PostgREST.build/Objects-normal/arm64/PostgREST-OutputFileMap.json -use-frontend-parseable-output -save-temps -no-color-diagnostics -explicit-module-build -module-cache-path /tmp/morsel-286-dd/Build/Intermediates.noindex/SwiftExplicitPrecompiledModules -clang-scanner-module-cache-path /tmp/morsel-286-dd/ModuleCache.noindex -sdk-module-cache-path /tmp/morsel-286-dd/ModuleCache.noindex -serialize-diagnostics -emit-dependencies -emit-module -emit-module-path /tmp/morsel-286-dd/Build/Intermediates.noindex/Supabase.build/Debug-iphonesimulator/PostgREST.build/Objects-normal/arm64/PostgREST.swiftmodule -user-module-version 2.55.1 -validate-clang-modules-once -clang-build-session-file /tmp/morsel-286-dd/ModuleCache.noindex/Session.modulevalidation -package-name supabase_swift -Xcc -I/tmp/morsel-286-dd/Build/Intermediates.noindex/Supabase.build/Debug-iphonesimulator/PostgREST.build/swift-overrides.hmap -emit-const-values -Xfrontend -const-gather-protocols-file -Xfrontend /tmp/morsel-286-dd/Build/Intermediates.noindex/Supabase.build/Debug-iphonesimulator/PostgREST.build/Objects-normal/arm64/PostgREST_const_extract_protocols.json -Xcc -I/tmp/morsel-286-dd/Build/Products/Debug-iphonesimulator/include -Xcc -I/tmp/morsel-286-dd/Build/Intermediates.noindex/Supabase.build/Debug-iphonesimulator/PostgREST.build/DerivedSources-normal/arm64 -Xcc -I/tmp/morsel-286-dd/Build/Intermediates.noindex/Supabase.build/Debug-iphonesimulator/PostgREST.build/DerivedSources/arm64 -Xcc -I/tmp/morsel-286-dd/Build/Intermediates.noindex/Supabase.build/Debug-iphonesimulator/PostgREST.build/DerivedSources -Xcc -DSWIFT_PACKAGE -Xcc -DDEBUG\=1 -emit-objc-header -emit-objc-header-path /tmp/morsel-286-dd/Build/Intermediates.noindex/Supabase.build/Debug-iphonesimulator/PostgREST.build/Objects-normal/arm64/PostgREST-Swift.h -working-directory /tmp/morsel-286-mutation-qcdw70bm/issue-286-hero/app/Morsel.xcodeproj -experimental-emit-module-separately -disable-cmo

Ld /tmp/morsel-286-dd/Build/Products/Debug-iphonesimulator/PostgREST.o normal (in target 'PostgREST' from project 'Supabase')
    cd /tmp/morsel-286-dd/SourcePackages/checkouts/supabase-swift
    /Applications/Xcode.app/Contents/Developer/Toolchains/XcodeDefault.xctoolchain/usr/bin/clang -Xlinker -reproducible -target arm64-apple-ios16.0-simulator -r -isysroot /Applications/Xcode.app/Contents/Developer/Platforms/iPhoneSimulator.platform/Developer/SDKs/iPhoneSimulator26.5.sdk -O0 -w -F/tmp/morsel-286-dd/Build/Intermediates.noindex/EagerLinkingTBDs/Debug-iphonesimulator -F/tmp/morsel-286-dd/Build/Products/Debug-iphonesimulator/PackageFrameworks -F/tmp/morsel-286-dd/Build/Products/Debug-iphonesimulator/PackageFrameworks -F/tmp/morsel-286-dd/Build/Products/Debug-iphonesimulator/PackageFrameworks -F/tmp/morsel-286-dd/Build/Products/Debug-iphonesimulator/PackageFrameworks -F/tmp/morsel-286-dd/Build/Products/Debug-iphonesimulator/PackageFrameworks -F/tmp/morsel-286-dd/Build/Products/Debug-iphonesimulator/PackageFrameworks -F/tmp/morsel-286-dd/Build/Products/Debug-iphonesimulator -iframework /Applications/Xcode.app/Contents/Developer/Platforms/iPhoneSimulator.platform/Developer/Library/Frameworks -iframework /Applications/Xcode.app/Contents/Developer/Platforms/iPhoneSimulator.platform/Developer/SDKs/iPhoneSimulator26.5.sdk/Developer/Library/Frameworks -filelist /tmp/morsel-286-dd/Build/Intermediates.noindex/Supabase.build/Debug-iphonesimulator/PostgREST.build/Objects-normal/arm64/PostgREST.LinkFileList -nostdlib -Xlinker -object_path_lto -Xlinker /tmp/morsel-286-dd/Build/Intermediates.noindex/Supabase.build/Debug-iphonesimulator/PostgREST.build/Objects-normal/arm64/PostgREST_lto.o -Xlinker -no_deduplicate -Xlinker -objc_abi_version -Xlinker 2 -Xlinker -dependency_info -Xlinker /tmp/morsel-286-dd/Build/Intermediates.noindex/Supabase.build/Debug-iphonesimulator/PostgREST.build/Objects-normal/arm64/PostgREST_dependency_info.dat -fobjc-link-runtime -L/Applications/Xcode.app/Contents/Developer/Toolchains/XcodeDefault.xctoolchain/usr/lib/swift/iphonesimulator -L/usr/lib/swift -Xlinker -add_ast_path -Xlinker /tmp/morsel-286-dd/Build/Intermediates.noindex/Supabase.build/Debug-iphonesimulator/PostgREST.build/Objects-normal/arm64/PostgREST.swiftmodule @/tmp/morsel-286-dd/Build/Intermediates.noindex/Supabase.build/Debug-iphonesimulator/PostgREST.build/Objects-normal/arm64/PostgREST-linker-args.resp -o /tmp/morsel-286-dd/Build/Products/Debug-iphonesimulator/PostgREST.o

ExtractAppIntentsMetadata (in target 'PostgREST' from project 'Supabase')
    cd /tmp/morsel-286-dd/SourcePackages/checkouts/supabase-swift
    /Applications/Xcode.app/Contents/Developer/Toolchains/XcodeDefault.xctoolchain/usr/bin/appintentsmetadataprocessor --toolchain-dir /Applications/Xcode.app/Contents/Developer/Toolchains/XcodeDefault.xctoolchain --module-name PostgREST --sdk-root /Applications/Xcode.app/Contents/Developer/Platforms/iPhoneSimulator.platform/Developer/SDKs/iPhoneSimulator26.5.sdk --xcode-version 17F113 --platform-family iOS --deployment-target 16.0 --bundle-identifier supabase-swift.PostgREST --output /tmp/morsel-286-dd/Build/Products/Debug-iphonesimulator/PostgREST.appintents --target-triple arm64-apple-ios16.0-simulator --binary-file /tmp/morsel-286-dd/Build/Products/Debug-iphonesimulator/PostgREST.o --dependency-file /tmp/morsel-286-dd/Build/Intermediates.noindex/Supabase.build/Debug-iphonesimulator/PostgREST.build/Objects-normal/arm64/PostgREST_dependency_info.dat --stringsdata-file /tmp/morsel-286-dd/Build/Intermediates.noindex/Supabase.build/Debug-iphonesimulator/PostgREST.build/Objects-normal/arm64/ExtractedAppShortcutsMetadata.stringsdata --source-file-list /tmp/morsel-286-dd/Build/Intermediates.noindex/Supabase.build/Debug-iphonesimulator/PostgREST.build/Objects-normal/arm64/PostgREST.SwiftFileList --metadata-file-list /tmp/morsel-286-dd/Build/Intermediates.noindex/Supabase.build/Debug-iphonesimulator/PostgREST.build/PostgREST.DependencyMetadataFileList --static-metadata-file-list /tmp/morsel-286-dd/Build/Intermediates.noindex/Supabase.build/Debug-iphonesimulator/PostgREST.build/PostgREST.DependencyStaticMetadataFileList --swift-const-vals-list /tmp/morsel-286-dd/Build/Intermediates.noindex/Supabase.build/Debug-iphonesimulator/PostgREST.build/Objects-normal/arm64/PostgREST.SwiftConstValuesFileList --force --compile-time-extraction --deployment-aware-processing --validate-assistant-intents --no-app-shortcuts-localization
2026-09-17 12:33:07.774 appintentsmetadataprocessor[31860:12832722] Starting appintentsmetadataprocessor export
2026-09-17 12:33:07.794 appintentsmetadataprocessor[31860:12832722] Extracted no relevant App Intents symbols, skipping writing output

RegisterExecutionPolicyException /tmp/morsel-286-dd/Build/Products/Debug-iphonesimulator/PostgREST.o (in target 'PostgREST' from project 'Supabase')
    cd /tmp/morsel-286-dd/SourcePackages/checkouts/supabase-swift
    builtin-RegisterExecutionPolicyException /tmp/morsel-286-dd/Build/Products/Debug-iphonesimulator/PostgREST.o

SwiftCompile normal arm64 Compiling\ PostgresActionData.swift,\ PresenceAction.swift,\ PushV2.swift /tmp/morsel-286-dd/SourcePackages/checkouts/supabase-swift/Sources/RealtimeV2/PostgresActionData.swift /tmp/morsel-286-dd/SourcePackages/checkouts/supabase-swift/Sources/RealtimeV2/PresenceAction.swift /tmp/morsel-286-dd/SourcePackages/checkouts/supabase-swift/Sources/RealtimeV2/PushV2.swift (in target 'RealtimeV2' from project 'Supabase')

SwiftCompile normal arm64 /tmp/morsel-286-dd/SourcePackages/checkouts/supabase-swift/Sources/RealtimeV2/PostgresActionData.swift (in target 'RealtimeV2' from project 'Supabase')
    cd /tmp/morsel-286-mutation-qcdw70bm/issue-286-hero/app/Morsel.xcodeproj


SwiftCompile normal arm64 /tmp/morsel-286-dd/SourcePackages/checkouts/supabase-swift/Sources/RealtimeV2/PresenceAction.swift (in target 'RealtimeV2' from project 'Supabase')
    cd /tmp/morsel-286-mutation-qcdw70bm/issue-286-hero/app/Morsel.xcodeproj


SwiftCompile normal arm64 /tmp/morsel-286-dd/SourcePackages/checkouts/supabase-swift/Sources/RealtimeV2/PushV2.swift (in target 'RealtimeV2' from project 'Supabase')
    cd /tmp/morsel-286-mutation-qcdw70bm/issue-286-hero/app/Morsel.xcodeproj


SwiftCompile normal arm64 Compiling\ CallbackManager.swift,\ ChannelEvent.swift,\ ChannelStateManager.swift /tmp/morsel-286-dd/SourcePackages/checkouts/supabase-swift/Sources/RealtimeV2/CallbackManager.swift /tmp/morsel-286-dd/SourcePackages/checkouts/supabase-swift/Sources/RealtimeV2/ChannelEvent.swift /tmp/morsel-286-dd/SourcePackages/checkouts/supabase-swift/Sources/RealtimeV2/ChannelStateManager.swift (in target 'RealtimeV2' from project 'Supabase')

SwiftCompile normal arm64 /tmp/morsel-286-dd/SourcePackages/checkouts/supabase-swift/Sources/RealtimeV2/CallbackManager.swift (in target 'RealtimeV2' from project 'Supabase')
    cd /tmp/morsel-286-mutation-qcdw70bm/issue-286-hero/app/Morsel.xcodeproj


SwiftCompile normal arm64 /tmp/morsel-286-dd/SourcePackages/checkouts/supabase-swift/Sources/RealtimeV2/ChannelEvent.swift (in target 'RealtimeV2' from project 'Supabase')
    cd /tmp/morsel-286-mutation-qcdw70bm/issue-286-hero/app/Morsel.xcodeproj


SwiftCompile normal arm64 /tmp/morsel-286-dd/SourcePackages/checkouts/supabase-swift/Sources/RealtimeV2/ChannelStateManager.swift (in target 'RealtimeV2' from project 'Supabase')
    cd /tmp/morsel-286-mutation-qcdw70bm/issue-286-hero/app/Morsel.xcodeproj


SwiftCompile normal arm64 Compiling\ RealtimePostgresFilter.swift,\ RealtimePostgresFilterValue.swift /tmp/morsel-286-dd/SourcePackages/checkouts/supabase-swift/Sources/RealtimeV2/RealtimePostgresFilter.swift /tmp/morsel-286-dd/SourcePackages/checkouts/supabase-swift/Sources/RealtimeV2/RealtimePostgresFilterValue.swift (in target 'RealtimeV2' from project 'Supabase')

SwiftCompile normal arm64 /tmp/morsel-286-dd/SourcePackages/checkouts/supabase-swift/Sources/RealtimeV2/RealtimePostgresFilter.swift (in target 'RealtimeV2' from project 'Supabase')
    cd /tmp/morsel-286-mutation-qcdw70bm/issue-286-hero/app/Morsel.xcodeproj


SwiftCompile normal arm64 /tmp/morsel-286-dd/SourcePackages/checkouts/supabase-swift/Sources/RealtimeV2/RealtimePostgresFilterValue.swift (in target 'RealtimeV2' from project 'Supabase')
    cd /tmp/morsel-286-mutation-qcdw70bm/issue-286-hero/app/Morsel.xcodeproj


SwiftCompile normal arm64 Compiling\ RealtimeError.swift,\ RealtimeJoinConfig.swift /tmp/morsel-286-dd/SourcePackages/checkouts/supabase-swift/Sources/RealtimeV2/RealtimeError.swift /tmp/morsel-286-dd/SourcePackages/checkouts/supabase-swift/Sources/RealtimeV2/RealtimeJoinConfig.swift (in target 'RealtimeV2' from project 'Supabase')

SwiftCompile normal arm64 /tmp/morsel-286-dd/SourcePackages/checkouts/supabase-swift/Sources/RealtimeV2/RealtimeError.swift (in target 'RealtimeV2' from project 'Supabase')
    cd /tmp/morsel-286-mutation-qcdw70bm/issue-286-hero/app/Morsel.xcodeproj


SwiftCompile normal arm64 /tmp/morsel-286-dd/SourcePackages/checkouts/supabase-swift/Sources/RealtimeV2/RealtimeJoinConfig.swift (in target 'RealtimeV2' from project 'Supabase')
    cd /tmp/morsel-286-mutation-qcdw70bm/issue-286-hero/app/Morsel.xcodeproj


SwiftCompile normal arm64 Compiling\ RealtimeClient+HeartbeatStatus.swift,\ RealtimeClient+Status.swift,\ RealtimeClientV2.swift /tmp/morsel-286-dd/SourcePackages/checkouts/supabase-swift/Sources/RealtimeV2/RealtimeClient+HeartbeatStatus.swift /tmp/morsel-286-dd/SourcePackages/checkouts/supabase-swift/Sources/RealtimeV2/RealtimeClient+Status.swift /tmp/morsel-286-dd/SourcePackages/checkouts/supabase-swift/Sources/RealtimeV2/RealtimeClientV2.swift (in target 'RealtimeV2' from project 'Supabase')

SwiftCompile normal arm64 /tmp/morsel-286-dd/SourcePackages/checkouts/supabase-swift/Sources/RealtimeV2/RealtimeClient+HeartbeatStatus.swift (in target 'RealtimeV2' from project 'Supabase')
    cd /tmp/morsel-286-mutation-qcdw70bm/issue-286-hero/app/Morsel.xcodeproj


SwiftCompile normal arm64 /tmp/morsel-286-dd/SourcePackages/checkouts/supabase-swift/Sources/RealtimeV2/RealtimeClient+Status.swift (in target 'RealtimeV2' from project 'Supabase')
    cd /tmp/morsel-286-mutation-qcdw70bm/issue-286-hero/app/Morsel.xcodeproj


SwiftCompile normal arm64 /tmp/morsel-286-dd/SourcePackages/checkouts/supabase-swift/Sources/RealtimeV2/RealtimeClientV2.swift (in target 'RealtimeV2' from project 'Supabase')
    cd /tmp/morsel-286-mutation-qcdw70bm/issue-286-hero/app/Morsel.xcodeproj


SwiftCompile normal arm64 Compiling\ RealtimeSerializer.swift,\ Types.swift /tmp/morsel-286-dd/SourcePackages/checkouts/supabase-swift/Sources/RealtimeV2/RealtimeSerializer.swift /tmp/morsel-286-dd/SourcePackages/checkouts/supabase-swift/Sources/RealtimeV2/Types.swift (in target 'RealtimeV2' from project 'Supabase')

SwiftCompile normal arm64 /tmp/morsel-286-dd/SourcePackages/checkouts/supabase-swift/Sources/RealtimeV2/RealtimeSerializer.swift (in target 'RealtimeV2' from project 'Supabase')
    cd /tmp/morsel-286-mutation-qcdw70bm/issue-286-hero/app/Morsel.xcodeproj


SwiftCompile normal arm64 /tmp/morsel-286-dd/SourcePackages/checkouts/supabase-swift/Sources/RealtimeV2/Types.swift (in target 'RealtimeV2' from project 'Supabase')
    cd /tmp/morsel-286-mutation-qcdw70bm/issue-286-hero/app/Morsel.xcodeproj


SwiftCompile normal arm64 Compiling\ RealtimeChannel+AsyncAwait.swift,\ RealtimeChannel+Status.swift,\ RealtimeChannelV2.swift /tmp/morsel-286-dd/SourcePackages/checkouts/supabase-swift/Sources/RealtimeV2/RealtimeChannel+AsyncAwait.swift /tmp/morsel-286-dd/SourcePackages/checkouts/supabase-swift/Sources/RealtimeV2/RealtimeChannel+Status.swift /tmp/morsel-286-dd/SourcePackages/checkouts/supabase-swift/Sources/RealtimeV2/RealtimeChannelV2.swift (in target 'RealtimeV2' from project 'Supabase')

SwiftCompile normal arm64 /tmp/morsel-286-dd/SourcePackages/checkouts/supabase-swift/Sources/RealtimeV2/RealtimeChannel+AsyncAwait.swift (in target 'RealtimeV2' from project 'Supabase')
    cd /tmp/morsel-286-mutation-qcdw70bm/issue-286-hero/app/Morsel.xcodeproj


SwiftCompile normal arm64 /tmp/morsel-286-dd/SourcePackages/checkouts/supabase-swift/Sources/RealtimeV2/RealtimeChannel+Status.swift (in target 'RealtimeV2' from project 'Supabase')
    cd /tmp/morsel-286-mutation-qcdw70bm/issue-286-hero/app/Morsel.xcodeproj


SwiftCompile normal arm64 /tmp/morsel-286-dd/SourcePackages/checkouts/supabase-swift/Sources/RealtimeV2/RealtimeChannelV2.swift (in target 'RealtimeV2' from project 'Supabase')
    cd /tmp/morsel-286-mutation-qcdw70bm/issue-286-hero/app/Morsel.xcodeproj


SwiftCompile normal arm64 Compiling\ ConnectionManager.swift,\ Exports.swift,\ PostgresAction.swift /tmp/morsel-286-dd/SourcePackages/checkouts/supabase-swift/Sources/RealtimeV2/ConnectionManager.swift /tmp/morsel-286-dd/SourcePackages/checkouts/supabase-swift/Sources/RealtimeV2/Exports.swift /tmp/morsel-286-dd/SourcePackages/checkouts/supabase-swift/Sources/RealtimeV2/PostgresAction.swift (in target 'RealtimeV2' from project 'Supabase')

SwiftCompile normal arm64 /tmp/morsel-286-dd/SourcePackages/checkouts/supabase-swift/Sources/RealtimeV2/ConnectionManager.swift (in target 'RealtimeV2' from project 'Supabase')
    cd /tmp/morsel-286-mutation-qcdw70bm/issue-286-hero/app/Morsel.xcodeproj


SwiftCompile normal arm64 /tmp/morsel-286-dd/SourcePackages/checkouts/supabase-swift/Sources/RealtimeV2/Exports.swift (in target 'RealtimeV2' from project 'Supabase')
    cd /tmp/morsel-286-mutation-qcdw70bm/issue-286-hero/app/Morsel.xcodeproj


SwiftCompile normal arm64 /tmp/morsel-286-dd/SourcePackages/checkouts/supabase-swift/Sources/RealtimeV2/PostgresAction.swift (in target 'RealtimeV2' from project 'Supabase')
    cd /tmp/morsel-286-mutation-qcdw70bm/issue-286-hero/app/Morsel.xcodeproj


SwiftCompile normal arm64 Compiling\ URLSessionWebSocket.swift,\ WebSocket.swift /tmp/morsel-286-dd/SourcePackages/checkouts/supabase-swift/Sources/RealtimeV2/WebSocket/URLSessionWebSocket.swift /tmp/morsel-286-dd/SourcePackages/checkouts/supabase-swift/Sources/RealtimeV2/WebSocket/WebSocket.swift (in target 'RealtimeV2' from project 'Supabase')

SwiftCompile normal arm64 /tmp/morsel-286-dd/SourcePackages/checkouts/supabase-swift/Sources/RealtimeV2/WebSocket/URLSessionWebSocket.swift (in target 'RealtimeV2' from project 'Supabase')
    cd /tmp/morsel-286-mutation-qcdw70bm/issue-286-hero/app/Morsel.xcodeproj


SwiftCompile normal arm64 /tmp/morsel-286-dd/SourcePackages/checkouts/supabase-swift/Sources/RealtimeV2/WebSocket/WebSocket.swift (in target 'RealtimeV2' from project 'Supabase')
    cd /tmp/morsel-286-mutation-qcdw70bm/issue-286-hero/app/Morsel.xcodeproj


SwiftDriverJobDiscovery normal arm64 Compiling RealtimePostgresFilter.swift, RealtimePostgresFilterValue.swift (in target 'RealtimeV2' from project 'Supabase')

SwiftCompile normal arm64 Compiling\ RealtimeLifecycleManager.swift,\ RealtimeMessageV2.swift /tmp/morsel-286-dd/SourcePackages/checkouts/supabase-swift/Sources/RealtimeV2/RealtimeLifecycleManager.swift /tmp/morsel-286-dd/SourcePackages/checkouts/supabase-swift/Sources/RealtimeV2/RealtimeMessageV2.swift (in target 'RealtimeV2' from project 'Supabase')

SwiftCompile normal arm64 /tmp/morsel-286-dd/SourcePackages/checkouts/supabase-swift/Sources/RealtimeV2/RealtimeLifecycleManager.swift (in target 'RealtimeV2' from project 'Supabase')
    cd /tmp/morsel-286-mutation-qcdw70bm/issue-286-hero/app/Morsel.xcodeproj


SwiftCompile normal arm64 /tmp/morsel-286-dd/SourcePackages/checkouts/supabase-swift/Sources/RealtimeV2/RealtimeMessageV2.swift (in target 'RealtimeV2' from project 'Supabase')
    cd /tmp/morsel-286-mutation-qcdw70bm/issue-286-hero/app/Morsel.xcodeproj


SwiftEmitModule normal arm64 Emitting\ module\ for\ Morsel (in target 'Morsel' from project 'Morsel')

EmitSwiftModule normal arm64 (in target 'Morsel' from project 'Morsel')
    cd /tmp/morsel-286-mutation-qcdw70bm/issue-286-hero/app


SwiftDriverJobDiscovery normal arm64 Compiling PostgresActionData.swift, PresenceAction.swift, PushV2.swift (in target 'RealtimeV2' from project 'Supabase')

SwiftCompile normal arm64 Compiling\ JournalFocus.swift,\ JournalFoodRow.swift,\ JournalHistoryRangePicker.swift,\ JournalNavigation.swift,\ JournalPageTurner.swift,\ JournalPaperTexture.swift,\ JournalPresentationModel.swift,\ JournalShellChrome.swift,\ JournalUI.swift /tmp/morsel-286-mutation-qcdw70bm/issue-286-hero/app/Sources/Morsel/JournalFocus.swift /tmp/morsel-286-mutation-qcdw70bm/issue-286-hero/app/Sources/Morsel/JournalFoodRow.swift /tmp/morsel-286-mutation-qcdw70bm/issue-286-hero/app/Sources/Morsel/JournalHistoryRangePicker.swift /tmp/morsel-286-mutation-qcdw70bm/issue-286-hero/app/Sources/Morsel/JournalNavigation.swift /tmp/morsel-286-mutation-qcdw70bm/issue-286-hero/app/Sources/Morsel/JournalPageTurner.swift /tmp/morsel-286-mutation-qcdw70bm/issue-286-hero/app/Sources/Morsel/JournalPaperTexture.swift /tmp/morsel-286-mutation-qcdw70bm/issue-286-hero/app/Sources/Morsel/JournalPresentationModel.swift /tmp/morsel-286-mutation-qcdw70bm/issue-286-hero/app/Sources/Morsel/JournalShellChrome.swift /tmp/morsel-286-mutation-qcdw70bm/issue-286-hero/app/Sources/Morsel/JournalUI.swift (in target 'Morsel' from project 'Morsel')

SwiftCompile normal arm64 /tmp/morsel-286-mutation-qcdw70bm/issue-286-hero/app/Sources/Morsel/JournalFocus.swift (in target 'Morsel' from project 'Morsel')
    cd /tmp/morsel-286-mutation-qcdw70bm/issue-286-hero/app


SwiftCompile normal arm64 /tmp/morsel-286-mutation-qcdw70bm/issue-286-hero/app/Sources/Morsel/JournalFoodRow.swift (in target 'Morsel' from project 'Morsel')
    cd /tmp/morsel-286-mutation-qcdw70bm/issue-286-hero/app


SwiftCompile normal arm64 /tmp/morsel-286-mutation-qcdw70bm/issue-286-hero/app/Sources/Morsel/JournalHistoryRangePicker.swift (in target 'Morsel' from project 'Morsel')
    cd /tmp/morsel-286-mutation-qcdw70bm/issue-286-hero/app


SwiftCompile normal arm64 /tmp/morsel-286-mutation-qcdw70bm/issue-286-hero/app/Sources/Morsel/JournalNavigation.swift (in target 'Morsel' from project 'Morsel')
    cd /tmp/morsel-286-mutation-qcdw70bm/issue-286-hero/app


SwiftCompile normal arm64 /tmp/morsel-286-mutation-qcdw70bm/issue-286-hero/app/Sources/Morsel/JournalPageTurner.swift (in target 'Morsel' from project 'Morsel')
    cd /tmp/morsel-286-mutation-qcdw70bm/issue-286-hero/app


SwiftCompile normal arm64 /tmp/morsel-286-mutation-qcdw70bm/issue-286-hero/app/Sources/Morsel/JournalPaperTexture.swift (in target 'Morsel' from project 'Morsel')
    cd /tmp/morsel-286-mutation-qcdw70bm/issue-286-hero/app


SwiftCompile normal arm64 /tmp/morsel-286-mutation-qcdw70bm/issue-286-hero/app/Sources/Morsel/JournalPresentationModel.swift (in target 'Morsel' from project 'Morsel')
    cd /tmp/morsel-286-mutation-qcdw70bm/issue-286-hero/app


SwiftCompile normal arm64 /tmp/morsel-286-mutation-qcdw70bm/issue-286-hero/app/Sources/Morsel/JournalShellChrome.swift (in target 'Morsel' from project 'Morsel')
    cd /tmp/morsel-286-mutation-qcdw70bm/issue-286-hero/app


SwiftCompile normal arm64 /tmp/morsel-286-mutation-qcdw70bm/issue-286-hero/app/Sources/Morsel/JournalUI.swift (in target 'Morsel' from project 'Morsel')
    cd /tmp/morsel-286-mutation-qcdw70bm/issue-286-hero/app


SwiftDriverJobDiscovery normal arm64 Compiling RealtimeError.swift, RealtimeJoinConfig.swift (in target 'RealtimeV2' from project 'Supabase')

SwiftCompile normal arm64 Compiling\ LocalSyncEngine.swift,\ MealCapture.swift,\ MealCaptureView.swift,\ MealCorrections.swift,\ MealItemEditSheet.swift,\ MealPhotoEditorSection.swift,\ MealPhotoRevisions.swift,\ MealRepository.swift,\ MealThumbnailCache.swift /tmp/morsel-286-mutation-qcdw70bm/issue-286-hero/app/Sources/Morsel/LocalSyncEngine.swift /tmp/morsel-286-mutation-qcdw70bm/issue-286-hero/app/Sources/Morsel/MealCapture.swift /tmp/morsel-286-mutation-qcdw70bm/issue-286-hero/app/Sources/Morsel/MealCaptureView.swift /tmp/morsel-286-mutation-qcdw70bm/issue-286-hero/app/Sources/Morsel/MealCorrections.swift /tmp/morsel-286-mutation-qcdw70bm/issue-286-hero/app/Sources/Morsel/MealItemEditSheet.swift /tmp/morsel-286-mutation-qcdw70bm/issue-286-hero/app/Sources/Morsel/MealPhotoEditorSection.swift /tmp/morsel-286-mutation-qcdw70bm/issue-286-hero/app/Sources/Morsel/MealPhotoRevisions.swift /tmp/morsel-286-mutation-qcdw70bm/issue-286-hero/app/Sources/Morsel/MealRepository.swift /tmp/morsel-286-mutation-qcdw70bm/issue-286-hero/app/Sources/Morsel/MealThumbnailCache.swift (in target 'Morsel' from project 'Morsel')
SwiftCompile normal arm64 /tmp/morsel-286-mutation-qcdw70bm/issue-286-hero/app/Sources/Morsel/LocalSyncEngine.swift (in target 'Morsel' from project 'Morsel')
    cd /tmp/morsel-286-mutation-qcdw70bm/issue-286-hero/app

/tmp/morsel-286-mutation-qcdw70bm/issue-286-hero/app/Sources/Morsel/LocalSyncEngine.swift:98:31: warning: capture of 'self' with non-Sendable type 'LocalSyncEngine?' in a '@Sendable' closure
                    guard let self else { return }
                              ^
/tmp/morsel-286-mutation-qcdw70bm/issue-286-hero/app/Sources/Morsel/LocalSyncEngine.swift:40:13: note: class 'LocalSyncEngine' does not conform to the 'Sendable' protocol
final class LocalSyncEngine {
            ^
/tmp/morsel-286-mutation-qcdw70bm/issue-286-hero/app/Sources/Morsel/LocalSyncEngine.swift:198:36: warning: immutable value 'category' was never used; consider replacing with '_' or removing it
            if case let .permanent(category) = error,
                                   ^~~~~~~~
                                   _

SwiftCompile normal arm64 /tmp/morsel-286-mutation-qcdw70bm/issue-286-hero/app/Sources/Morsel/MealCapture.swift (in target 'Morsel' from project 'Morsel')
    cd /tmp/morsel-286-mutation-qcdw70bm/issue-286-hero/app


SwiftCompile normal arm64 /tmp/morsel-286-mutation-qcdw70bm/issue-286-hero/app/Sources/Morsel/MealCaptureView.swift (in target 'Morsel' from project 'Morsel')
    cd /tmp/morsel-286-mutation-qcdw70bm/issue-286-hero/app


SwiftCompile normal arm64 /tmp/morsel-286-mutation-qcdw70bm/issue-286-hero/app/Sources/Morsel/MealCorrections.swift (in target 'Morsel' from project 'Morsel')
    cd /tmp/morsel-286-mutation-qcdw70bm/issue-286-hero/app


SwiftCompile normal arm64 /tmp/morsel-286-mutation-qcdw70bm/issue-286-hero/app/Sources/Morsel/MealItemEditSheet.swift (in target 'Morsel' from project 'Morsel')
    cd /tmp/morsel-286-mutation-qcdw70bm/issue-286-hero/app


SwiftCompile normal arm64 /tmp/morsel-286-mutation-qcdw70bm/issue-286-hero/app/Sources/Morsel/MealPhotoEditorSection.swift (in target 'Morsel' from project 'Morsel')
    cd /tmp/morsel-286-mutation-qcdw70bm/issue-286-hero/app


SwiftCompile normal arm64 /tmp/morsel-286-mutation-qcdw70bm/issue-286-hero/app/Sources/Morsel/MealPhotoRevisions.swift (in target 'Morsel' from project 'Morsel')
    cd /tmp/morsel-286-mutation-qcdw70bm/issue-286-hero/app


SwiftCompile normal arm64 /tmp/morsel-286-mutation-qcdw70bm/issue-286-hero/app/Sources/Morsel/MealRepository.swift (in target 'Morsel' from project 'Morsel')
    cd /tmp/morsel-286-mutation-qcdw70bm/issue-286-hero/app


SwiftCompile normal arm64 /tmp/morsel-286-mutation-qcdw70bm/issue-286-hero/app/Sources/Morsel/MealThumbnailCache.swift (in target 'Morsel' from project 'Morsel')
    cd /tmp/morsel-286-mutation-qcdw70bm/issue-286-hero/app


SwiftDriverJobDiscovery normal arm64 Compiling RealtimeSerializer.swift, Types.swift (in target 'RealtimeV2' from project 'Supabase')

SwiftCompile normal arm64 Compiling\ FoodArtworkView.swift,\ GoalPageContext.swift,\ GoalsEditor.swift,\ GoalsEditorModel.swift,\ GoalsMath.swift,\ GoalsPageCopy.swift,\ HealthCalmStatus.swift,\ HealthKitWeightImporter.swift,\ HealthLogStores.swift,\ HistoryLedgerViews.swift /tmp/morsel-286-mutation-qcdw70bm/issue-286-hero/app/Sources/Morsel/FoodArtworkView.swift /tmp/morsel-286-mutation-qcdw70bm/issue-286-hero/app/Sources/Morsel/GoalPageContext.swift /tmp/morsel-286-mutation-qcdw70bm/issue-286-hero/app/Sources/Morsel/GoalsEditor.swift /tmp/morsel-286-mutation-qcdw70bm/issue-286-hero/app/Sources/Morsel/GoalsEditorModel.swift /tmp/morsel-286-mutation-qcdw70bm/issue-286-hero/app/Sources/Morsel/GoalsMath.swift /tmp/morsel-286-mutation-qcdw70bm/issue-286-hero/app/Sources/Morsel/GoalsPageCopy.swift /tmp/morsel-286-mutation-qcdw70bm/issue-286-hero/app/Sources/Morsel/HealthCalmStatus.swift /tmp/morsel-286-mutation-qcdw70bm/issue-286-hero/app/Sources/Morsel/HealthKitWeightImporter.swift /tmp/morsel-286-mutation-qcdw70bm/issue-286-hero/app/Sources/Morsel/HealthLogStores.swift /tmp/morsel-286-mutation-qcdw70bm/issue-286-hero/app/Sources/Morsel/HistoryLedgerViews.swift (in target 'Morsel' from project 'Morsel')

SwiftCompile normal arm64 /tmp/morsel-286-mutation-qcdw70bm/issue-286-hero/app/Sources/Morsel/FoodArtworkView.swift (in target 'Morsel' from project 'Morsel')
    cd /tmp/morsel-286-mutation-qcdw70bm/issue-286-hero/app

/tmp/morsel-286-mutation-qcdw70bm/issue-286-hero/app/Sources/Morsel/HealthKitWeightImporter.swift:342:20: warning: instance method 'lock' is unavailable from asynchronous contexts; Use async-safe scoped locking instead; this is an error in the Swift 6 language mode
        importGate.lock()
                   ^
Foundation.NSLock.lock:2:11: note: 'lock()' declared here
open func lock()}
          ^
/tmp/morsel-286-mutation-qcdw70bm/issue-286-hero/app/Sources/Morsel/HealthKitWeightImporter.swift:345:24: warning: instance method 'unlock' is unavailable from asynchronous contexts; Use async-safe scoped locking instead; this is an error in the Swift 6 language mode
            importGate.unlock()
                       ^
Foundation.NSLock.unlock:2:11: note: 'unlock()' declared here
open func unlock()}
          ^
/tmp/morsel-286-mutation-qcdw70bm/issue-286-hero/app/Sources/Morsel/HealthKitWeightImporter.swift:349:20: warning: instance method 'unlock' is unavailable from asynchronous contexts; Use async-safe scoped locking instead; this is an error in the Swift 6 language mode
        importGate.unlock()
                   ^
Foundation.NSLock.unlock:2:11: note: 'unlock()' declared here
open func unlock()}
          ^
/tmp/morsel-286-mutation-qcdw70bm/issue-286-hero/app/Sources/Morsel/HealthKitWeightImporter.swift:351:24: warning: instance method 'lock' is unavailable from asynchronous contexts; Use async-safe scoped locking instead; this is an error in the Swift 6 language mode
            importGate.lock()
                       ^
Foundation.NSLock.lock:2:11: note: 'lock()' declared here
open func lock()}
          ^
/tmp/morsel-286-mutation-qcdw70bm/issue-286-hero/app/Sources/Morsel/HealthKitWeightImporter.swift:355:24: warning: instance method 'unlock' is unavailable from asynchronous contexts; Use async-safe scoped locking instead; this is an error in the Swift 6 language mode
            importGate.unlock()
                       ^
Foundation.NSLock.unlock:2:11: note: 'unlock()' declared here
open func unlock()}
          ^

SwiftCompile normal arm64 /tmp/morsel-286-mutation-qcdw70bm/issue-286-hero/app/Sources/Morsel/GoalPageContext.swift (in target 'Morsel' from project 'Morsel')
    cd /tmp/morsel-286-mutation-qcdw70bm/issue-286-hero/app

/tmp/morsel-286-mutation-qcdw70bm/issue-286-hero/app/Sources/Morsel/HealthKitWeightImporter.swift:342:20: warning: instance method 'lock' is unavailable from asynchronous contexts; Use async-safe scoped locking instead; this is an error in the Swift 6 language mode
        importGate.lock()
                   ^
Foundation.NSLock.lock:2:11: note: 'lock()' declared here
open func lock()}
          ^
/tmp/morsel-286-mutation-qcdw70bm/issue-286-hero/app/Sources/Morsel/HealthKitWeightImporter.swift:345:24: warning: instance method 'unlock' is unavailable from asynchronous contexts; Use async-safe scoped locking instead; this is an error in the Swift 6 language mode
            importGate.unlock()
                       ^
Foundation.NSLock.unlock:2:11: note: 'unlock()' declared here
open func unlock()}
          ^
/tmp/morsel-286-mutation-qcdw70bm/issue-286-hero/app/Sources/Morsel/HealthKitWeightImporter.swift:349:20: warning: instance method 'unlock' is unavailable from asynchronous contexts; Use async-safe scoped locking instead; this is an error in the Swift 6 language mode
        importGate.unlock()
                   ^
Foundation.NSLock.unlock:2:11: note: 'unlock()' declared here
open func unlock()}
          ^
/tmp/morsel-286-mutation-qcdw70bm/issue-286-hero/app/Sources/Morsel/HealthKitWeightImporter.swift:351:24: warning: instance method 'lock' is unavailable from asynchronous contexts; Use async-safe scoped locking instead; this is an error in the Swift 6 language mode
            importGate.lock()
                       ^
Foundation.NSLock.lock:2:11: note: 'lock()' declared here
open func lock()}
          ^
/tmp/morsel-286-mutation-qcdw70bm/issue-286-hero/app/Sources/Morsel/HealthKitWeightImporter.swift:355:24: warning: instance method 'unlock' is unavailable from asynchronous contexts; Use async-safe scoped locking instead; this is an error in the Swift 6 language mode
            importGate.unlock()
                       ^
Foundation.NSLock.unlock:2:11: note: 'unlock()' declared here
open func unlock()}
          ^

SwiftCompile normal arm64 /tmp/morsel-286-mutation-qcdw70bm/issue-286-hero/app/Sources/Morsel/GoalsEditor.swift (in target 'Morsel' from project 'Morsel')
    cd /tmp/morsel-286-mutation-qcdw70bm/issue-286-hero/app

/tmp/morsel-286-mutation-qcdw70bm/issue-286-hero/app/Sources/Morsel/HealthKitWeightImporter.swift:342:20: warning: instance method 'lock' is unavailable from asynchronous contexts; Use async-safe scoped locking instead; this is an error in the Swift 6 language mode
        importGate.lock()
                   ^
Foundation.NSLock.lock:2:11: note: 'lock()' declared here
open func lock()}
          ^
/tmp/morsel-286-mutation-qcdw70bm/issue-286-hero/app/Sources/Morsel/HealthKitWeightImporter.swift:345:24: warning: instance method 'unlock' is unavailable from asynchronous contexts; Use async-safe scoped locking instead; this is an error in the Swift 6 language mode
            importGate.unlock()
                       ^
Foundation.NSLock.unlock:2:11: note: 'unlock()' declared here
open func unlock()}
          ^
/tmp/morsel-286-mutation-qcdw70bm/issue-286-hero/app/Sources/Morsel/HealthKitWeightImporter.swift:349:20: warning: instance method 'unlock' is unavailable from asynchronous contexts; Use async-safe scoped locking instead; this is an error in the Swift 6 language mode
        importGate.unlock()
                   ^
Foundation.NSLock.unlock:2:11: note: 'unlock()' declared here
open func unlock()}
          ^
/tmp/morsel-286-mutation-qcdw70bm/issue-286-hero/app/Sources/Morsel/HealthKitWeightImporter.swift:351:24: warning: instance method 'lock' is unavailable from asynchronous contexts; Use async-safe scoped locking instead; this is an error in the Swift 6 language mode
            importGate.lock()
                       ^
Foundation.NSLock.lock:2:11: note: 'lock()' declared here
open func lock()}
          ^
/tmp/morsel-286-mutation-qcdw70bm/issue-286-hero/app/Sources/Morsel/HealthKitWeightImporter.swift:355:24: warning: instance method 'unlock' is unavailable from asynchronous contexts; Use async-safe scoped locking instead; this is an error in the Swift 6 language mode
            importGate.unlock()
                       ^
Foundation.NSLock.unlock:2:11: note: 'unlock()' declared here
open func unlock()}
          ^

SwiftCompile normal arm64 /tmp/morsel-286-mutation-qcdw70bm/issue-286-hero/app/Sources/Morsel/GoalsEditorModel.swift (in target 'Morsel' from project 'Morsel')
    cd /tmp/morsel-286-mutation-qcdw70bm/issue-286-hero/app

/tmp/morsel-286-mutation-qcdw70bm/issue-286-hero/app/Sources/Morsel/HealthKitWeightImporter.swift:342:20: warning: instance method 'lock' is unavailable from asynchronous contexts; Use async-safe scoped locking instead; this is an error in the Swift 6 language mode
        importGate.lock()
                   ^
Foundation.NSLock.lock:2:11: note: 'lock()' declared here
open func lock()}
          ^
/tmp/morsel-286-mutation-qcdw70bm/issue-286-hero/app/Sources/Morsel/HealthKitWeightImporter.swift:345:24: warning: instance method 'unlock' is unavailable from asynchronous contexts; Use async-safe scoped locking instead; this is an error in the Swift 6 language mode
            importGate.unlock()
                       ^
Foundation.NSLock.unlock:2:11: note: 'unlock()' declared here
open func unlock()}
          ^
/tmp/morsel-286-mutation-qcdw70bm/issue-286-hero/app/Sources/Morsel/HealthKitWeightImporter.swift:349:20: warning: instance method 'unlock' is unavailable from asynchronous contexts; Use async-safe scoped locking instead; this is an error in the Swift 6 language mode
        importGate.unlock()
                   ^
Foundation.NSLock.unlock:2:11: note: 'unlock()' declared here
open func unlock()}
          ^
/tmp/morsel-286-mutation-qcdw70bm/issue-286-hero/app/Sources/Morsel/HealthKitWeightImporter.swift:351:24: warning: instance method 'lock' is unavailable from asynchronous contexts; Use async-safe scoped locking instead; this is an error in the Swift 6 language mode
            importGate.lock()
                       ^
Foundation.NSLock.lock:2:11: note: 'lock()' declared here
open func lock()}
          ^
/tmp/morsel-286-mutation-qcdw70bm/issue-286-hero/app/Sources/Morsel/HealthKitWeightImporter.swift:355:24: warning: instance method 'unlock' is unavailable from asynchronous contexts; Use async-safe scoped locking instead; this is an error in the Swift 6 language mode
            importGate.unlock()
                       ^
Foundation.NSLock.unlock:2:11: note: 'unlock()' declared here
open func unlock()}
          ^

SwiftCompile normal arm64 /tmp/morsel-286-mutation-qcdw70bm/issue-286-hero/app/Sources/Morsel/GoalsMath.swift (in target 'Morsel' from project 'Morsel')
    cd /tmp/morsel-286-mutation-qcdw70bm/issue-286-hero/app

/tmp/morsel-286-mutation-qcdw70bm/issue-286-hero/app/Sources/Morsel/HealthKitWeightImporter.swift:342:20: warning: instance method 'lock' is unavailable from asynchronous contexts; Use async-safe scoped locking instead; this is an error in the Swift 6 language mode
        importGate.lock()
                   ^
Foundation.NSLock.lock:2:11: note: 'lock()' declared here
open func lock()}
          ^
/tmp/morsel-286-mutation-qcdw70bm/issue-286-hero/app/Sources/Morsel/HealthKitWeightImporter.swift:345:24: warning: instance method 'unlock' is unavailable from asynchronous contexts; Use async-safe scoped locking instead; this is an error in the Swift 6 language mode
            importGate.unlock()
                       ^
Foundation.NSLock.unlock:2:11: note: 'unlock()' declared here
open func unlock()}
          ^
/tmp/morsel-286-mutation-qcdw70bm/issue-286-hero/app/Sources/Morsel/HealthKitWeightImporter.swift:349:20: warning: instance method 'unlock' is unavailable from asynchronous contexts; Use async-safe scoped locking instead; this is an error in the Swift 6 language mode
        importGate.unlock()
                   ^
Foundation.NSLock.unlock:2:11: note: 'unlock()' declared here
open func unlock()}
          ^
/tmp/morsel-286-mutation-qcdw70bm/issue-286-hero/app/Sources/Morsel/HealthKitWeightImporter.swift:351:24: warning: instance method 'lock' is unavailable from asynchronous contexts; Use async-safe scoped locking instead; this is an error in the Swift 6 language mode
            importGate.lock()
                       ^
Foundation.NSLock.lock:2:11: note: 'lock()' declared here
open func lock()}
          ^
/tmp/morsel-286-mutation-qcdw70bm/issue-286-hero/app/Sources/Morsel/HealthKitWeightImporter.swift:355:24: warning: instance method 'unlock' is unavailable from asynchronous contexts; Use async-safe scoped locking instead; this is an error in the Swift 6 language mode
            importGate.unlock()
                       ^
Foundation.NSLock.unlock:2:11: note: 'unlock()' declared here
open func unlock()}
          ^

SwiftCompile normal arm64 /tmp/morsel-286-mutation-qcdw70bm/issue-286-hero/app/Sources/Morsel/GoalsPageCopy.swift (in target 'Morsel' from project 'Morsel')
    cd /tmp/morsel-286-mutation-qcdw70bm/issue-286-hero/app

/tmp/morsel-286-mutation-qcdw70bm/issue-286-hero/app/Sources/Morsel/HealthKitWeightImporter.swift:342:20: warning: instance method 'lock' is unavailable from asynchronous contexts; Use async-safe scoped locking instead; this is an error in the Swift 6 language mode
        importGate.lock()
                   ^
Foundation.NSLock.lock:2:11: note: 'lock()' declared here
open func lock()}
          ^
/tmp/morsel-286-mutation-qcdw70bm/issue-286-hero/app/Sources/Morsel/HealthKitWeightImporter.swift:345:24: warning: instance method 'unlock' is unavailable from asynchronous contexts; Use async-safe scoped locking instead; this is an error in the Swift 6 language mode
            importGate.unlock()
                       ^
Foundation.NSLock.unlock:2:11: note: 'unlock()' declared here
open func unlock()}
          ^
/tmp/morsel-286-mutation-qcdw70bm/issue-286-hero/app/Sources/Morsel/HealthKitWeightImporter.swift:349:20: warning: instance method 'unlock' is unavailable from asynchronous contexts; Use async-safe scoped locking instead; this is an error in the Swift 6 language mode
        importGate.unlock()
                   ^
Foundation.NSLock.unlock:2:11: note: 'unlock()' declared here
open func unlock()}
          ^
/tmp/morsel-286-mutation-qcdw70bm/issue-286-hero/app/Sources/Morsel/HealthKitWeightImporter.swift:351:24: warning: instance method 'lock' is unavailable from asynchronous contexts; Use async-safe scoped locking instead; this is an error in the Swift 6 language mode
            importGate.lock()
                       ^
Foundation.NSLock.lock:2:11: note: 'lock()' declared here
open func lock()}
          ^
/tmp/morsel-286-mutation-qcdw70bm/issue-286-hero/app/Sources/Morsel/HealthKitWeightImporter.swift:355:24: warning: instance method 'unlock' is unavailable from asynchronous contexts; Use async-safe scoped locking instead; this is an error in the Swift 6 language mode
            importGate.unlock()
                       ^
Foundation.NSLock.unlock:2:11: note: 'unlock()' declared here
open func unlock()}
          ^

SwiftCompile normal arm64 /tmp/morsel-286-mutation-qcdw70bm/issue-286-hero/app/Sources/Morsel/HealthCalmStatus.swift (in target 'Morsel' from project 'Morsel')
    cd /tmp/morsel-286-mutation-qcdw70bm/issue-286-hero/app

/tmp/morsel-286-mutation-qcdw70bm/issue-286-hero/app/Sources/Morsel/HealthKitWeightImporter.swift:342:20: warning: instance method 'lock' is unavailable from asynchronous contexts; Use async-safe scoped locking instead; this is an error in the Swift 6 language mode
        importGate.lock()
                   ^
Foundation.NSLock.lock:2:11: note: 'lock()' declared here
open func lock()}
          ^
/tmp/morsel-286-mutation-qcdw70bm/issue-286-hero/app/Sources/Morsel/HealthKitWeightImporter.swift:345:24: warning: instance method 'unlock' is unavailable from asynchronous contexts; Use async-safe scoped locking instead; this is an error in the Swift 6 language mode
            importGate.unlock()
                       ^
Foundation.NSLock.unlock:2:11: note: 'unlock()' declared here
open func unlock()}
          ^
/tmp/morsel-286-mutation-qcdw70bm/issue-286-hero/app/Sources/Morsel/HealthKitWeightImporter.swift:349:20: warning: instance method 'unlock' is unavailable from asynchronous contexts; Use async-safe scoped locking instead; this is an error in the Swift 6 language mode
        importGate.unlock()
                   ^
Foundation.NSLock.unlock:2:11: note: 'unlock()' declared here
open func unlock()}
          ^
/tmp/morsel-286-mutation-qcdw70bm/issue-286-hero/app/Sources/Morsel/HealthKitWeightImporter.swift:351:24: warning: instance method 'lock' is unavailable from asynchronous contexts; Use async-safe scoped locking instead; this is an error in the Swift 6 language mode
            importGate.lock()
                       ^
Foundation.NSLock.lock:2:11: note: 'lock()' declared here
open func lock()}
          ^
/tmp/morsel-286-mutation-qcdw70bm/issue-286-hero/app/Sources/Morsel/HealthKitWeightImporter.swift:355:24: warning: instance method 'unlock' is unavailable from asynchronous contexts; Use async-safe scoped locking instead; this is an error in the Swift 6 language mode
            importGate.unlock()
                       ^
Foundation.NSLock.unlock:2:11: note: 'unlock()' declared here
open func unlock()}
          ^

SwiftCompile normal arm64 /tmp/morsel-286-mutation-qcdw70bm/issue-286-hero/app/Sources/Morsel/HealthKitWeightImporter.swift (in target 'Morsel' from project 'Morsel')
    cd /tmp/morsel-286-mutation-qcdw70bm/issue-286-hero/app

/tmp/morsel-286-mutation-qcdw70bm/issue-286-hero/app/Sources/Morsel/HealthKitWeightImporter.swift:342:20: warning: instance method 'lock' is unavailable from asynchronous contexts; Use async-safe scoped locking instead; this is an error in the Swift 6 language mode
        importGate.lock()
                   ^
Foundation.NSLock.lock:2:11: note: 'lock()' declared here
open func lock()}
          ^
/tmp/morsel-286-mutation-qcdw70bm/issue-286-hero/app/Sources/Morsel/HealthKitWeightImporter.swift:345:24: warning: instance method 'unlock' is unavailable from asynchronous contexts; Use async-safe scoped locking instead; this is an error in the Swift 6 language mode
            importGate.unlock()
                       ^
Foundation.NSLock.unlock:2:11: note: 'unlock()' declared here
open func unlock()}
          ^
/tmp/morsel-286-mutation-qcdw70bm/issue-286-hero/app/Sources/Morsel/HealthKitWeightImporter.swift:349:20: warning: instance method 'unlock' is unavailable from asynchronous contexts; Use async-safe scoped locking instead; this is an error in the Swift 6 language mode
        importGate.unlock()
                   ^
Foundation.NSLock.unlock:2:11: note: 'unlock()' declared here
open func unlock()}
          ^
/tmp/morsel-286-mutation-qcdw70bm/issue-286-hero/app/Sources/Morsel/HealthKitWeightImporter.swift:351:24: warning: instance method 'lock' is unavailable from asynchronous contexts; Use async-safe scoped locking instead; this is an error in the Swift 6 language mode
            importGate.lock()
                       ^
Foundation.NSLock.lock:2:11: note: 'lock()' declared here
open func lock()}
          ^
/tmp/morsel-286-mutation-qcdw70bm/issue-286-hero/app/Sources/Morsel/HealthKitWeightImporter.swift:355:24: warning: instance method 'unlock' is unavailable from asynchronous contexts; Use async-safe scoped locking instead; this is an error in the Swift 6 language mode
            importGate.unlock()
                       ^
Foundation.NSLock.unlock:2:11: note: 'unlock()' declared here
open func unlock()}
          ^

SwiftCompile normal arm64 /tmp/morsel-286-mutation-qcdw70bm/issue-286-hero/app/Sources/Morsel/HealthLogStores.swift (in target 'Morsel' from project 'Morsel')
    cd /tmp/morsel-286-mutation-qcdw70bm/issue-286-hero/app

/tmp/morsel-286-mutation-qcdw70bm/issue-286-hero/app/Sources/Morsel/HealthKitWeightImporter.swift:342:20: warning: instance method 'lock' is unavailable from asynchronous contexts; Use async-safe scoped locking instead; this is an error in the Swift 6 language mode
        importGate.lock()
                   ^
Foundation.NSLock.lock:2:11: note: 'lock()' declared here
open func lock()}
          ^
/tmp/morsel-286-mutation-qcdw70bm/issue-286-hero/app/Sources/Morsel/HealthKitWeightImporter.swift:345:24: warning: instance method 'unlock' is unavailable from asynchronous contexts; Use async-safe scoped locking instead; this is an error in the Swift 6 language mode
            importGate.unlock()
                       ^
Foundation.NSLock.unlock:2:11: note: 'unlock()' declared here
open func unlock()}
          ^
/tmp/morsel-286-mutation-qcdw70bm/issue-286-hero/app/Sources/Morsel/HealthKitWeightImporter.swift:349:20: warning: instance method 'unlock' is unavailable from asynchronous contexts; Use async-safe scoped locking instead; this is an error in the Swift 6 language mode
        importGate.unlock()
                   ^
Foundation.NSLock.unlock:2:11: note: 'unlock()' declared here
open func unlock()}
          ^
/tmp/morsel-286-mutation-qcdw70bm/issue-286-hero/app/Sources/Morsel/HealthKitWeightImporter.swift:351:24: warning: instance method 'lock' is unavailable from asynchronous contexts; Use async-safe scoped locking instead; this is an error in the Swift 6 language mode
            importGate.lock()
                       ^
Foundation.NSLock.lock:2:11: note: 'lock()' declared here
open func lock()}
          ^
/tmp/morsel-286-mutation-qcdw70bm/issue-286-hero/app/Sources/Morsel/HealthKitWeightImporter.swift:355:24: warning: instance method 'unlock' is unavailable from asynchronous contexts; Use async-safe scoped locking instead; this is an error in the Swift 6 language mode
            importGate.unlock()
                       ^
Foundation.NSLock.unlock:2:11: note: 'unlock()' declared here
open func unlock()}
          ^

SwiftCompile normal arm64 /tmp/morsel-286-mutation-qcdw70bm/issue-286-hero/app/Sources/Morsel/HistoryLedgerViews.swift (in target 'Morsel' from project 'Morsel')
    cd /tmp/morsel-286-mutation-qcdw70bm/issue-286-hero/app

/tmp/morsel-286-mutation-qcdw70bm/issue-286-hero/app/Sources/Morsel/HealthKitWeightImporter.swift:342:20: warning: instance method 'lock' is unavailable from asynchronous contexts; Use async-safe scoped locking instead; this is an error in the Swift 6 language mode
        importGate.lock()
                   ^
Foundation.NSLock.lock:2:11: note: 'lock()' declared here
open func lock()}
          ^
/tmp/morsel-286-mutation-qcdw70bm/issue-286-hero/app/Sources/Morsel/HealthKitWeightImporter.swift:345:24: warning: instance method 'unlock' is unavailable from asynchronous contexts; Use async-safe scoped locking instead; this is an error in the Swift 6 language mode
            importGate.unlock()
                       ^
Foundation.NSLock.unlock:2:11: note: 'unlock()' declared here
open func unlock()}
          ^
/tmp/morsel-286-mutation-qcdw70bm/issue-286-hero/app/Sources/Morsel/HealthKitWeightImporter.swift:349:20: warning: instance method 'unlock' is unavailable from asynchronous contexts; Use async-safe scoped locking instead; this is an error in the Swift 6 language mode
        importGate.unlock()
                   ^
Foundation.NSLock.unlock:2:11: note: 'unlock()' declared here
open func unlock()}
          ^
/tmp/morsel-286-mutation-qcdw70bm/issue-286-hero/app/Sources/Morsel/HealthKitWeightImporter.swift:351:24: warning: instance method 'lock' is unavailable from asynchronous contexts; Use async-safe scoped locking instead; this is an error in the Swift 6 language mode
            importGate.lock()
                       ^
Foundation.NSLock.lock:2:11: note: 'lock()' declared here
open func lock()}
          ^
/tmp/morsel-286-mutation-qcdw70bm/issue-286-hero/app/Sources/Morsel/HealthKitWeightImporter.swift:355:24: warning: instance method 'unlock' is unavailable from asynchronous contexts; Use async-safe scoped locking instead; this is an error in the Swift 6 language mode
            importGate.unlock()
                       ^
Foundation.NSLock.unlock:2:11: note: 'unlock()' declared here
open func unlock()}
          ^

SwiftDriverJobDiscovery normal arm64 Compiling ConnectionManager.swift, Exports.swift, PostgresAction.swift (in target 'RealtimeV2' from project 'Supabase')

SwiftCompile normal arm64 Compiling\ HistoryModels.swift,\ HistoryRepository.swift,\ HistoryView.swift,\ HistoryViewModel.swift,\ JournalArtwork.swift,\ JournalCalendarModel.swift,\ JournalCalendarRepository.swift,\ JournalCalendarView.swift,\ JournalDiaryPage.swift /tmp/morsel-286-mutation-qcdw70bm/issue-286-hero/app/Sources/Morsel/HistoryModels.swift /tmp/morsel-286-mutation-qcdw70bm/issue-286-hero/app/Sources/Morsel/HistoryRepository.swift /tmp/morsel-286-mutation-qcdw70bm/issue-286-hero/app/Sources/Morsel/HistoryView.swift /tmp/morsel-286-mutation-qcdw70bm/issue-286-hero/app/Sources/Morsel/HistoryViewModel.swift /tmp/morsel-286-mutation-qcdw70bm/issue-286-hero/app/Sources/Morsel/JournalArtwork.swift /tmp/morsel-286-mutation-qcdw70bm/issue-286-hero/app/Sources/Morsel/JournalCalendarModel.swift /tmp/morsel-286-mutation-qcdw70bm/issue-286-hero/app/Sources/Morsel/JournalCalendarRepository.swift /tmp/morsel-286-mutation-qcdw70bm/issue-286-hero/app/Sources/Morsel/JournalCalendarView.swift /tmp/morsel-286-mutation-qcdw70bm/issue-286-hero/app/Sources/Morsel/JournalDiaryPage.swift (in target 'Morsel' from project 'Morsel')
SwiftCompile normal arm64 /tmp/morsel-286-mutation-qcdw70bm/issue-286-hero/app/Sources/Morsel/HistoryModels.swift (in target 'Morsel' from project 'Morsel')
    cd /tmp/morsel-286-mutation-qcdw70bm/issue-286-hero/app


SwiftCompile normal arm64 /tmp/morsel-286-mutation-qcdw70bm/issue-286-hero/app/Sources/Morsel/HistoryRepository.swift (in target 'Morsel' from project 'Morsel')
    cd /tmp/morsel-286-mutation-qcdw70bm/issue-286-hero/app


SwiftCompile normal arm64 /tmp/morsel-286-mutation-qcdw70bm/issue-286-hero/app/Sources/Morsel/HistoryView.swift (in target 'Morsel' from project 'Morsel')
    cd /tmp/morsel-286-mutation-qcdw70bm/issue-286-hero/app


SwiftCompile normal arm64 /tmp/morsel-286-mutation-qcdw70bm/issue-286-hero/app/Sources/Morsel/HistoryViewModel.swift (in target 'Morsel' from project 'Morsel')
    cd /tmp/morsel-286-mutation-qcdw70bm/issue-286-hero/app


SwiftCompile normal arm64 /tmp/morsel-286-mutation-qcdw70bm/issue-286-hero/app/Sources/Morsel/JournalArtwork.swift (in target 'Morsel' from project 'Morsel')
    cd /tmp/morsel-286-mutation-qcdw70bm/issue-286-hero/app


SwiftCompile normal arm64 /tmp/morsel-286-mutation-qcdw70bm/issue-286-hero/app/Sources/Morsel/JournalCalendarModel.swift (in target 'Morsel' from project 'Morsel')
    cd /tmp/morsel-286-mutation-qcdw70bm/issue-286-hero/app


SwiftCompile normal arm64 /tmp/morsel-286-mutation-qcdw70bm/issue-286-hero/app/Sources/Morsel/JournalCalendarRepository.swift (in target 'Morsel' from project 'Morsel')
    cd /tmp/morsel-286-mutation-qcdw70bm/issue-286-hero/app


SwiftCompile normal arm64 /tmp/morsel-286-mutation-qcdw70bm/issue-286-hero/app/Sources/Morsel/JournalCalendarView.swift (in target 'Morsel' from project 'Morsel')
    cd /tmp/morsel-286-mutation-qcdw70bm/issue-286-hero/app


SwiftCompile normal arm64 /tmp/morsel-286-mutation-qcdw70bm/issue-286-hero/app/Sources/Morsel/JournalDiaryPage.swift (in target 'Morsel' from project 'Morsel')
    cd /tmp/morsel-286-mutation-qcdw70bm/issue-286-hero/app


SwiftDriverJobDiscovery normal arm64 Compiling RealtimeLifecycleManager.swift, RealtimeMessageV2.swift (in target 'RealtimeV2' from project 'Supabase')

SwiftCompile normal arm64 Compiling\ AddMealPhotoSection.swift,\ Auth.swift,\ AuthView.swift,\ DatedTargets.swift,\ DayDrillDown.swift,\ DayReadState.swift,\ DesignSystem.swift,\ DeviceTimezoneSync.swift,\ EndpointCopyPill.swift,\ FoodArtwork.swift /tmp/morsel-286-mutation-qcdw70bm/issue-286-hero/app/Sources/Morsel/AddMealPhotoSection.swift /tmp/morsel-286-mutation-qcdw70bm/issue-286-hero/app/Sources/Morsel/Auth.swift /tmp/morsel-286-mutation-qcdw70bm/issue-286-hero/app/Sources/Morsel/AuthView.swift /tmp/morsel-286-mutation-qcdw70bm/issue-286-hero/app/Sources/Morsel/DatedTargets.swift /tmp/morsel-286-mutation-qcdw70bm/issue-286-hero/app/Sources/Morsel/DayDrillDown.swift /tmp/morsel-286-mutation-qcdw70bm/issue-286-hero/app/Sources/Morsel/DayReadState.swift /tmp/morsel-286-mutation-qcdw70bm/issue-286-hero/app/Sources/Morsel/DesignSystem.swift /tmp/morsel-286-mutation-qcdw70bm/issue-286-hero/app/Sources/Morsel/DeviceTimezoneSync.swift /tmp/morsel-286-mutation-qcdw70bm/issue-286-hero/app/Sources/Morsel/EndpointCopyPill.swift /tmp/morsel-286-mutation-qcdw70bm/issue-286-hero/app/Sources/Morsel/FoodArtwork.swift (in target 'Morsel' from project 'Morsel')

SwiftCompile normal arm64 /tmp/morsel-286-mutation-qcdw70bm/issue-286-hero/app/Sources/Morsel/AddMealPhotoSection.swift (in target 'Morsel' from project 'Morsel')
    cd /tmp/morsel-286-mutation-qcdw70bm/issue-286-hero/app


SwiftCompile normal arm64 /tmp/morsel-286-mutation-qcdw70bm/issue-286-hero/app/Sources/Morsel/Auth.swift (in target 'Morsel' from project 'Morsel')
    cd /tmp/morsel-286-mutation-qcdw70bm/issue-286-hero/app


SwiftCompile normal arm64 /tmp/morsel-286-mutation-qcdw70bm/issue-286-hero/app/Sources/Morsel/AuthView.swift (in target 'Morsel' from project 'Morsel')
    cd /tmp/morsel-286-mutation-qcdw70bm/issue-286-hero/app


SwiftCompile normal arm64 /tmp/morsel-286-mutation-qcdw70bm/issue-286-hero/app/Sources/Morsel/DatedTargets.swift (in target 'Morsel' from project 'Morsel')
    cd /tmp/morsel-286-mutation-qcdw70bm/issue-286-hero/app


SwiftCompile normal arm64 /tmp/morsel-286-mutation-qcdw70bm/issue-286-hero/app/Sources/Morsel/DayDrillDown.swift (in target 'Morsel' from project 'Morsel')
    cd /tmp/morsel-286-mutation-qcdw70bm/issue-286-hero/app


SwiftCompile normal arm64 /tmp/morsel-286-mutation-qcdw70bm/issue-286-hero/app/Sources/Morsel/DayReadState.swift (in target 'Morsel' from project 'Morsel')
    cd /tmp/morsel-286-mutation-qcdw70bm/issue-286-hero/app


SwiftCompile normal arm64 /tmp/morsel-286-mutation-qcdw70bm/issue-286-hero/app/Sources/Morsel/DesignSystem.swift (in target 'Morsel' from project 'Morsel')
    cd /tmp/morsel-286-mutation-qcdw70bm/issue-286-hero/app


SwiftCompile normal arm64 /tmp/morsel-286-mutation-qcdw70bm/issue-286-hero/app/Sources/Morsel/DeviceTimezoneSync.swift (in target 'Morsel' from project 'Morsel')
    cd /tmp/morsel-286-mutation-qcdw70bm/issue-286-hero/app


SwiftCompile normal arm64 /tmp/morsel-286-mutation-qcdw70bm/issue-286-hero/app/Sources/Morsel/EndpointCopyPill.swift (in target 'Morsel' from project 'Morsel')
    cd /tmp/morsel-286-mutation-qcdw70bm/issue-286-hero/app


SwiftCompile normal arm64 /tmp/morsel-286-mutation-qcdw70bm/issue-286-hero/app/Sources/Morsel/FoodArtwork.swift (in target 'Morsel' from project 'Morsel')
    cd /tmp/morsel-286-mutation-qcdw70bm/issue-286-hero/app


SwiftDriverJobDiscovery normal arm64 Compiling CallbackManager.swift, ChannelEvent.swift, ChannelStateManager.swift (in target 'RealtimeV2' from project 'Supabase')

SwiftCompile normal arm64 Compiling\ MealThumbnailKey.swift,\ MealThumbnailPreparer.swift,\ MenuEditorSheet.swift,\ MenuLibrary.swift,\ MenusScreen.swift,\ MockRepository.swift,\ Models.swift,\ MorselApp.swift,\ MorselAppearance.swift /tmp/morsel-286-mutation-qcdw70bm/issue-286-hero/app/Sources/Morsel/MealThumbnailKey.swift /tmp/morsel-286-mutation-qcdw70bm/issue-286-hero/app/Sources/Morsel/MealThumbnailPreparer.swift /tmp/morsel-286-mutation-qcdw70bm/issue-286-hero/app/Sources/Morsel/MenuEditorSheet.swift /tmp/morsel-286-mutation-qcdw70bm/issue-286-hero/app/Sources/Morsel/MenuLibrary.swift /tmp/morsel-286-mutation-qcdw70bm/issue-286-hero/app/Sources/Morsel/MenusScreen.swift /tmp/morsel-286-mutation-qcdw70bm/issue-286-hero/app/Sources/Morsel/MockRepository.swift /tmp/morsel-286-mutation-qcdw70bm/issue-286-hero/app/Sources/Morsel/Models.swift /tmp/morsel-286-mutation-qcdw70bm/issue-286-hero/app/Sources/Morsel/MorselApp.swift /tmp/morsel-286-mutation-qcdw70bm/issue-286-hero/app/Sources/Morsel/MorselAppearance.swift (in target 'Morsel' from project 'Morsel')
SwiftCompile normal arm64 /tmp/morsel-286-mutation-qcdw70bm/issue-286-hero/app/Sources/Morsel/MealThumbnailKey.swift (in target 'Morsel' from project 'Morsel')
    cd /tmp/morsel-286-mutation-qcdw70bm/issue-286-hero/app


SwiftCompile normal arm64 /tmp/morsel-286-mutation-qcdw70bm/issue-286-hero/app/Sources/Morsel/MealThumbnailPreparer.swift (in target 'Morsel' from project 'Morsel')
    cd /tmp/morsel-286-mutation-qcdw70bm/issue-286-hero/app


SwiftCompile normal arm64 /tmp/morsel-286-mutation-qcdw70bm/issue-286-hero/app/Sources/Morsel/MenuEditorSheet.swift (in target 'Morsel' from project 'Morsel')
    cd /tmp/morsel-286-mutation-qcdw70bm/issue-286-hero/app


SwiftCompile normal arm64 /tmp/morsel-286-mutation-qcdw70bm/issue-286-hero/app/Sources/Morsel/MenuLibrary.swift (in target 'Morsel' from project 'Morsel')
    cd /tmp/morsel-286-mutation-qcdw70bm/issue-286-hero/app


SwiftCompile normal arm64 /tmp/morsel-286-mutation-qcdw70bm/issue-286-hero/app/Sources/Morsel/MenusScreen.swift (in target 'Morsel' from project 'Morsel')
    cd /tmp/morsel-286-mutation-qcdw70bm/issue-286-hero/app


SwiftCompile normal arm64 /tmp/morsel-286-mutation-qcdw70bm/issue-286-hero/app/Sources/Morsel/MockRepository.swift (in target 'Morsel' from project 'Morsel')
    cd /tmp/morsel-286-mutation-qcdw70bm/issue-286-hero/app


SwiftCompile normal arm64 /tmp/morsel-286-mutation-qcdw70bm/issue-286-hero/app/Sources/Morsel/Models.swift (in target 'Morsel' from project 'Morsel')
    cd /tmp/morsel-286-mutation-qcdw70bm/issue-286-hero/app


SwiftCompile normal arm64 /tmp/morsel-286-mutation-qcdw70bm/issue-286-hero/app/Sources/Morsel/MorselApp.swift (in target 'Morsel' from project 'Morsel')
    cd /tmp/morsel-286-mutation-qcdw70bm/issue-286-hero/app


SwiftCompile normal arm64 /tmp/morsel-286-mutation-qcdw70bm/issue-286-hero/app/Sources/Morsel/MorselAppearance.swift (in target 'Morsel' from project 'Morsel')
    cd /tmp/morsel-286-mutation-qcdw70bm/issue-286-hero/app


SwiftDriverJobDiscovery normal arm64 Compiling URLSessionWebSocket.swift, WebSocket.swift (in target 'RealtimeV2' from project 'Supabase')

SwiftCompile normal arm64 Compiling\ LocalDataStore+SQLite.swift,\ LocalDataStore.swift,\ LocalDayMigration.swift,\ LocalFirstMenus.swift,\ LocalFirstRepository+ThumbnailRevision.swift,\ LocalFirstRepository.swift,\ LocalHealthStore+SQLite.swift,\ LocalHealthStore.swift,\ LocalSnapshotCache.swift /tmp/morsel-286-mutation-qcdw70bm/issue-286-hero/app/Sources/Morsel/LocalDataStore+SQLite.swift /tmp/morsel-286-mutation-qcdw70bm/issue-286-hero/app/Sources/Morsel/LocalDataStore.swift /tmp/morsel-286-mutation-qcdw70bm/issue-286-hero/app/Sources/Morsel/LocalDayMigration.swift /tmp/morsel-286-mutation-qcdw70bm/issue-286-hero/app/Sources/Morsel/LocalFirstMenus.swift /tmp/morsel-286-mutation-qcdw70bm/issue-286-hero/app/Sources/Morsel/LocalFirstRepository+ThumbnailRevision.swift /tmp/morsel-286-mutation-qcdw70bm/issue-286-hero/app/Sources/Morsel/LocalFirstRepository.swift /tmp/morsel-286-mutation-qcdw70bm/issue-286-hero/app/Sources/Morsel/LocalHealthStore+SQLite.swift /tmp/morsel-286-mutation-qcdw70bm/issue-286-hero/app/Sources/Morsel/LocalHealthStore.swift /tmp/morsel-286-mutation-qcdw70bm/issue-286-hero/app/Sources/Morsel/LocalSnapshotCache.swift (in target 'Morsel' from project 'Morsel')

SwiftCompile normal arm64 /tmp/morsel-286-mutation-qcdw70bm/issue-286-hero/app/Sources/Morsel/LocalDataStore+SQLite.swift (in target 'Morsel' from project 'Morsel')
    cd /tmp/morsel-286-mutation-qcdw70bm/issue-286-hero/app


SwiftCompile normal arm64 /tmp/morsel-286-mutation-qcdw70bm/issue-286-hero/app/Sources/Morsel/LocalDataStore.swift (in target 'Morsel' from project 'Morsel')
    cd /tmp/morsel-286-mutation-qcdw70bm/issue-286-hero/app

/tmp/morsel-286-mutation-qcdw70bm/issue-286-hero/app/Sources/Morsel/LocalDataStore.swift:14:26: warning: immutable value 'message' was never used; consider replacing with '_' or removing it
        case let .sqlite(message):
                         ^~~~~~~
                         _

SwiftCompile normal arm64 /tmp/morsel-286-mutation-qcdw70bm/issue-286-hero/app/Sources/Morsel/LocalDayMigration.swift (in target 'Morsel' from project 'Morsel')
    cd /tmp/morsel-286-mutation-qcdw70bm/issue-286-hero/app


SwiftCompile normal arm64 /tmp/morsel-286-mutation-qcdw70bm/issue-286-hero/app/Sources/Morsel/LocalFirstMenus.swift (in target 'Morsel' from project 'Morsel')
    cd /tmp/morsel-286-mutation-qcdw70bm/issue-286-hero/app


SwiftCompile normal arm64 /tmp/morsel-286-mutation-qcdw70bm/issue-286-hero/app/Sources/Morsel/LocalFirstRepository+ThumbnailRevision.swift (in target 'Morsel' from project 'Morsel')
    cd /tmp/morsel-286-mutation-qcdw70bm/issue-286-hero/app


SwiftCompile normal arm64 /tmp/morsel-286-mutation-qcdw70bm/issue-286-hero/app/Sources/Morsel/LocalFirstRepository.swift (in target 'Morsel' from project 'Morsel')
    cd /tmp/morsel-286-mutation-qcdw70bm/issue-286-hero/app


SwiftCompile normal arm64 /tmp/morsel-286-mutation-qcdw70bm/issue-286-hero/app/Sources/Morsel/LocalHealthStore+SQLite.swift (in target 'Morsel' from project 'Morsel')
    cd /tmp/morsel-286-mutation-qcdw70bm/issue-286-hero/app


SwiftCompile normal arm64 /tmp/morsel-286-mutation-qcdw70bm/issue-286-hero/app/Sources/Morsel/LocalHealthStore.swift (in target 'Morsel' from project 'Morsel')
    cd /tmp/morsel-286-mutation-qcdw70bm/issue-286-hero/app

/tmp/morsel-286-mutation-qcdw70bm/issue-286-hero/app/Sources/Morsel/LocalHealthStore.swift:83:18: warning: instance method 'lock' is unavailable from asynchronous contexts; Use async-safe scoped locking instead; this is an error in the Swift 6 language mode
        try lock.lock(); defer { lock.unlock() }
                 ^
Foundation.NSRecursiveLock.lock:2:11: note: 'lock()' declared here
open func lock()}
          ^
/tmp/morsel-286-mutation-qcdw70bm/issue-286-hero/app/Sources/Morsel/LocalHealthStore.swift:83:39: warning: instance method 'unlock' is unavailable from asynchronous contexts; Use async-safe scoped locking instead; this is an error in the Swift 6 language mode
        try lock.lock(); defer { lock.unlock() }
                                      ^
Foundation.NSRecursiveLock.unlock:2:11: note: 'unlock()' declared here
open func unlock()}
          ^
/tmp/morsel-286-mutation-qcdw70bm/issue-286-hero/app/Sources/Morsel/LocalHealthStore.swift:83:9: warning: no calls to throwing functions occur within 'try' expression
        try lock.lock(); defer { lock.unlock() }
        ^
/tmp/morsel-286-mutation-qcdw70bm/issue-286-hero/app/Sources/Morsel/LocalHealthStore.swift:103:18: warning: instance method 'lock' is unavailable from asynchronous contexts; Use async-safe scoped locking instead; this is an error in the Swift 6 language mode
        try lock.lock(); defer { lock.unlock() }
                 ^
Foundation.NSRecursiveLock.lock:2:11: note: 'lock()' declared here
open func lock()}
          ^
/tmp/morsel-286-mutation-qcdw70bm/issue-286-hero/app/Sources/Morsel/LocalHealthStore.swift:103:39: warning: instance method 'unlock' is unavailable from asynchronous contexts; Use async-safe scoped locking instead; this is an error in the Swift 6 language mode
        try lock.lock(); defer { lock.unlock() }
                                      ^
Foundation.NSRecursiveLock.unlock:2:11: note: 'unlock()' declared here
open func unlock()}
          ^
/tmp/morsel-286-mutation-qcdw70bm/issue-286-hero/app/Sources/Morsel/LocalHealthStore.swift:103:9: warning: no calls to throwing functions occur within 'try' expression
        try lock.lock(); defer { lock.unlock() }
        ^

SwiftCompile normal arm64 /tmp/morsel-286-mutation-qcdw70bm/issue-286-hero/app/Sources/Morsel/LocalSnapshotCache.swift (in target 'Morsel' from project 'Morsel')
    cd /tmp/morsel-286-mutation-qcdw70bm/issue-286-hero/app


SwiftDriverJobDiscovery normal arm64 Compiling RealtimeClient+HeartbeatStatus.swift, RealtimeClient+Status.swift, RealtimeClientV2.swift (in target 'RealtimeV2' from project 'Supabase')

SwiftCompile normal arm64 Compiling\ SessionStore.swift,\ SettingsView.swift,\ SupabaseMealMutations.swift,\ SupabaseMealReadModel.swift,\ SupabaseMenus.swift,\ TodayLogViews.swift,\ TodayRefreshOwner.swift,\ TrainingFuelContext.swift,\ TrainingFuelHealthReader.swift /tmp/morsel-286-mutation-qcdw70bm/issue-286-hero/app/Sources/Morsel/SessionStore.swift /tmp/morsel-286-mutation-qcdw70bm/issue-286-hero/app/Sources/Morsel/SettingsView.swift /tmp/morsel-286-mutation-qcdw70bm/issue-286-hero/app/Sources/Morsel/SupabaseMealMutations.swift /tmp/morsel-286-mutation-qcdw70bm/issue-286-hero/app/Sources/Morsel/SupabaseMealReadModel.swift /tmp/morsel-286-mutation-qcdw70bm/issue-286-hero/app/Sources/Morsel/SupabaseMenus.swift /tmp/morsel-286-mutation-qcdw70bm/issue-286-hero/app/Sources/Morsel/TodayLogViews.swift /tmp/morsel-286-mutation-qcdw70bm/issue-286-hero/app/Sources/Morsel/TodayRefreshOwner.swift /tmp/morsel-286-mutation-qcdw70bm/issue-286-hero/app/Sources/Morsel/TrainingFuelContext.swift /tmp/morsel-286-mutation-qcdw70bm/issue-286-hero/app/Sources/Morsel/TrainingFuelHealthReader.swift (in target 'Morsel' from project 'Morsel')

SwiftCompile normal arm64 /tmp/morsel-286-mutation-qcdw70bm/issue-286-hero/app/Sources/Morsel/SessionStore.swift (in target 'Morsel' from project 'Morsel')
    cd /tmp/morsel-286-mutation-qcdw70bm/issue-286-hero/app


SwiftCompile normal arm64 /tmp/morsel-286-mutation-qcdw70bm/issue-286-hero/app/Sources/Morsel/SettingsView.swift (in target 'Morsel' from project 'Morsel')
    cd /tmp/morsel-286-mutation-qcdw70bm/issue-286-hero/app


SwiftCompile normal arm64 /tmp/morsel-286-mutation-qcdw70bm/issue-286-hero/app/Sources/Morsel/SupabaseMealMutations.swift (in target 'Morsel' from project 'Morsel')
    cd /tmp/morsel-286-mutation-qcdw70bm/issue-286-hero/app


SwiftCompile normal arm64 /tmp/morsel-286-mutation-qcdw70bm/issue-286-hero/app/Sources/Morsel/SupabaseMealReadModel.swift (in target 'Morsel' from project 'Morsel')
    cd /tmp/morsel-286-mutation-qcdw70bm/issue-286-hero/app


SwiftCompile normal arm64 /tmp/morsel-286-mutation-qcdw70bm/issue-286-hero/app/Sources/Morsel/SupabaseMenus.swift (in target 'Morsel' from project 'Morsel')
    cd /tmp/morsel-286-mutation-qcdw70bm/issue-286-hero/app


SwiftCompile normal arm64 /tmp/morsel-286-mutation-qcdw70bm/issue-286-hero/app/Sources/Morsel/TodayLogViews.swift (in target 'Morsel' from project 'Morsel')
    cd /tmp/morsel-286-mutation-qcdw70bm/issue-286-hero/app


SwiftCompile normal arm64 /tmp/morsel-286-mutation-qcdw70bm/issue-286-hero/app/Sources/Morsel/TodayRefreshOwner.swift (in target 'Morsel' from project 'Morsel')
    cd /tmp/morsel-286-mutation-qcdw70bm/issue-286-hero/app


SwiftCompile normal arm64 /tmp/morsel-286-mutation-qcdw70bm/issue-286-hero/app/Sources/Morsel/TrainingFuelContext.swift (in target 'Morsel' from project 'Morsel')
    cd /tmp/morsel-286-mutation-qcdw70bm/issue-286-hero/app


SwiftCompile normal arm64 /tmp/morsel-286-mutation-qcdw70bm/issue-286-hero/app/Sources/Morsel/TrainingFuelHealthReader.swift (in target 'Morsel' from project 'Morsel')
    cd /tmp/morsel-286-mutation-qcdw70bm/issue-286-hero/app


SwiftDriverJobDiscovery normal arm64 Compiling RealtimeChannel+AsyncAwait.swift, RealtimeChannel+Status.swift, RealtimeChannelV2.swift (in target 'RealtimeV2' from project 'Supabase')

SwiftDriver\ Compilation RealtimeV2 normal arm64 com.apple.xcode.tools.swift.compiler (in target 'RealtimeV2' from project 'Supabase')
    cd /tmp/morsel-286-mutation-qcdw70bm/issue-286-hero/app/Morsel.xcodeproj
    builtin-Swift-Compilation -- /Applications/Xcode.app/Contents/Developer/Toolchains/XcodeDefault.xctoolchain/usr/bin/swiftc -module-name RealtimeV2 -Onone @/tmp/morsel-286-dd/Build/Intermediates.noindex/Supabase.build/Debug-iphonesimulator/RealtimeV2.build/Objects-normal/arm64/RealtimeV2.SwiftFileList -DSWIFT_PACKAGE -DDEBUG -DSWIFT_MODULE_RESOURCE_BUNDLE_UNAVAILABLE -DXcode -enable-upcoming-feature ExistentialAny -enable-upcoming-feature ImmutableWeakCaptures -enable-upcoming-feature InferIsolatedConformances -enable-upcoming-feature InternalImportsByDefault -enable-upcoming-feature MemberImportVisibility -plugin-path /Applications/Xcode.app/Contents/Developer/Toolchains/XcodeDefault.xctoolchain/usr/lib/swift/host/plugins/testing -enable-experimental-feature DebugDescriptionMacro -sdk /Applications/Xcode.app/Contents/Developer/Platforms/iPhoneSimulator.platform/Developer/SDKs/iPhoneSimulator26.5.sdk -target arm64-apple-ios16.0-simulator -g -module-cache-path /tmp/morsel-286-dd/ModuleCache.noindex -Xfrontend -serialize-debugging-options -enable-testing -suppress-warnings -index-store-path /tmp/morsel-286-dd/Index.noindex/DataStore -Xcc -D_LIBCPP_HARDENING_MODE\=_LIBCPP_HARDENING_MODE_DEBUG -swift-version 6 -I /tmp/morsel-286-dd/Build/Products/Debug-iphonesimulator -Isystem /Applications/Xcode.app/Contents/Developer/Platforms/iPhoneSimulator.platform/Developer/usr/lib -F /tmp/morsel-286-dd/Build/Products/Debug-iphonesimulator/PackageFrameworks -F /tmp/morsel-286-dd/Build/Products/Debug-iphonesimulator/PackageFrameworks -F /tmp/morsel-286-dd/Build/Products/Debug-iphonesimulator/PackageFrameworks -F /tmp/morsel-286-dd/Build/Products/Debug-iphonesimulator/PackageFrameworks -F /tmp/morsel-286-dd/Build/Products/Debug-iphonesimulator/PackageFrameworks -F /tmp/morsel-286-dd/Build/Products/Debug-iphonesimulator/PackageFrameworks -F /tmp/morsel-286-dd/Build/Products/Debug-iphonesimulator -F /Applications/Xcode.app/Contents/Developer/Platforms/iPhoneSimulator.platform/Developer/Library/Frameworks -F /Applications/Xcode.app/Contents/Developer/Platforms/iPhoneSimulator.platform/Developer/SDKs/iPhoneSimulator26.5.sdk/Developer/Library/Frameworks -c -j10 -enable-batch-mode -incremental -Xcc -ivfsstatcache -Xcc /tmp/morsel-286-dd/SDKStatCaches.noindex/iphonesimulator26.5-23F81a-6cfe768891a92b912361537c460fe42b.sdkstatcache -output-file-map /tmp/morsel-286-dd/Build/Intermediates.noindex/Supabase.build/Debug-iphonesimulator/RealtimeV2.build/Objects-normal/arm64/RealtimeV2-OutputFileMap.json -use-frontend-parseable-output -save-temps -no-color-diagnostics -explicit-module-build -module-cache-path /tmp/morsel-286-dd/Build/Intermediates.noindex/SwiftExplicitPrecompiledModules -clang-scanner-module-cache-path /tmp/morsel-286-dd/ModuleCache.noindex -sdk-module-cache-path /tmp/morsel-286-dd/ModuleCache.noindex -serialize-diagnostics -emit-dependencies -emit-module -emit-module-path /tmp/morsel-286-dd/Build/Intermediates.noindex/Supabase.build/Debug-iphonesimulator/RealtimeV2.build/Objects-normal/arm64/RealtimeV2.swiftmodule -user-module-version 2.55.1 -validate-clang-modules-once -clang-build-session-file /tmp/morsel-286-dd/ModuleCache.noindex/Session.modulevalidation -package-name supabase_swift -Xcc -I/tmp/morsel-286-dd/Build/Intermediates.noindex/Supabase.build/Debug-iphonesimulator/RealtimeV2.build/swift-overrides.hmap -emit-const-values -Xfrontend -const-gather-protocols-file -Xfrontend /tmp/morsel-286-dd/Build/Intermediates.noindex/Supabase.build/Debug-iphonesimulator/RealtimeV2.build/Objects-normal/arm64/RealtimeV2_const_extract_protocols.json -Xcc -I/tmp/morsel-286-dd/Build/Products/Debug-iphonesimulator/include -Xcc -I/tmp/morsel-286-dd/Build/Intermediates.noindex/Supabase.build/Debug-iphonesimulator/RealtimeV2.build/DerivedSources-normal/arm64 -Xcc -I/tmp/morsel-286-dd/Build/Intermediates.noindex/Supabase.build/Debug-iphonesimulator/RealtimeV2.build/DerivedSources/arm64 -Xcc -I/tmp/morsel-286-dd/Build/Intermediates.noindex/Supabase.build/Debug-iphonesimulator/RealtimeV2.build/DerivedSources -Xcc -DSWIFT_PACKAGE -Xcc -DDEBUG\=1 -emit-objc-header -emit-objc-header-path /tmp/morsel-286-dd/Build/Intermediates.noindex/Supabase.build/Debug-iphonesimulator/RealtimeV2.build/Objects-normal/arm64/RealtimeV2-Swift.h -working-directory /tmp/morsel-286-mutation-qcdw70bm/issue-286-hero/app/Morsel.xcodeproj -experimental-emit-module-separately -disable-cmo

SwiftCompile normal arm64 Compiling\ MorselDate.swift,\ MorselStamp.swift,\ NamedMenus.swift,\ Onboarding.swift,\ OutboxModels.swift,\ PaperFields.swift,\ PreviewData.swift,\ ReliabilityServices.swift,\ Repository.swift /tmp/morsel-286-mutation-qcdw70bm/issue-286-hero/app/Sources/Morsel/MorselDate.swift /tmp/morsel-286-mutation-qcdw70bm/issue-286-hero/app/Sources/Morsel/MorselStamp.swift /tmp/morsel-286-mutation-qcdw70bm/issue-286-hero/app/Sources/Morsel/NamedMenus.swift /tmp/morsel-286-mutation-qcdw70bm/issue-286-hero/app/Sources/Morsel/Onboarding.swift /tmp/morsel-286-mutation-qcdw70bm/issue-286-hero/app/Sources/Morsel/OutboxModels.swift /tmp/morsel-286-mutation-qcdw70bm/issue-286-hero/app/Sources/Morsel/PaperFields.swift /tmp/morsel-286-mutation-qcdw70bm/issue-286-hero/app/Sources/Morsel/PreviewData.swift /tmp/morsel-286-mutation-qcdw70bm/issue-286-hero/app/Sources/Morsel/ReliabilityServices.swift /tmp/morsel-286-mutation-qcdw70bm/issue-286-hero/app/Sources/Morsel/Repository.swift (in target 'Morsel' from project 'Morsel')
SwiftCompile normal arm64 /tmp/morsel-286-mutation-qcdw70bm/issue-286-hero/app/Sources/Morsel/MorselDate.swift (in target 'Morsel' from project 'Morsel')
    cd /tmp/morsel-286-mutation-qcdw70bm/issue-286-hero/app


SwiftCompile normal arm64 /tmp/morsel-286-mutation-qcdw70bm/issue-286-hero/app/Sources/Morsel/MorselStamp.swift (in target 'Morsel' from project 'Morsel')
    cd /tmp/morsel-286-mutation-qcdw70bm/issue-286-hero/app


SwiftCompile normal arm64 /tmp/morsel-286-mutation-qcdw70bm/issue-286-hero/app/Sources/Morsel/NamedMenus.swift (in target 'Morsel' from project 'Morsel')
    cd /tmp/morsel-286-mutation-qcdw70bm/issue-286-hero/app


SwiftCompile normal arm64 /tmp/morsel-286-mutation-qcdw70bm/issue-286-hero/app/Sources/Morsel/Onboarding.swift (in target 'Morsel' from project 'Morsel')
    cd /tmp/morsel-286-mutation-qcdw70bm/issue-286-hero/app


SwiftCompile normal arm64 /tmp/morsel-286-mutation-qcdw70bm/issue-286-hero/app/Sources/Morsel/OutboxModels.swift (in target 'Morsel' from project 'Morsel')
    cd /tmp/morsel-286-mutation-qcdw70bm/issue-286-hero/app


SwiftCompile normal arm64 /tmp/morsel-286-mutation-qcdw70bm/issue-286-hero/app/Sources/Morsel/PaperFields.swift (in target 'Morsel' from project 'Morsel')
    cd /tmp/morsel-286-mutation-qcdw70bm/issue-286-hero/app


SwiftCompile normal arm64 /tmp/morsel-286-mutation-qcdw70bm/issue-286-hero/app/Sources/Morsel/PreviewData.swift (in target 'Morsel' from project 'Morsel')
    cd /tmp/morsel-286-mutation-qcdw70bm/issue-286-hero/app


SwiftCompile normal arm64 /tmp/morsel-286-mutation-qcdw70bm/issue-286-hero/app/Sources/Morsel/ReliabilityServices.swift (in target 'Morsel' from project 'Morsel')
    cd /tmp/morsel-286-mutation-qcdw70bm/issue-286-hero/app


SwiftCompile normal arm64 /tmp/morsel-286-mutation-qcdw70bm/issue-286-hero/app/Sources/Morsel/Repository.swift (in target 'Morsel' from project 'Morsel')
    cd /tmp/morsel-286-mutation-qcdw70bm/issue-286-hero/app


SwiftCompile normal arm64 Compiling\ TrainingFuelHost.swift,\ TrainingFuelModel.swift,\ TrainingFuelViews.swift,\ ViewModel.swift,\ Views.swift,\ WeightDeltaBand.swift,\ WeightDeltaModels.swift,\ WeightTrendView.swift,\ GeneratedAssetSymbols.swift /tmp/morsel-286-mutation-qcdw70bm/issue-286-hero/app/Sources/Morsel/TrainingFuelHost.swift /tmp/morsel-286-mutation-qcdw70bm/issue-286-hero/app/Sources/Morsel/TrainingFuelModel.swift /tmp/morsel-286-mutation-qcdw70bm/issue-286-hero/app/Sources/Morsel/TrainingFuelViews.swift /tmp/morsel-286-mutation-qcdw70bm/issue-286-hero/app/Sources/Morsel/ViewModel.swift /tmp/morsel-286-mutation-qcdw70bm/issue-286-hero/app/Sources/Morsel/Views.swift /tmp/morsel-286-mutation-qcdw70bm/issue-286-hero/app/Sources/Morsel/WeightDeltaBand.swift /tmp/morsel-286-mutation-qcdw70bm/issue-286-hero/app/Sources/Morsel/WeightDeltaModels.swift /tmp/morsel-286-mutation-qcdw70bm/issue-286-hero/app/Sources/Morsel/WeightTrendView.swift /tmp/morsel-286-dd/Build/Intermediates.noindex/Morsel.build/Debug-iphonesimulator/Morsel.build/DerivedSources/GeneratedAssetSymbols.swift (in target 'Morsel' from project 'Morsel')
SwiftCompile normal arm64 /tmp/morsel-286-mutation-qcdw70bm/issue-286-hero/app/Sources/Morsel/TrainingFuelHost.swift (in target 'Morsel' from project 'Morsel')
    cd /tmp/morsel-286-mutation-qcdw70bm/issue-286-hero/app


SwiftCompile normal arm64 /tmp/morsel-286-mutation-qcdw70bm/issue-286-hero/app/Sources/Morsel/TrainingFuelModel.swift (in target 'Morsel' from project 'Morsel')
    cd /tmp/morsel-286-mutation-qcdw70bm/issue-286-hero/app


SwiftCompile normal arm64 /tmp/morsel-286-mutation-qcdw70bm/issue-286-hero/app/Sources/Morsel/TrainingFuelViews.swift (in target 'Morsel' from project 'Morsel')
    cd /tmp/morsel-286-mutation-qcdw70bm/issue-286-hero/app


SwiftCompile normal arm64 /tmp/morsel-286-mutation-qcdw70bm/issue-286-hero/app/Sources/Morsel/ViewModel.swift (in target 'Morsel' from project 'Morsel')
    cd /tmp/morsel-286-mutation-qcdw70bm/issue-286-hero/app


SwiftCompile normal arm64 /tmp/morsel-286-mutation-qcdw70bm/issue-286-hero/app/Sources/Morsel/Views.swift (in target 'Morsel' from project 'Morsel')
    cd /tmp/morsel-286-mutation-qcdw70bm/issue-286-hero/app


SwiftCompile normal arm64 /tmp/morsel-286-mutation-qcdw70bm/issue-286-hero/app/Sources/Morsel/WeightDeltaBand.swift (in target 'Morsel' from project 'Morsel')
    cd /tmp/morsel-286-mutation-qcdw70bm/issue-286-hero/app


SwiftCompile normal arm64 /tmp/morsel-286-mutation-qcdw70bm/issue-286-hero/app/Sources/Morsel/WeightDeltaModels.swift (in target 'Morsel' from project 'Morsel')
    cd /tmp/morsel-286-mutation-qcdw70bm/issue-286-hero/app


SwiftCompile normal arm64 /tmp/morsel-286-mutation-qcdw70bm/issue-286-hero/app/Sources/Morsel/WeightTrendView.swift (in target 'Morsel' from project 'Morsel')
    cd /tmp/morsel-286-mutation-qcdw70bm/issue-286-hero/app


SwiftCompile normal arm64 /tmp/morsel-286-dd/Build/Intermediates.noindex/Morsel.build/Debug-iphonesimulator/Morsel.build/DerivedSources/GeneratedAssetSymbols.swift (in target 'Morsel' from project 'Morsel')
    cd /tmp/morsel-286-mutation-qcdw70bm/issue-286-hero/app


SwiftDriverJobDiscovery normal arm64 Compiling JournalFocus.swift, JournalFoodRow.swift, JournalHistoryRangePicker.swift, JournalNavigation.swift, JournalPageTurner.swift, JournalPaperTexture.swift, JournalPresentationModel.swift, JournalShellChrome.swift, JournalUI.swift (in target 'Morsel' from project 'Morsel')

SwiftDriverJobDiscovery normal arm64 Compiling LocalDataStore+SQLite.swift, LocalDataStore.swift, LocalDayMigration.swift, LocalFirstMenus.swift, LocalFirstRepository+ThumbnailRevision.swift, LocalFirstRepository.swift, LocalHealthStore+SQLite.swift, LocalHealthStore.swift, LocalSnapshotCache.swift (in target 'Morsel' from project 'Morsel')

Ld /tmp/morsel-286-dd/Build/Products/Debug-iphonesimulator/RealtimeV2.o normal (in target 'RealtimeV2' from project 'Supabase')
    cd /tmp/morsel-286-dd/SourcePackages/checkouts/supabase-swift
    /Applications/Xcode.app/Contents/Developer/Toolchains/XcodeDefault.xctoolchain/usr/bin/clang -Xlinker -reproducible -target arm64-apple-ios16.0-simulator -r -isysroot /Applications/Xcode.app/Contents/Developer/Platforms/iPhoneSimulator.platform/Developer/SDKs/iPhoneSimulator26.5.sdk -O0 -w -F/tmp/morsel-286-dd/Build/Intermediates.noindex/EagerLinkingTBDs/Debug-iphonesimulator -F/tmp/morsel-286-dd/Build/Products/Debug-iphonesimulator/PackageFrameworks -F/tmp/morsel-286-dd/Build/Products/Debug-iphonesimulator/PackageFrameworks -F/tmp/morsel-286-dd/Build/Products/Debug-iphonesimulator/PackageFrameworks -F/tmp/morsel-286-dd/Build/Products/Debug-iphonesimulator/PackageFrameworks -F/tmp/morsel-286-dd/Build/Products/Debug-iphonesimulator/PackageFrameworks -F/tmp/morsel-286-dd/Build/Products/Debug-iphonesimulator/PackageFrameworks -F/tmp/morsel-286-dd/Build/Products/Debug-iphonesimulator -iframework /Applications/Xcode.app/Contents/Developer/Platforms/iPhoneSimulator.platform/Developer/Library/Frameworks -iframework /Applications/Xcode.app/Contents/Developer/Platforms/iPhoneSimulator.platform/Developer/SDKs/iPhoneSimulator26.5.sdk/Developer/Library/Frameworks -filelist /tmp/morsel-286-dd/Build/Intermediates.noindex/Supabase.build/Debug-iphonesimulator/RealtimeV2.build/Objects-normal/arm64/RealtimeV2.LinkFileList -nostdlib -Xlinker -object_path_lto -Xlinker /tmp/morsel-286-dd/Build/Intermediates.noindex/Supabase.build/Debug-iphonesimulator/RealtimeV2.build/Objects-normal/arm64/RealtimeV2_lto.o -Xlinker -no_deduplicate -Xlinker -objc_abi_version -Xlinker 2 -Xlinker -dependency_info -Xlinker /tmp/morsel-286-dd/Build/Intermediates.noindex/Supabase.build/Debug-iphonesimulator/RealtimeV2.build/Objects-normal/arm64/RealtimeV2_dependency_info.dat -fobjc-link-runtime -L/Applications/Xcode.app/Contents/Developer/Toolchains/XcodeDefault.xctoolchain/usr/lib/swift/iphonesimulator -L/usr/lib/swift -Xlinker -add_ast_path -Xlinker /tmp/morsel-286-dd/Build/Intermediates.noindex/Supabase.build/Debug-iphonesimulator/RealtimeV2.build/Objects-normal/arm64/RealtimeV2.swiftmodule @/tmp/morsel-286-dd/Build/Intermediates.noindex/Supabase.build/Debug-iphonesimulator/RealtimeV2.build/Objects-normal/arm64/RealtimeV2-linker-args.resp -o /tmp/morsel-286-dd/Build/Products/Debug-iphonesimulator/RealtimeV2.o

ExtractAppIntentsMetadata (in target 'RealtimeV2' from project 'Supabase')
    cd /tmp/morsel-286-dd/SourcePackages/checkouts/supabase-swift
    /Applications/Xcode.app/Contents/Developer/Toolchains/XcodeDefault.xctoolchain/usr/bin/appintentsmetadataprocessor --toolchain-dir /Applications/Xcode.app/Contents/Developer/Toolchains/XcodeDefault.xctoolchain --module-name RealtimeV2 --sdk-root /Applications/Xcode.app/Contents/Developer/Platforms/iPhoneSimulator.platform/Developer/SDKs/iPhoneSimulator26.5.sdk --xcode-version 17F113 --platform-family iOS --deployment-target 16.0 --bundle-identifier supabase-swift.RealtimeV2 --output /tmp/morsel-286-dd/Build/Products/Debug-iphonesimulator/RealtimeV2.appintents --target-triple arm64-apple-ios16.0-simulator --binary-file /tmp/morsel-286-dd/Build/Products/Debug-iphonesimulator/RealtimeV2.o --dependency-file /tmp/morsel-286-dd/Build/Intermediates.noindex/Supabase.build/Debug-iphonesimulator/RealtimeV2.build/Objects-normal/arm64/RealtimeV2_dependency_info.dat --stringsdata-file /tmp/morsel-286-dd/Build/Intermediates.noindex/Supabase.build/Debug-iphonesimulator/RealtimeV2.build/Objects-normal/arm64/ExtractedAppShortcutsMetadata.stringsdata --source-file-list /tmp/morsel-286-dd/Build/Intermediates.noindex/Supabase.build/Debug-iphonesimulator/RealtimeV2.build/Objects-normal/arm64/RealtimeV2.SwiftFileList --metadata-file-list /tmp/morsel-286-dd/Build/Intermediates.noindex/Supabase.build/Debug-iphonesimulator/RealtimeV2.build/RealtimeV2.DependencyMetadataFileList --static-metadata-file-list /tmp/morsel-286-dd/Build/Intermediates.noindex/Supabase.build/Debug-iphonesimulator/RealtimeV2.build/RealtimeV2.DependencyStaticMetadataFileList --swift-const-vals-list /tmp/morsel-286-dd/Build/Intermediates.noindex/Supabase.build/Debug-iphonesimulator/RealtimeV2.build/Objects-normal/arm64/RealtimeV2.SwiftConstValuesFileList --force --compile-time-extraction --deployment-aware-processing --validate-assistant-intents --no-app-shortcuts-localization
2026-09-17 12:33:23.766 appintentsmetadataprocessor[32505:12834225] Starting appintentsmetadataprocessor export
2026-09-17 12:33:23.800 appintentsmetadataprocessor[32505:12834225] Extracted no relevant App Intents symbols, skipping writing output

RegisterExecutionPolicyException /tmp/morsel-286-dd/Build/Products/Debug-iphonesimulator/RealtimeV2.o (in target 'RealtimeV2' from project 'Supabase')
    cd /tmp/morsel-286-dd/SourcePackages/checkouts/supabase-swift
    builtin-RegisterExecutionPolicyException /tmp/morsel-286-dd/Build/Products/Debug-iphonesimulator/RealtimeV2.o

SwiftCompile normal arm64 Compiling\ Deprecated.swift,\ HeartbeatTimer.swift /tmp/morsel-286-dd/SourcePackages/checkouts/supabase-swift/Sources/Realtime/Deprecated/Deprecated.swift /tmp/morsel-286-dd/SourcePackages/checkouts/supabase-swift/Sources/Realtime/Deprecated/HeartbeatTimer.swift (in target 'Realtime' from project 'Supabase')

SwiftCompile normal arm64 /tmp/morsel-286-dd/SourcePackages/checkouts/supabase-swift/Sources/Realtime/Deprecated/Deprecated.swift (in target 'Realtime' from project 'Supabase')
    cd /tmp/morsel-286-mutation-qcdw70bm/issue-286-hero/app/Morsel.xcodeproj


SwiftCompile normal arm64 /tmp/morsel-286-dd/SourcePackages/checkouts/supabase-swift/Sources/Realtime/Deprecated/HeartbeatTimer.swift (in target 'Realtime' from project 'Supabase')
    cd /tmp/morsel-286-mutation-qcdw70bm/issue-286-hero/app/Morsel.xcodeproj


SwiftCompile normal arm64 Compiling\ Defaults.swift,\ Delegated.swift /tmp/morsel-286-dd/SourcePackages/checkouts/supabase-swift/Sources/Realtime/Deprecated/Defaults.swift /tmp/morsel-286-dd/SourcePackages/checkouts/supabase-swift/Sources/Realtime/Deprecated/Delegated.swift (in target 'Realtime' from project 'Supabase')

SwiftCompile normal arm64 /tmp/morsel-286-dd/SourcePackages/checkouts/supabase-swift/Sources/Realtime/Deprecated/Defaults.swift (in target 'Realtime' from project 'Supabase')
    cd /tmp/morsel-286-mutation-qcdw70bm/issue-286-hero/app/Morsel.xcodeproj


SwiftCompile normal arm64 /tmp/morsel-286-dd/SourcePackages/checkouts/supabase-swift/Sources/Realtime/Deprecated/Delegated.swift (in target 'Realtime' from project 'Supabase')
    cd /tmp/morsel-286-mutation-qcdw70bm/issue-286-hero/app/Morsel.xcodeproj


SwiftDriverJobDiscovery normal arm64 Compiling Deprecated.swift, HeartbeatTimer.swift (in target 'Realtime' from project 'Supabase')

SwiftCompile normal arm64 Compiling\ Exports.swift /tmp/morsel-286-dd/SourcePackages/checkouts/supabase-swift/Sources/Realtime/Exports.swift (in target 'Realtime' from project 'Supabase')

SwiftCompile normal arm64 /tmp/morsel-286-dd/SourcePackages/checkouts/supabase-swift/Sources/Realtime/Exports.swift (in target 'Realtime' from project 'Supabase')
    cd /tmp/morsel-286-mutation-qcdw70bm/issue-286-hero/app/Morsel.xcodeproj


SwiftDriverJobDiscovery normal arm64 Compiling FoodArtworkView.swift, GoalPageContext.swift, GoalsEditor.swift, GoalsEditorModel.swift, GoalsMath.swift, GoalsPageCopy.swift, HealthCalmStatus.swift, HealthKitWeightImporter.swift, HealthLogStores.swift, HistoryLedgerViews.swift (in target 'Morsel' from project 'Morsel')

SwiftCompile normal arm64 Compiling\ PhoenixTransport.swift /tmp/morsel-286-dd/SourcePackages/checkouts/supabase-swift/Sources/Realtime/Deprecated/PhoenixTransport.swift (in target 'Realtime' from project 'Supabase')

SwiftCompile normal arm64 /tmp/morsel-286-dd/SourcePackages/checkouts/supabase-swift/Sources/Realtime/Deprecated/PhoenixTransport.swift (in target 'Realtime' from project 'Supabase')
    cd /tmp/morsel-286-mutation-qcdw70bm/issue-286-hero/app/Morsel.xcodeproj


SwiftDriverJobDiscovery normal arm64 Compiling Defaults.swift, Delegated.swift (in target 'Realtime' from project 'Supabase')

SwiftCompile normal arm64 Compiling\ Presence.swift /tmp/morsel-286-dd/SourcePackages/checkouts/supabase-swift/Sources/Realtime/Deprecated/Presence.swift (in target 'Realtime' from project 'Supabase')

SwiftCompile normal arm64 /tmp/morsel-286-dd/SourcePackages/checkouts/supabase-swift/Sources/Realtime/Deprecated/Presence.swift (in target 'Realtime' from project 'Supabase')
    cd /tmp/morsel-286-mutation-qcdw70bm/issue-286-hero/app/Morsel.xcodeproj


SwiftDriverJobDiscovery normal arm64 Compiling Exports.swift (in target 'Realtime' from project 'Supabase')

SwiftCompile normal arm64 Compiling\ TimeoutTimer.swift /tmp/morsel-286-dd/SourcePackages/checkouts/supabase-swift/Sources/Realtime/Deprecated/TimeoutTimer.swift (in target 'Realtime' from project 'Supabase')

SwiftCompile normal arm64 /tmp/morsel-286-dd/SourcePackages/checkouts/supabase-swift/Sources/Realtime/Deprecated/TimeoutTimer.swift (in target 'Realtime' from project 'Supabase')
    cd /tmp/morsel-286-mutation-qcdw70bm/issue-286-hero/app/Morsel.xcodeproj


SwiftDriverJobDiscovery normal arm64 Compiling SessionStore.swift, SettingsView.swift, SupabaseMealMutations.swift, SupabaseMealReadModel.swift, SupabaseMenus.swift, TodayLogViews.swift, TodayRefreshOwner.swift, TrainingFuelContext.swift, TrainingFuelHealthReader.swift (in target 'Morsel' from project 'Morsel')

SwiftCompile normal arm64 Compiling\ RealtimeMessage.swift /tmp/morsel-286-dd/SourcePackages/checkouts/supabase-swift/Sources/Realtime/Deprecated/RealtimeMessage.swift (in target 'Realtime' from project 'Supabase')

SwiftCompile normal arm64 /tmp/morsel-286-dd/SourcePackages/checkouts/supabase-swift/Sources/Realtime/Deprecated/RealtimeMessage.swift (in target 'Realtime' from project 'Supabase')
    cd /tmp/morsel-286-mutation-qcdw70bm/issue-286-hero/app/Morsel.xcodeproj


SwiftDriverJobDiscovery normal arm64 Compiling AddMealPhotoSection.swift, Auth.swift, AuthView.swift, DatedTargets.swift, DayDrillDown.swift, DayReadState.swift, DesignSystem.swift, DeviceTimezoneSync.swift, EndpointCopyPill.swift, FoodArtwork.swift (in target 'Morsel' from project 'Morsel')

SwiftCompile normal arm64 Compiling\ Push.swift /tmp/morsel-286-dd/SourcePackages/checkouts/supabase-swift/Sources/Realtime/Deprecated/Push.swift (in target 'Realtime' from project 'Supabase')

SwiftCompile normal arm64 /tmp/morsel-286-dd/SourcePackages/checkouts/supabase-swift/Sources/Realtime/Deprecated/Push.swift (in target 'Realtime' from project 'Supabase')
    cd /tmp/morsel-286-mutation-qcdw70bm/issue-286-hero/app/Morsel.xcodeproj


SwiftDriverJobDiscovery normal arm64 Compiling PhoenixTransport.swift (in target 'Realtime' from project 'Supabase')

SwiftCompile normal arm64 Compiling\ RealtimeChannel.swift /tmp/morsel-286-dd/SourcePackages/checkouts/supabase-swift/Sources/Realtime/Deprecated/RealtimeChannel.swift (in target 'Realtime' from project 'Supabase')

SwiftCompile normal arm64 /tmp/morsel-286-dd/SourcePackages/checkouts/supabase-swift/Sources/Realtime/Deprecated/RealtimeChannel.swift (in target 'Realtime' from project 'Supabase')
    cd /tmp/morsel-286-mutation-qcdw70bm/issue-286-hero/app/Morsel.xcodeproj


SwiftDriverJobDiscovery normal arm64 Compiling TimeoutTimer.swift (in target 'Realtime' from project 'Supabase')

SwiftCompile normal arm64 Compiling\ RealtimeClient.swift /tmp/morsel-286-dd/SourcePackages/checkouts/supabase-swift/Sources/Realtime/Deprecated/RealtimeClient.swift (in target 'Realtime' from project 'Supabase')

SwiftCompile normal arm64 /tmp/morsel-286-dd/SourcePackages/checkouts/supabase-swift/Sources/Realtime/Deprecated/RealtimeClient.swift (in target 'Realtime' from project 'Supabase')
    cd /tmp/morsel-286-mutation-qcdw70bm/issue-286-hero/app/Morsel.xcodeproj


SwiftDriverJobDiscovery normal arm64 Compiling RealtimeMessage.swift (in target 'Realtime' from project 'Supabase')

SwiftDriverJobDiscovery normal arm64 Emitting module for Morsel (in target 'Morsel' from project 'Morsel')

SwiftDriver\ Compilation\ Requirements Morsel normal arm64 com.apple.xcode.tools.swift.compiler (in target 'Morsel' from project 'Morsel')
    cd /tmp/morsel-286-mutation-qcdw70bm/issue-286-hero/app
    builtin-Swift-Compilation-Requirements -- /Applications/Xcode.app/Contents/Developer/Toolchains/XcodeDefault.xctoolchain/usr/bin/swiftc -module-name Morsel -Onone @/tmp/morsel-286-dd/Build/Intermediates.noindex/Morsel.build/Debug-iphonesimulator/Morsel.build/Objects-normal/arm64/Morsel.SwiftFileList -DDEBUG -enable-bare-slash-regex -enable-experimental-feature DebugDescriptionMacro -sdk /Applications/Xcode.app/Contents/Developer/Platforms/iPhoneSimulator.platform/Developer/SDKs/iPhoneSimulator26.5.sdk -target arm64-apple-ios17.0-simulator -g -module-cache-path /tmp/morsel-286-dd/ModuleCache.noindex -Xfrontend -serialize-debugging-options -enable-testing -index-store-path /tmp/morsel-286-dd/Index.noindex/DataStore -Xcc -D_LIBCPP_HARDENING_MODE\=_LIBCPP_HARDENING_MODE_DEBUG -swift-version 5 -I /tmp/morsel-286-dd/Build/Products/Debug-iphonesimulator -F /tmp/morsel-286-dd/Build/Products/Debug-iphonesimulator/PackageFrameworks -F /tmp/morsel-286-dd/Build/Products/Debug-iphonesimulator/PackageFrameworks -F /tmp/morsel-286-dd/Build/Products/Debug-iphonesimulator/PackageFrameworks -F /tmp/morsel-286-dd/Build/Products/Debug-iphonesimulator/PackageFrameworks -F /tmp/morsel-286-dd/Build/Products/Debug-iphonesimulator/PackageFrameworks -F /tmp/morsel-286-dd/Build/Products/Debug-iphonesimulator/PackageFrameworks -F /tmp/morsel-286-dd/Build/Products/Debug-iphonesimulator/PackageFrameworks -F /tmp/morsel-286-dd/Build/Products/Debug-iphonesimulator/PackageFrameworks -F /tmp/morsel-286-dd/Build/Products/Debug-iphonesimulator/PackageFrameworks -F /tmp/morsel-286-dd/Build/Products/Debug-iphonesimulator/PackageFrameworks -F /tmp/morsel-286-dd/Build/Products/Debug-iphonesimulator/PackageFrameworks -F /tmp/morsel-286-dd/Build/Products/Debug-iphonesimulator/PackageFrameworks -F /tmp/morsel-286-dd/Build/Products/Debug-iphonesimulator/PackageFrameworks -F /tmp/morsel-286-dd/Build/Products/Debug-iphonesimulator/PackageFrameworks -F /tmp/morsel-286-dd/Build/Products/Debug-iphonesimulator -c -j10 -enable-batch-mode -incremental -Xcc -ivfsstatcache -Xcc /tmp/morsel-286-dd/SDKStatCaches.noindex/iphonesimulator26.5-23F81a-6cfe768891a92b912361537c460fe42b.sdkstatcache -output-file-map /tmp/morsel-286-dd/Build/Intermediates.noindex/Morsel.build/Debug-iphonesimulator/Morsel.build/Objects-normal/arm64/Morsel-OutputFileMap.json -use-frontend-parseable-output -save-temps -no-color-diagnostics -explicit-module-build -module-cache-path /tmp/morsel-286-dd/Build/Intermediates.noindex/SwiftExplicitPrecompiledModules -clang-scanner-module-cache-path /tmp/morsel-286-dd/ModuleCache.noindex -sdk-module-cache-path /tmp/morsel-286-dd/ModuleCache.noindex -serialize-diagnostics -emit-dependencies -emit-module -emit-module-path /tmp/morsel-286-dd/Build/Intermediates.noindex/Morsel.build/Debug-iphonesimulator/Morsel.build/Objects-normal/arm64/Morsel.swiftmodule -validate-clang-modules-once -clang-build-session-file /tmp/morsel-286-dd/ModuleCache.noindex/Session.modulevalidation -Xcc -I/tmp/morsel-286-dd/Build/Intermediates.noindex/Morsel.build/Debug-iphonesimulator/Morsel.build/swift-overrides.hmap -emit-const-values -Xfrontend -const-gather-protocols-file -Xfrontend /tmp/morsel-286-dd/Build/Intermediates.noindex/Morsel.build/Debug-iphonesimulator/Morsel.build/Objects-normal/arm64/Morsel_const_extract_protocols.json -Xcc -iquote -Xcc /tmp/morsel-286-dd/Build/Intermediates.noindex/Morsel.build/Debug-iphonesimulator/Morsel.build/Morsel-generated-files.hmap -Xcc -I/tmp/morsel-286-dd/Build/Intermediates.noindex/Morsel.build/Debug-iphonesimulator/Morsel.build/Morsel-own-target-headers.hmap -Xcc -I/tmp/morsel-286-dd/Build/Intermediates.noindex/Morsel.build/Debug-iphonesimulator/Morsel.build/Morsel-all-non-framework-target-headers.hmap -Xcc -ivfsoverlay -Xcc /tmp/morsel-286-dd/Build/Intermediates.noindex/Morsel.build/Debug-iphonesimulator/Morsel-17248c3624f98dc6f156c39ec7fad702-VFS-iphonesimulator/all-product-headers.yaml -Xcc -iquote -Xcc /tmp/morsel-286-dd/Build/Intermediates.noindex/Morsel.build/Debug-iphonesimulator/Morsel.build/Morsel-project-headers.hmap -Xcc -I/tmp/morsel-286-dd/Build/Products/Debug-iphonesimulator/include -Xcc -I/tmp/morsel-286-dd/Build/Intermediates.noindex/Morsel.build/Debug-iphonesimulator/Morsel.build/DerivedSources-normal/arm64 -Xcc -I/tmp/morsel-286-dd/Build/Intermediates.noindex/Morsel.build/Debug-iphonesimulator/Morsel.build/DerivedSources/arm64 -Xcc -I/tmp/morsel-286-dd/Build/Intermediates.noindex/Morsel.build/Debug-iphonesimulator/Morsel.build/DerivedSources -Xcc -DDEBUG\=1 -emit-objc-header -emit-objc-header-path /tmp/morsel-286-dd/Build/Intermediates.noindex/Morsel.build/Debug-iphonesimulator/Morsel.build/Objects-normal/arm64/Morsel-Swift.h -working-directory /tmp/morsel-286-mutation-qcdw70bm/issue-286-hero/app -experimental-emit-module-separately -disable-cmo

LinkAssetCatalog /tmp/morsel-286-mutation-qcdw70bm/issue-286-hero/app/Assets.xcassets (in target 'Morsel' from project 'Morsel')
    cd /tmp/morsel-286-mutation-qcdw70bm/issue-286-hero/app
    builtin-linkAssetCatalog --thinned /tmp/morsel-286-dd/Build/Intermediates.noindex/Morsel.build/Debug-iphonesimulator/Morsel.build/assetcatalog_output/thinned --thinned-dependencies /tmp/morsel-286-dd/Build/Intermediates.noindex/Morsel.build/Debug-iphonesimulator/Morsel.build/assetcatalog_dependencies_thinned --thinned-info-plist-content /tmp/morsel-286-dd/Build/Intermediates.noindex/Morsel.build/Debug-iphonesimulator/Morsel.build/assetcatalog_generated_info.plist_thinned --unthinned /tmp/morsel-286-dd/Build/Intermediates.noindex/Morsel.build/Debug-iphonesimulator/Morsel.build/assetcatalog_output/unthinned --unthinned-dependencies /tmp/morsel-286-dd/Build/Intermediates.noindex/Morsel.build/Debug-iphonesimulator/Morsel.build/assetcatalog_dependencies_unthinned --unthinned-info-plist-content /tmp/morsel-286-dd/Build/Intermediates.noindex/Morsel.build/Debug-iphonesimulator/Morsel.build/assetcatalog_generated_info.plist_unthinned --output /tmp/morsel-286-dd/Build/Products/Debug-iphonesimulator/Morsel.app --plist-output /tmp/morsel-286-dd/Build/Intermediates.noindex/Morsel.build/Debug-iphonesimulator/Morsel.build/assetcatalog_generated_info.plist
note: Emplaced /tmp/morsel-286-dd/Build/Products/Debug-iphonesimulator/Morsel.app/Assets.car (in target 'Morsel' from project 'Morsel')
note: Emplaced /tmp/morsel-286-dd/Build/Products/Debug-iphonesimulator/Morsel.app/AppIcon60x60@2x.png (in target 'Morsel' from project 'Morsel')

Copy /tmp/morsel-286-dd/Build/Products/Debug-iphonesimulator/Morsel.swiftmodule/arm64-apple-ios-simulator.swiftmodule /tmp/morsel-286-dd/Build/Intermediates.noindex/Morsel.build/Debug-iphonesimulator/Morsel.build/Objects-normal/arm64/Morsel.swiftmodule (in target 'Morsel' from project 'Morsel')
    cd /tmp/morsel-286-mutation-qcdw70bm/issue-286-hero/app
    builtin-copy -exclude .DS_Store -exclude CVS -exclude .svn -exclude .git -exclude .hg -resolve-src-symlinks -rename /tmp/morsel-286-dd/Build/Intermediates.noindex/Morsel.build/Debug-iphonesimulator/Morsel.build/Objects-normal/arm64/Morsel.swiftmodule /tmp/morsel-286-dd/Build/Products/Debug-iphonesimulator/Morsel.swiftmodule/arm64-apple-ios-simulator.swiftmodule

Copy /tmp/morsel-286-dd/Build/Products/Debug-iphonesimulator/Morsel.swiftmodule/arm64-apple-ios-simulator.abi.json /tmp/morsel-286-dd/Build/Intermediates.noindex/Morsel.build/Debug-iphonesimulator/Morsel.build/Objects-normal/arm64/Morsel.abi.json (in target 'Morsel' from project 'Morsel')
    cd /tmp/morsel-286-mutation-qcdw70bm/issue-286-hero/app
    builtin-copy -exclude .DS_Store -exclude CVS -exclude .svn -exclude .git -exclude .hg -resolve-src-symlinks -rename /tmp/morsel-286-dd/Build/Intermediates.noindex/Morsel.build/Debug-iphonesimulator/Morsel.build/Objects-normal/arm64/Morsel.abi.json /tmp/morsel-286-dd/Build/Products/Debug-iphonesimulator/Morsel.swiftmodule/arm64-apple-ios-simulator.abi.json

Copy /tmp/morsel-286-dd/Build/Products/Debug-iphonesimulator/Morsel.swiftmodule/Project/arm64-apple-ios-simulator.swiftsourceinfo /tmp/morsel-286-dd/Build/Intermediates.noindex/Morsel.build/Debug-iphonesimulator/Morsel.build/Objects-normal/arm64/Morsel.swiftsourceinfo (in target 'Morsel' from project 'Morsel')
    cd /tmp/morsel-286-mutation-qcdw70bm/issue-286-hero/app
    builtin-copy -exclude .DS_Store -exclude CVS -exclude .svn -exclude .git -exclude .hg -resolve-src-symlinks -rename /tmp/morsel-286-dd/Build/Intermediates.noindex/Morsel.build/Debug-iphonesimulator/Morsel.build/Objects-normal/arm64/Morsel.swiftsourceinfo /tmp/morsel-286-dd/Build/Products/Debug-iphonesimulator/Morsel.swiftmodule/Project/arm64-apple-ios-simulator.swiftsourceinfo

SwiftDriverJobDiscovery normal arm64 Compiling LocalSyncEngine.swift, MealCapture.swift, MealCaptureView.swift, MealCorrections.swift, MealItemEditSheet.swift, MealPhotoEditorSection.swift, MealPhotoRevisions.swift, MealRepository.swift, MealThumbnailCache.swift (in target 'Morsel' from project 'Morsel')

SwiftDriverJobDiscovery normal arm64 Compiling Presence.swift (in target 'Realtime' from project 'Supabase')

SwiftDriverJobDiscovery normal arm64 Compiling Push.swift (in target 'Realtime' from project 'Supabase')

SwiftDriverJobDiscovery normal arm64 Compiling HistoryModels.swift, HistoryRepository.swift, HistoryView.swift, HistoryViewModel.swift, JournalArtwork.swift, JournalCalendarModel.swift, JournalCalendarRepository.swift, JournalCalendarView.swift, JournalDiaryPage.swift (in target 'Morsel' from project 'Morsel')

SwiftDriverJobDiscovery normal arm64 Compiling MealThumbnailKey.swift, MealThumbnailPreparer.swift, MenuEditorSheet.swift, MenuLibrary.swift, MenusScreen.swift, MockRepository.swift, Models.swift, MorselApp.swift, MorselAppearance.swift (in target 'Morsel' from project 'Morsel')

SwiftDriverJobDiscovery normal arm64 Compiling RealtimeClient.swift (in target 'Realtime' from project 'Supabase')

SwiftDriverJobDiscovery normal arm64 Compiling RealtimeChannel.swift (in target 'Realtime' from project 'Supabase')

SwiftDriver\ Compilation Realtime normal arm64 com.apple.xcode.tools.swift.compiler (in target 'Realtime' from project 'Supabase')
    cd /tmp/morsel-286-mutation-qcdw70bm/issue-286-hero/app/Morsel.xcodeproj
    builtin-Swift-Compilation -- /Applications/Xcode.app/Contents/Developer/Toolchains/XcodeDefault.xctoolchain/usr/bin/swiftc -module-name Realtime -Onone @/tmp/morsel-286-dd/Build/Intermediates.noindex/Supabase.build/Debug-iphonesimulator/Realtime.build/Objects-normal/arm64/Realtime.SwiftFileList -DSWIFT_PACKAGE -DDEBUG -DSWIFT_MODULE_RESOURCE_BUNDLE_UNAVAILABLE -DXcode -enable-upcoming-feature ExistentialAny -enable-upcoming-feature ImmutableWeakCaptures -enable-upcoming-feature InferIsolatedConformances -enable-upcoming-feature InternalImportsByDefault -enable-upcoming-feature MemberImportVisibility -plugin-path /Applications/Xcode.app/Contents/Developer/Toolchains/XcodeDefault.xctoolchain/usr/lib/swift/host/plugins/testing -enable-experimental-feature DebugDescriptionMacro -sdk /Applications/Xcode.app/Contents/Developer/Platforms/iPhoneSimulator.platform/Developer/SDKs/iPhoneSimulator26.5.sdk -target arm64-apple-ios16.0-simulator -g -module-cache-path /tmp/morsel-286-dd/ModuleCache.noindex -Xfrontend -serialize-debugging-options -enable-testing -suppress-warnings -index-store-path /tmp/morsel-286-dd/Index.noindex/DataStore -Xcc -D_LIBCPP_HARDENING_MODE\=_LIBCPP_HARDENING_MODE_DEBUG -swift-version 5 -I /tmp/morsel-286-dd/Build/Products/Debug-iphonesimulator -Isystem /Applications/Xcode.app/Contents/Developer/Platforms/iPhoneSimulator.platform/Developer/usr/lib -F /tmp/morsel-286-dd/Build/Products/Debug-iphonesimulator/PackageFrameworks -F /tmp/morsel-286-dd/Build/Products/Debug-iphonesimulator/PackageFrameworks -F /tmp/morsel-286-dd/Build/Products/Debug-iphonesimulator/PackageFrameworks -F /tmp/morsel-286-dd/Build/Products/Debug-iphonesimulator/PackageFrameworks -F /tmp/morsel-286-dd/Build/Products/Debug-iphonesimulator/PackageFrameworks -F /tmp/morsel-286-dd/Build/Products/Debug-iphonesimulator/PackageFrameworks -F /tmp/morsel-286-dd/Build/Products/Debug-iphonesimulator/PackageFrameworks -F /tmp/morsel-286-dd/Build/Products/Debug-iphonesimulator -F /Applications/Xcode.app/Contents/Developer/Platforms/iPhoneSimulator.platform/Developer/Library/Frameworks -F /Applications/Xcode.app/Contents/Developer/Platforms/iPhoneSimulator.platform/Developer/SDKs/iPhoneSimulator26.5.sdk/Developer/Library/Frameworks -c -j10 -enable-batch-mode -incremental -Xcc -ivfsstatcache -Xcc /tmp/morsel-286-dd/SDKStatCaches.noindex/iphonesimulator26.5-23F81a-6cfe768891a92b912361537c460fe42b.sdkstatcache -output-file-map /tmp/morsel-286-dd/Build/Intermediates.noindex/Supabase.build/Debug-iphonesimulator/Realtime.build/Objects-normal/arm64/Realtime-OutputFileMap.json -use-frontend-parseable-output -save-temps -no-color-diagnostics -explicit-module-build -module-cache-path /tmp/morsel-286-dd/Build/Intermediates.noindex/SwiftExplicitPrecompiledModules -clang-scanner-module-cache-path /tmp/morsel-286-dd/ModuleCache.noindex -sdk-module-cache-path /tmp/morsel-286-dd/ModuleCache.noindex -serialize-diagnostics -emit-dependencies -emit-module -emit-module-path /tmp/morsel-286-dd/Build/Intermediates.noindex/Supabase.build/Debug-iphonesimulator/Realtime.build/Objects-normal/arm64/Realtime.swiftmodule -user-module-version 2.55.1 -validate-clang-modules-once -clang-build-session-file /tmp/morsel-286-dd/ModuleCache.noindex/Session.modulevalidation -package-name supabase_swift -Xcc -I/tmp/morsel-286-dd/Build/Intermediates.noindex/Supabase.build/Debug-iphonesimulator/Realtime.build/swift-overrides.hmap -emit-const-values -Xfrontend -const-gather-protocols-file -Xfrontend /tmp/morsel-286-dd/Build/Intermediates.noindex/Supabase.build/Debug-iphonesimulator/Realtime.build/Objects-normal/arm64/Realtime_const_extract_protocols.json -Xcc -I/tmp/morsel-286-dd/Build/Products/Debug-iphonesimulator/include -Xcc -I/tmp/morsel-286-dd/Build/Intermediates.noindex/Supabase.build/Debug-iphonesimulator/Realtime.build/DerivedSources-normal/arm64 -Xcc -I/tmp/morsel-286-dd/Build/Intermediates.noindex/Supabase.build/Debug-iphonesimulator/Realtime.build/DerivedSources/arm64 -Xcc -I/tmp/morsel-286-dd/Build/Intermediates.noindex/Supabase.build/Debug-iphonesimulator/Realtime.build/DerivedSources -Xcc -DSWIFT_PACKAGE -Xcc -DDEBUG\=1 -emit-objc-header -emit-objc-header-path /tmp/morsel-286-dd/Build/Intermediates.noindex/Supabase.build/Debug-iphonesimulator/Realtime.build/Objects-normal/arm64/Realtime-Swift.h -working-directory /tmp/morsel-286-mutation-qcdw70bm/issue-286-hero/app/Morsel.xcodeproj -experimental-emit-module-separately -disable-cmo

Ld /tmp/morsel-286-dd/Build/Products/Debug-iphonesimulator/Realtime.o normal (in target 'Realtime' from project 'Supabase')
    cd /tmp/morsel-286-dd/SourcePackages/checkouts/supabase-swift
    /Applications/Xcode.app/Contents/Developer/Toolchains/XcodeDefault.xctoolchain/usr/bin/clang -Xlinker -reproducible -target arm64-apple-ios16.0-simulator -r -isysroot /Applications/Xcode.app/Contents/Developer/Platforms/iPhoneSimulator.platform/Developer/SDKs/iPhoneSimulator26.5.sdk -O0 -w -F/tmp/morsel-286-dd/Build/Intermediates.noindex/EagerLinkingTBDs/Debug-iphonesimulator -F/tmp/morsel-286-dd/Build/Products/Debug-iphonesimulator/PackageFrameworks -F/tmp/morsel-286-dd/Build/Products/Debug-iphonesimulator/PackageFrameworks -F/tmp/morsel-286-dd/Build/Products/Debug-iphonesimulator/PackageFrameworks -F/tmp/morsel-286-dd/Build/Products/Debug-iphonesimulator/PackageFrameworks -F/tmp/morsel-286-dd/Build/Products/Debug-iphonesimulator/PackageFrameworks -F/tmp/morsel-286-dd/Build/Products/Debug-iphonesimulator/PackageFrameworks -F/tmp/morsel-286-dd/Build/Products/Debug-iphonesimulator/PackageFrameworks -F/tmp/morsel-286-dd/Build/Products/Debug-iphonesimulator -iframework /Applications/Xcode.app/Contents/Developer/Platforms/iPhoneSimulator.platform/Developer/Library/Frameworks -iframework /Applications/Xcode.app/Contents/Developer/Platforms/iPhoneSimulator.platform/Developer/SDKs/iPhoneSimulator26.5.sdk/Developer/Library/Frameworks -filelist /tmp/morsel-286-dd/Build/Intermediates.noindex/Supabase.build/Debug-iphonesimulator/Realtime.build/Objects-normal/arm64/Realtime.LinkFileList -nostdlib -Xlinker -object_path_lto -Xlinker /tmp/morsel-286-dd/Build/Intermediates.noindex/Supabase.build/Debug-iphonesimulator/Realtime.build/Objects-normal/arm64/Realtime_lto.o -Xlinker -no_deduplicate -Xlinker -objc_abi_version -Xlinker 2 -Xlinker -dependency_info -Xlinker /tmp/morsel-286-dd/Build/Intermediates.noindex/Supabase.build/Debug-iphonesimulator/Realtime.build/Objects-normal/arm64/Realtime_dependency_info.dat -fobjc-link-runtime -L/Applications/Xcode.app/Contents/Developer/Toolchains/XcodeDefault.xctoolchain/usr/lib/swift/iphonesimulator -L/usr/lib/swift -Xlinker -add_ast_path -Xlinker /tmp/morsel-286-dd/Build/Intermediates.noindex/Supabase.build/Debug-iphonesimulator/Realtime.build/Objects-normal/arm64/Realtime.swiftmodule @/tmp/morsel-286-dd/Build/Intermediates.noindex/Supabase.build/Debug-iphonesimulator/Realtime.build/Objects-normal/arm64/Realtime-linker-args.resp -o /tmp/morsel-286-dd/Build/Products/Debug-iphonesimulator/Realtime.o

ExtractAppIntentsMetadata (in target 'Realtime' from project 'Supabase')
    cd /tmp/morsel-286-dd/SourcePackages/checkouts/supabase-swift
    /Applications/Xcode.app/Contents/Developer/Toolchains/XcodeDefault.xctoolchain/usr/bin/appintentsmetadataprocessor --toolchain-dir /Applications/Xcode.app/Contents/Developer/Toolchains/XcodeDefault.xctoolchain --module-name Realtime --sdk-root /Applications/Xcode.app/Contents/Developer/Platforms/iPhoneSimulator.platform/Developer/SDKs/iPhoneSimulator26.5.sdk --xcode-version 17F113 --platform-family iOS --deployment-target 16.0 --bundle-identifier supabase-swift.Realtime --output /tmp/morsel-286-dd/Build/Products/Debug-iphonesimulator/Realtime.appintents --target-triple arm64-apple-ios16.0-simulator --binary-file /tmp/morsel-286-dd/Build/Products/Debug-iphonesimulator/Realtime.o --dependency-file /tmp/morsel-286-dd/Build/Intermediates.noindex/Supabase.build/Debug-iphonesimulator/Realtime.build/Objects-normal/arm64/Realtime_dependency_info.dat --stringsdata-file /tmp/morsel-286-dd/Build/Intermediates.noindex/Supabase.build/Debug-iphonesimulator/Realtime.build/Objects-normal/arm64/ExtractedAppShortcutsMetadata.stringsdata --source-file-list /tmp/morsel-286-dd/Build/Intermediates.noindex/Supabase.build/Debug-iphonesimulator/Realtime.build/Objects-normal/arm64/Realtime.SwiftFileList --metadata-file-list /tmp/morsel-286-dd/Build/Intermediates.noindex/Supabase.build/Debug-iphonesimulator/Realtime.build/Realtime.DependencyMetadataFileList --static-metadata-file-list /tmp/morsel-286-dd/Build/Intermediates.noindex/Supabase.build/Debug-iphonesimulator/Realtime.build/Realtime.DependencyStaticMetadataFileList --swift-const-vals-list /tmp/morsel-286-dd/Build/Intermediates.noindex/Supabase.build/Debug-iphonesimulator/Realtime.build/Objects-normal/arm64/Realtime.SwiftConstValuesFileList --force --compile-time-extraction --deployment-aware-processing --validate-assistant-intents --no-app-shortcuts-localization
2026-09-17 12:33:28.221 appintentsmetadataprocessor[32772:12834775] Starting appintentsmetadataprocessor export
2026-09-17 12:33:28.233 appintentsmetadataprocessor[32772:12834775] Extracted no relevant App Intents symbols, skipping writing output

RegisterExecutionPolicyException /tmp/morsel-286-dd/Build/Products/Debug-iphonesimulator/Realtime.o (in target 'Realtime' from project 'Supabase')
    cd /tmp/morsel-286-dd/SourcePackages/checkouts/supabase-swift
    builtin-RegisterExecutionPolicyException /tmp/morsel-286-dd/Build/Products/Debug-iphonesimulator/Realtime.o

SwiftCompile normal arm64 Compiling\ MultipartFormData.swift,\ StorageApi.swift /tmp/morsel-286-dd/SourcePackages/checkouts/supabase-swift/Sources/Storage/MultipartFormData.swift /tmp/morsel-286-dd/SourcePackages/checkouts/supabase-swift/Sources/Storage/StorageApi.swift (in target 'Storage' from project 'Supabase')

SwiftCompile normal arm64 /tmp/morsel-286-dd/SourcePackages/checkouts/supabase-swift/Sources/Storage/MultipartFormData.swift (in target 'Storage' from project 'Supabase')
    cd /tmp/morsel-286-mutation-qcdw70bm/issue-286-hero/app/Morsel.xcodeproj


SwiftCompile normal arm64 /tmp/morsel-286-dd/SourcePackages/checkouts/supabase-swift/Sources/Storage/StorageApi.swift (in target 'Storage' from project 'Supabase')
    cd /tmp/morsel-286-mutation-qcdw70bm/issue-286-hero/app/Morsel.xcodeproj


SwiftCompile normal arm64 Compiling\ StorageFileApi.swift,\ StorageHTTPClient.swift /tmp/morsel-286-dd/SourcePackages/checkouts/supabase-swift/Sources/Storage/StorageFileApi.swift /tmp/morsel-286-dd/SourcePackages/checkouts/supabase-swift/Sources/Storage/StorageHTTPClient.swift (in target 'Storage' from project 'Supabase')

SwiftCompile normal arm64 /tmp/morsel-286-dd/SourcePackages/checkouts/supabase-swift/Sources/Storage/StorageFileApi.swift (in target 'Storage' from project 'Supabase')
    cd /tmp/morsel-286-mutation-qcdw70bm/issue-286-hero/app/Morsel.xcodeproj


SwiftCompile normal arm64 /tmp/morsel-286-dd/SourcePackages/checkouts/supabase-swift/Sources/Storage/StorageHTTPClient.swift (in target 'Storage' from project 'Supabase')
    cd /tmp/morsel-286-mutation-qcdw70bm/issue-286-hero/app/Morsel.xcodeproj


SwiftCompile normal arm64 Compiling\ SupabaseStorage.swift /tmp/morsel-286-dd/SourcePackages/checkouts/supabase-swift/Sources/Storage/SupabaseStorage.swift (in target 'Storage' from project 'Supabase')

SwiftCompile normal arm64 /tmp/morsel-286-dd/SourcePackages/checkouts/supabase-swift/Sources/Storage/SupabaseStorage.swift (in target 'Storage' from project 'Supabase')
    cd /tmp/morsel-286-mutation-qcdw70bm/issue-286-hero/app/Morsel.xcodeproj


SwiftCompile normal arm64 Compiling\ VectorIndexClient.swift /tmp/morsel-286-dd/SourcePackages/checkouts/supabase-swift/Sources/Storage/VectorIndexClient.swift (in target 'Storage' from project 'Supabase')

SwiftCompile normal arm64 /tmp/morsel-286-dd/SourcePackages/checkouts/supabase-swift/Sources/Storage/VectorIndexClient.swift (in target 'Storage' from project 'Supabase')
    cd /tmp/morsel-286-mutation-qcdw70bm/issue-286-hero/app/Morsel.xcodeproj


SwiftCompile normal arm64 Compiling\ Types.swift /tmp/morsel-286-dd/SourcePackages/checkouts/supabase-swift/Sources/Storage/Types.swift (in target 'Storage' from project 'Supabase')

SwiftCompile normal arm64 /tmp/morsel-286-dd/SourcePackages/checkouts/supabase-swift/Sources/Storage/Types.swift (in target 'Storage' from project 'Supabase')
    cd /tmp/morsel-286-mutation-qcdw70bm/issue-286-hero/app/Morsel.xcodeproj


SwiftCompile normal arm64 Compiling\ Codable.swift,\ Deprecated.swift /tmp/morsel-286-dd/SourcePackages/checkouts/supabase-swift/Sources/Storage/Codable.swift /tmp/morsel-286-dd/SourcePackages/checkouts/supabase-swift/Sources/Storage/Deprecated.swift (in target 'Storage' from project 'Supabase')

SwiftCompile normal arm64 /tmp/morsel-286-dd/SourcePackages/checkouts/supabase-swift/Sources/Storage/Codable.swift (in target 'Storage' from project 'Supabase')
    cd /tmp/morsel-286-mutation-qcdw70bm/issue-286-hero/app/Morsel.xcodeproj


SwiftCompile normal arm64 /tmp/morsel-286-dd/SourcePackages/checkouts/supabase-swift/Sources/Storage/Deprecated.swift (in target 'Storage' from project 'Supabase')
    cd /tmp/morsel-286-mutation-qcdw70bm/issue-286-hero/app/Morsel.xcodeproj


SwiftCompile normal arm64 Compiling\ Exports.swift,\ Helpers.swift /tmp/morsel-286-dd/SourcePackages/checkouts/supabase-swift/Sources/Storage/Exports.swift /tmp/morsel-286-dd/SourcePackages/checkouts/supabase-swift/Sources/Storage/Helpers.swift (in target 'Storage' from project 'Supabase')

SwiftCompile normal arm64 /tmp/morsel-286-dd/SourcePackages/checkouts/supabase-swift/Sources/Storage/Exports.swift (in target 'Storage' from project 'Supabase')
    cd /tmp/morsel-286-mutation-qcdw70bm/issue-286-hero/app/Morsel.xcodeproj


SwiftCompile normal arm64 /tmp/morsel-286-dd/SourcePackages/checkouts/supabase-swift/Sources/Storage/Helpers.swift (in target 'Storage' from project 'Supabase')
    cd /tmp/morsel-286-mutation-qcdw70bm/issue-286-hero/app/Morsel.xcodeproj


SwiftCompile normal arm64 Compiling\ StorageBucketApi.swift,\ StorageError.swift /tmp/morsel-286-dd/SourcePackages/checkouts/supabase-swift/Sources/Storage/StorageBucketApi.swift /tmp/morsel-286-dd/SourcePackages/checkouts/supabase-swift/Sources/Storage/StorageError.swift (in target 'Storage' from project 'Supabase')

SwiftCompile normal arm64 /tmp/morsel-286-dd/SourcePackages/checkouts/supabase-swift/Sources/Storage/StorageBucketApi.swift (in target 'Storage' from project 'Supabase')
    cd /tmp/morsel-286-mutation-qcdw70bm/issue-286-hero/app/Morsel.xcodeproj


SwiftCompile normal arm64 /tmp/morsel-286-dd/SourcePackages/checkouts/supabase-swift/Sources/Storage/StorageError.swift (in target 'Storage' from project 'Supabase')
    cd /tmp/morsel-286-mutation-qcdw70bm/issue-286-hero/app/Morsel.xcodeproj


SwiftCompile normal arm64 Compiling\ VectorBucketClient.swift /tmp/morsel-286-dd/SourcePackages/checkouts/supabase-swift/Sources/Storage/VectorBucketClient.swift (in target 'Storage' from project 'Supabase')

SwiftCompile normal arm64 /tmp/morsel-286-dd/SourcePackages/checkouts/supabase-swift/Sources/Storage/VectorBucketClient.swift (in target 'Storage' from project 'Supabase')
    cd /tmp/morsel-286-mutation-qcdw70bm/issue-286-hero/app/Morsel.xcodeproj


SwiftDriverJobDiscovery normal arm64 Compiling Exports.swift, Helpers.swift (in target 'Storage' from project 'Supabase')

SwiftCompile normal arm64 Compiling\ StorageVectorsClient.swift /tmp/morsel-286-dd/SourcePackages/checkouts/supabase-swift/Sources/Storage/StorageVectorsClient.swift (in target 'Storage' from project 'Supabase')

SwiftCompile normal arm64 /tmp/morsel-286-dd/SourcePackages/checkouts/supabase-swift/Sources/Storage/StorageVectorsClient.swift (in target 'Storage' from project 'Supabase')
    cd /tmp/morsel-286-mutation-qcdw70bm/issue-286-hero/app/Morsel.xcodeproj


SwiftDriverJobDiscovery normal arm64 Compiling SupabaseStorage.swift (in target 'Storage' from project 'Supabase')

SwiftDriverJobDiscovery normal arm64 Compiling MorselDate.swift, MorselStamp.swift, NamedMenus.swift, Onboarding.swift, OutboxModels.swift, PaperFields.swift, PreviewData.swift, ReliabilityServices.swift, Repository.swift (in target 'Morsel' from project 'Morsel')

SwiftDriverJobDiscovery normal arm64 Compiling StorageBucketApi.swift, StorageError.swift (in target 'Storage' from project 'Supabase')

SwiftDriverJobDiscovery normal arm64 Compiling Codable.swift, Deprecated.swift (in target 'Storage' from project 'Supabase')

SwiftDriverJobDiscovery normal arm64 Compiling StorageVectorsClient.swift (in target 'Storage' from project 'Supabase')

SwiftDriverJobDiscovery normal arm64 Compiling VectorIndexClient.swift (in target 'Storage' from project 'Supabase')

SwiftDriverJobDiscovery normal arm64 Compiling VectorBucketClient.swift (in target 'Storage' from project 'Supabase')

SwiftDriverJobDiscovery normal arm64 Compiling MultipartFormData.swift, StorageApi.swift (in target 'Storage' from project 'Supabase')

SwiftDriverJobDiscovery normal arm64 Compiling StorageFileApi.swift, StorageHTTPClient.swift (in target 'Storage' from project 'Supabase')

SwiftDriverJobDiscovery normal arm64 Compiling Types.swift (in target 'Storage' from project 'Supabase')

SwiftDriver\ Compilation Storage normal arm64 com.apple.xcode.tools.swift.compiler (in target 'Storage' from project 'Supabase')
    cd /tmp/morsel-286-mutation-qcdw70bm/issue-286-hero/app/Morsel.xcodeproj
    builtin-Swift-Compilation -- /Applications/Xcode.app/Contents/Developer/Toolchains/XcodeDefault.xctoolchain/usr/bin/swiftc -module-name Storage -Onone @/tmp/morsel-286-dd/Build/Intermediates.noindex/Supabase.build/Debug-iphonesimulator/Storage.build/Objects-normal/arm64/Storage.SwiftFileList -DSWIFT_PACKAGE -DDEBUG -DSWIFT_MODULE_RESOURCE_BUNDLE_UNAVAILABLE -DXcode -enable-upcoming-feature ExistentialAny -enable-upcoming-feature ImmutableWeakCaptures -enable-upcoming-feature InferIsolatedConformances -enable-upcoming-feature InternalImportsByDefault -enable-upcoming-feature MemberImportVisibility -plugin-path /Applications/Xcode.app/Contents/Developer/Toolchains/XcodeDefault.xctoolchain/usr/lib/swift/host/plugins/testing -enable-experimental-feature DebugDescriptionMacro -sdk /Applications/Xcode.app/Contents/Developer/Platforms/iPhoneSimulator.platform/Developer/SDKs/iPhoneSimulator26.5.sdk -target arm64-apple-ios16.0-simulator -g -module-cache-path /tmp/morsel-286-dd/ModuleCache.noindex -Xfrontend -serialize-debugging-options -enable-testing -suppress-warnings -index-store-path /tmp/morsel-286-dd/Index.noindex/DataStore -Xcc -D_LIBCPP_HARDENING_MODE\=_LIBCPP_HARDENING_MODE_DEBUG -swift-version 6 -I /tmp/morsel-286-dd/Build/Products/Debug-iphonesimulator -Isystem /Applications/Xcode.app/Contents/Developer/Platforms/iPhoneSimulator.platform/Developer/usr/lib -F /tmp/morsel-286-dd/Build/Products/Debug-iphonesimulator/PackageFrameworks -F /tmp/morsel-286-dd/Build/Products/Debug-iphonesimulator/PackageFrameworks -F /tmp/morsel-286-dd/Build/Products/Debug-iphonesimulator/PackageFrameworks -F /tmp/morsel-286-dd/Build/Products/Debug-iphonesimulator/PackageFrameworks -F /tmp/morsel-286-dd/Build/Products/Debug-iphonesimulator/PackageFrameworks -F /tmp/morsel-286-dd/Build/Products/Debug-iphonesimulator/PackageFrameworks -F /tmp/morsel-286-dd/Build/Products/Debug-iphonesimulator -F /Applications/Xcode.app/Contents/Developer/Platforms/iPhoneSimulator.platform/Developer/Library/Frameworks -F /Applications/Xcode.app/Contents/Developer/Platforms/iPhoneSimulator.platform/Developer/SDKs/iPhoneSimulator26.5.sdk/Developer/Library/Frameworks -c -j10 -enable-batch-mode -incremental -Xcc -ivfsstatcache -Xcc /tmp/morsel-286-dd/SDKStatCaches.noindex/iphonesimulator26.5-23F81a-6cfe768891a92b912361537c460fe42b.sdkstatcache -output-file-map /tmp/morsel-286-dd/Build/Intermediates.noindex/Supabase.build/Debug-iphonesimulator/Storage.build/Objects-normal/arm64/Storage-OutputFileMap.json -use-frontend-parseable-output -save-temps -no-color-diagnostics -explicit-module-build -module-cache-path /tmp/morsel-286-dd/Build/Intermediates.noindex/SwiftExplicitPrecompiledModules -clang-scanner-module-cache-path /tmp/morsel-286-dd/ModuleCache.noindex -sdk-module-cache-path /tmp/morsel-286-dd/ModuleCache.noindex -serialize-diagnostics -emit-dependencies -emit-module -emit-module-path /tmp/morsel-286-dd/Build/Intermediates.noindex/Supabase.build/Debug-iphonesimulator/Storage.build/Objects-normal/arm64/Storage.swiftmodule -user-module-version 2.55.1 -validate-clang-modules-once -clang-build-session-file /tmp/morsel-286-dd/ModuleCache.noindex/Session.modulevalidation -package-name supabase_swift -Xcc -I/tmp/morsel-286-dd/Build/Intermediates.noindex/Supabase.build/Debug-iphonesimulator/Storage.build/swift-overrides.hmap -emit-const-values -Xfrontend -const-gather-protocols-file -Xfrontend /tmp/morsel-286-dd/Build/Intermediates.noindex/Supabase.build/Debug-iphonesimulator/Storage.build/Objects-normal/arm64/Storage_const_extract_protocols.json -Xcc -I/tmp/morsel-286-dd/Build/Products/Debug-iphonesimulator/include -Xcc -I/tmp/morsel-286-dd/Build/Intermediates.noindex/Supabase.build/Debug-iphonesimulator/Storage.build/DerivedSources-normal/arm64 -Xcc -I/tmp/morsel-286-dd/Build/Intermediates.noindex/Supabase.build/Debug-iphonesimulator/Storage.build/DerivedSources/arm64 -Xcc -I/tmp/morsel-286-dd/Build/Intermediates.noindex/Supabase.build/Debug-iphonesimulator/Storage.build/DerivedSources -Xcc -DSWIFT_PACKAGE -Xcc -DDEBUG\=1 -emit-objc-header -emit-objc-header-path /tmp/morsel-286-dd/Build/Intermediates.noindex/Supabase.build/Debug-iphonesimulator/Storage.build/Objects-normal/arm64/Storage-Swift.h -working-directory /tmp/morsel-286-mutation-qcdw70bm/issue-286-hero/app/Morsel.xcodeproj -experimental-emit-module-separately -disable-cmo

Ld /tmp/morsel-286-dd/Build/Products/Debug-iphonesimulator/Storage.o normal (in target 'Storage' from project 'Supabase')
    cd /tmp/morsel-286-dd/SourcePackages/checkouts/supabase-swift
    /Applications/Xcode.app/Contents/Developer/Toolchains/XcodeDefault.xctoolchain/usr/bin/clang -Xlinker -reproducible -target arm64-apple-ios16.0-simulator -r -isysroot /Applications/Xcode.app/Contents/Developer/Platforms/iPhoneSimulator.platform/Developer/SDKs/iPhoneSimulator26.5.sdk -O0 -w -F/tmp/morsel-286-dd/Build/Intermediates.noindex/EagerLinkingTBDs/Debug-iphonesimulator -F/tmp/morsel-286-dd/Build/Products/Debug-iphonesimulator/PackageFrameworks -F/tmp/morsel-286-dd/Build/Products/Debug-iphonesimulator/PackageFrameworks -F/tmp/morsel-286-dd/Build/Products/Debug-iphonesimulator/PackageFrameworks -F/tmp/morsel-286-dd/Build/Products/Debug-iphonesimulator/PackageFrameworks -F/tmp/morsel-286-dd/Build/Products/Debug-iphonesimulator/PackageFrameworks -F/tmp/morsel-286-dd/Build/Products/Debug-iphonesimulator/PackageFrameworks -F/tmp/morsel-286-dd/Build/Products/Debug-iphonesimulator -iframework /Applications/Xcode.app/Contents/Developer/Platforms/iPhoneSimulator.platform/Developer/Library/Frameworks -iframework /Applications/Xcode.app/Contents/Developer/Platforms/iPhoneSimulator.platform/Developer/SDKs/iPhoneSimulator26.5.sdk/Developer/Library/Frameworks -filelist /tmp/morsel-286-dd/Build/Intermediates.noindex/Supabase.build/Debug-iphonesimulator/Storage.build/Objects-normal/arm64/Storage.LinkFileList -nostdlib -Xlinker -object_path_lto -Xlinker /tmp/morsel-286-dd/Build/Intermediates.noindex/Supabase.build/Debug-iphonesimulator/Storage.build/Objects-normal/arm64/Storage_lto.o -Xlinker -no_deduplicate -Xlinker -objc_abi_version -Xlinker 2 -Xlinker -dependency_info -Xlinker /tmp/morsel-286-dd/Build/Intermediates.noindex/Supabase.build/Debug-iphonesimulator/Storage.build/Objects-normal/arm64/Storage_dependency_info.dat -fobjc-link-runtime -L/Applications/Xcode.app/Contents/Developer/Toolchains/XcodeDefault.xctoolchain/usr/lib/swift/iphonesimulator -L/usr/lib/swift -Xlinker -add_ast_path -Xlinker /tmp/morsel-286-dd/Build/Intermediates.noindex/Supabase.build/Debug-iphonesimulator/Storage.build/Objects-normal/arm64/Storage.swiftmodule @/tmp/morsel-286-dd/Build/Intermediates.noindex/Supabase.build/Debug-iphonesimulator/Storage.build/Objects-normal/arm64/Storage-linker-args.resp -o /tmp/morsel-286-dd/Build/Products/Debug-iphonesimulator/Storage.o

ExtractAppIntentsMetadata (in target 'Storage' from project 'Supabase')
    cd /tmp/morsel-286-dd/SourcePackages/checkouts/supabase-swift
    /Applications/Xcode.app/Contents/Developer/Toolchains/XcodeDefault.xctoolchain/usr/bin/appintentsmetadataprocessor --toolchain-dir /Applications/Xcode.app/Contents/Developer/Toolchains/XcodeDefault.xctoolchain --module-name Storage --sdk-root /Applications/Xcode.app/Contents/Developer/Platforms/iPhoneSimulator.platform/Developer/SDKs/iPhoneSimulator26.5.sdk --xcode-version 17F113 --platform-family iOS --deployment-target 16.0 --bundle-identifier supabase-swift.Storage --output /tmp/morsel-286-dd/Build/Products/Debug-iphonesimulator/Storage.appintents --target-triple arm64-apple-ios16.0-simulator --binary-file /tmp/morsel-286-dd/Build/Products/Debug-iphonesimulator/Storage.o --dependency-file /tmp/morsel-286-dd/Build/Intermediates.noindex/Supabase.build/Debug-iphonesimulator/Storage.build/Objects-normal/arm64/Storage_dependency_info.dat --stringsdata-file /tmp/morsel-286-dd/Build/Intermediates.noindex/Supabase.build/Debug-iphonesimulator/Storage.build/Objects-normal/arm64/ExtractedAppShortcutsMetadata.stringsdata --source-file-list /tmp/morsel-286-dd/Build/Intermediates.noindex/Supabase.build/Debug-iphonesimulator/Storage.build/Objects-normal/arm64/Storage.SwiftFileList --metadata-file-list /tmp/morsel-286-dd/Build/Intermediates.noindex/Supabase.build/Debug-iphonesimulator/Storage.build/Storage.DependencyMetadataFileList --static-metadata-file-list /tmp/morsel-286-dd/Build/Intermediates.noindex/Supabase.build/Debug-iphonesimulator/Storage.build/Storage.DependencyStaticMetadataFileList --swift-const-vals-list /tmp/morsel-286-dd/Build/Intermediates.noindex/Supabase.build/Debug-iphonesimulator/Storage.build/Objects-normal/arm64/Storage.SwiftConstValuesFileList --force --compile-time-extraction --deployment-aware-processing --validate-assistant-intents --no-app-shortcuts-localization
2026-09-17 12:33:29.915 appintentsmetadataprocessor[32807:12834877] Starting appintentsmetadataprocessor export
2026-09-17 12:33:29.928 appintentsmetadataprocessor[32807:12834877] Extracted no relevant App Intents symbols, skipping writing output

RegisterExecutionPolicyException /tmp/morsel-286-dd/Build/Products/Debug-iphonesimulator/Storage.o (in target 'Storage' from project 'Supabase')
    cd /tmp/morsel-286-dd/SourcePackages/checkouts/supabase-swift
    builtin-RegisterExecutionPolicyException /tmp/morsel-286-dd/Build/Products/Debug-iphonesimulator/Storage.o

SwiftCompile normal arm64 Compiling\ Exports.swift /tmp/morsel-286-dd/SourcePackages/checkouts/supabase-swift/Sources/Supabase/Exports.swift (in target 'Supabase' from project 'Supabase')

SwiftCompile normal arm64 /tmp/morsel-286-dd/SourcePackages/checkouts/supabase-swift/Sources/Supabase/Exports.swift (in target 'Supabase' from project 'Supabase')
    cd /tmp/morsel-286-mutation-qcdw70bm/issue-286-hero/app/Morsel.xcodeproj


SwiftCompile normal arm64 Compiling\ SupabaseClient.swift /tmp/morsel-286-dd/SourcePackages/checkouts/supabase-swift/Sources/Supabase/SupabaseClient.swift (in target 'Supabase' from project 'Supabase')
SwiftCompile normal arm64 /tmp/morsel-286-dd/SourcePackages/checkouts/supabase-swift/Sources/Supabase/SupabaseClient.swift (in target 'Supabase' from project 'Supabase')
    cd /tmp/morsel-286-mutation-qcdw70bm/issue-286-hero/app/Morsel.xcodeproj


SwiftCompile normal arm64 Compiling\ Tracing.swift /tmp/morsel-286-dd/SourcePackages/checkouts/supabase-swift/Sources/Supabase/Tracing.swift (in target 'Supabase' from project 'Supabase')

SwiftCompile normal arm64 /tmp/morsel-286-dd/SourcePackages/checkouts/supabase-swift/Sources/Supabase/Tracing.swift (in target 'Supabase' from project 'Supabase')
    cd /tmp/morsel-286-mutation-qcdw70bm/issue-286-hero/app/Morsel.xcodeproj


SwiftCompile normal arm64 Compiling\ Constants.swift /tmp/morsel-286-dd/SourcePackages/checkouts/supabase-swift/Sources/Supabase/Constants.swift (in target 'Supabase' from project 'Supabase')

SwiftCompile normal arm64 /tmp/morsel-286-dd/SourcePackages/checkouts/supabase-swift/Sources/Supabase/Constants.swift (in target 'Supabase' from project 'Supabase')
    cd /tmp/morsel-286-mutation-qcdw70bm/issue-286-hero/app/Morsel.xcodeproj


SwiftCompile normal arm64 Compiling\ Deprecated.swift /tmp/morsel-286-dd/SourcePackages/checkouts/supabase-swift/Sources/Supabase/Deprecated.swift (in target 'Supabase' from project 'Supabase')

SwiftCompile normal arm64 /tmp/morsel-286-dd/SourcePackages/checkouts/supabase-swift/Sources/Supabase/Deprecated.swift (in target 'Supabase' from project 'Supabase')
    cd /tmp/morsel-286-mutation-qcdw70bm/issue-286-hero/app/Morsel.xcodeproj


SwiftCompile normal arm64 Compiling\ Types.swift /tmp/morsel-286-dd/SourcePackages/checkouts/supabase-swift/Sources/Supabase/Types.swift (in target 'Supabase' from project 'Supabase')

SwiftCompile normal arm64 /tmp/morsel-286-dd/SourcePackages/checkouts/supabase-swift/Sources/Supabase/Types.swift (in target 'Supabase' from project 'Supabase')
    cd /tmp/morsel-286-mutation-qcdw70bm/issue-286-hero/app/Morsel.xcodeproj


SwiftDriverJobDiscovery normal arm64 Compiling Exports.swift (in target 'Supabase' from project 'Supabase')

SwiftDriverJobDiscovery normal arm64 Compiling Tracing.swift (in target 'Supabase' from project 'Supabase')

SwiftDriverJobDiscovery normal arm64 Compiling Deprecated.swift (in target 'Supabase' from project 'Supabase')

SwiftDriverJobDiscovery normal arm64 Compiling Constants.swift (in target 'Supabase' from project 'Supabase')

SwiftDriverJobDiscovery normal arm64 Compiling Types.swift (in target 'Supabase' from project 'Supabase')

SwiftDriverJobDiscovery normal arm64 Compiling TrainingFuelHost.swift, TrainingFuelModel.swift, TrainingFuelViews.swift, ViewModel.swift, Views.swift, WeightDeltaBand.swift, WeightDeltaModels.swift, WeightTrendView.swift, GeneratedAssetSymbols.swift (in target 'Morsel' from project 'Morsel')

SwiftDriverJobDiscovery normal arm64 Compiling SupabaseClient.swift (in target 'Supabase' from project 'Supabase')

SwiftDriver\ Compilation Morsel normal arm64 com.apple.xcode.tools.swift.compiler (in target 'Morsel' from project 'Morsel')
    cd /tmp/morsel-286-mutation-qcdw70bm/issue-286-hero/app
    builtin-Swift-Compilation -- /Applications/Xcode.app/Contents/Developer/Toolchains/XcodeDefault.xctoolchain/usr/bin/swiftc -module-name Morsel -Onone @/tmp/morsel-286-dd/Build/Intermediates.noindex/Morsel.build/Debug-iphonesimulator/Morsel.build/Objects-normal/arm64/Morsel.SwiftFileList -DDEBUG -enable-bare-slash-regex -enable-experimental-feature DebugDescriptionMacro -sdk /Applications/Xcode.app/Contents/Developer/Platforms/iPhoneSimulator.platform/Developer/SDKs/iPhoneSimulator26.5.sdk -target arm64-apple-ios17.0-simulator -g -module-cache-path /tmp/morsel-286-dd/ModuleCache.noindex -Xfrontend -serialize-debugging-options -enable-testing -index-store-path /tmp/morsel-286-dd/Index.noindex/DataStore -Xcc -D_LIBCPP_HARDENING_MODE\=_LIBCPP_HARDENING_MODE_DEBUG -swift-version 5 -I /tmp/morsel-286-dd/Build/Products/Debug-iphonesimulator -F /tmp/morsel-286-dd/Build/Products/Debug-iphonesimulator/PackageFrameworks -F /tmp/morsel-286-dd/Build/Products/Debug-iphonesimulator/PackageFrameworks -F /tmp/morsel-286-dd/Build/Products/Debug-iphonesimulator/PackageFrameworks -F /tmp/morsel-286-dd/Build/Products/Debug-iphonesimulator/PackageFrameworks -F /tmp/morsel-286-dd/Build/Products/Debug-iphonesimulator/PackageFrameworks -F /tmp/morsel-286-dd/Build/Products/Debug-iphonesimulator/PackageFrameworks -F /tmp/morsel-286-dd/Build/Products/Debug-iphonesimulator/PackageFrameworks -F /tmp/morsel-286-dd/Build/Products/Debug-iphonesimulator/PackageFrameworks -F /tmp/morsel-286-dd/Build/Products/Debug-iphonesimulator/PackageFrameworks -F /tmp/morsel-286-dd/Build/Products/Debug-iphonesimulator/PackageFrameworks -F /tmp/morsel-286-dd/Build/Products/Debug-iphonesimulator/PackageFrameworks -F /tmp/morsel-286-dd/Build/Products/Debug-iphonesimulator/PackageFrameworks -F /tmp/morsel-286-dd/Build/Products/Debug-iphonesimulator/PackageFrameworks -F /tmp/morsel-286-dd/Build/Products/Debug-iphonesimulator/PackageFrameworks -F /tmp/morsel-286-dd/Build/Products/Debug-iphonesimulator -c -j10 -enable-batch-mode -incremental -Xcc -ivfsstatcache -Xcc /tmp/morsel-286-dd/SDKStatCaches.noindex/iphonesimulator26.5-23F81a-6cfe768891a92b912361537c460fe42b.sdkstatcache -output-file-map /tmp/morsel-286-dd/Build/Intermediates.noindex/Morsel.build/Debug-iphonesimulator/Morsel.build/Objects-normal/arm64/Morsel-OutputFileMap.json -use-frontend-parseable-output -save-temps -no-color-diagnostics -explicit-module-build -module-cache-path /tmp/morsel-286-dd/Build/Intermediates.noindex/SwiftExplicitPrecompiledModules -clang-scanner-module-cache-path /tmp/morsel-286-dd/ModuleCache.noindex -sdk-module-cache-path /tmp/morsel-286-dd/ModuleCache.noindex -serialize-diagnostics -emit-dependencies -emit-module -emit-module-path /tmp/morsel-286-dd/Build/Intermediates.noindex/Morsel.build/Debug-iphonesimulator/Morsel.build/Objects-normal/arm64/Morsel.swiftmodule -validate-clang-modules-once -clang-build-session-file /tmp/morsel-286-dd/ModuleCache.noindex/Session.modulevalidation -Xcc -I/tmp/morsel-286-dd/Build/Intermediates.noindex/Morsel.build/Debug-iphonesimulator/Morsel.build/swift-overrides.hmap -emit-const-values -Xfrontend -const-gather-protocols-file -Xfrontend /tmp/morsel-286-dd/Build/Intermediates.noindex/Morsel.build/Debug-iphonesimulator/Morsel.build/Objects-normal/arm64/Morsel_const_extract_protocols.json -Xcc -iquote -Xcc /tmp/morsel-286-dd/Build/Intermediates.noindex/Morsel.build/Debug-iphonesimulator/Morsel.build/Morsel-generated-files.hmap -Xcc -I/tmp/morsel-286-dd/Build/Intermediates.noindex/Morsel.build/Debug-iphonesimulator/Morsel.build/Morsel-own-target-headers.hmap -Xcc -I/tmp/morsel-286-dd/Build/Intermediates.noindex/Morsel.build/Debug-iphonesimulator/Morsel.build/Morsel-all-non-framework-target-headers.hmap -Xcc -ivfsoverlay -Xcc /tmp/morsel-286-dd/Build/Intermediates.noindex/Morsel.build/Debug-iphonesimulator/Morsel-17248c3624f98dc6f156c39ec7fad702-VFS-iphonesimulator/all-product-headers.yaml -Xcc -iquote -Xcc /tmp/morsel-286-dd/Build/Intermediates.noindex/Morsel.build/Debug-iphonesimulator/Morsel.build/Morsel-project-headers.hmap -Xcc -I/tmp/morsel-286-dd/Build/Products/Debug-iphonesimulator/include -Xcc -I/tmp/morsel-286-dd/Build/Intermediates.noindex/Morsel.build/Debug-iphonesimulator/Morsel.build/DerivedSources-normal/arm64 -Xcc -I/tmp/morsel-286-dd/Build/Intermediates.noindex/Morsel.build/Debug-iphonesimulator/Morsel.build/DerivedSources/arm64 -Xcc -I/tmp/morsel-286-dd/Build/Intermediates.noindex/Morsel.build/Debug-iphonesimulator/Morsel.build/DerivedSources -Xcc -DDEBUG\=1 -emit-objc-header -emit-objc-header-path /tmp/morsel-286-dd/Build/Intermediates.noindex/Morsel.build/Debug-iphonesimulator/Morsel.build/Objects-normal/arm64/Morsel-Swift.h -working-directory /tmp/morsel-286-mutation-qcdw70bm/issue-286-hero/app -experimental-emit-module-separately -disable-cmo

SwiftDriver\ Compilation Supabase normal arm64 com.apple.xcode.tools.swift.compiler (in target 'Supabase' from project 'Supabase')
    cd /tmp/morsel-286-mutation-qcdw70bm/issue-286-hero/app/Morsel.xcodeproj
    builtin-Swift-Compilation -- /Applications/Xcode.app/Contents/Developer/Toolchains/XcodeDefault.xctoolchain/usr/bin/swiftc -module-name Supabase -Onone @/tmp/morsel-286-dd/Build/Intermediates.noindex/Supabase.build/Debug-iphonesimulator/Supabase.build/Objects-normal/arm64/Supabase.SwiftFileList -DSWIFT_PACKAGE -DDEBUG -DSWIFT_MODULE_RESOURCE_BUNDLE_UNAVAILABLE -DXcode -enable-upcoming-feature ExistentialAny -enable-upcoming-feature ImmutableWeakCaptures -enable-upcoming-feature InferIsolatedConformances -enable-upcoming-feature InternalImportsByDefault -enable-upcoming-feature MemberImportVisibility -plugin-path /Applications/Xcode.app/Contents/Developer/Toolchains/XcodeDefault.xctoolchain/usr/lib/swift/host/plugins/testing -enable-experimental-feature DebugDescriptionMacro -sdk /Applications/Xcode.app/Contents/Developer/Platforms/iPhoneSimulator.platform/Developer/SDKs/iPhoneSimulator26.5.sdk -target arm64-apple-ios16.0-simulator -g -module-cache-path /tmp/morsel-286-dd/ModuleCache.noindex -Xfrontend -serialize-debugging-options -enable-testing -suppress-warnings -index-store-path /tmp/morsel-286-dd/Index.noindex/DataStore -Xcc -D_LIBCPP_HARDENING_MODE\=_LIBCPP_HARDENING_MODE_DEBUG -swift-version 6 -I /tmp/morsel-286-dd/Build/Products/Debug-iphonesimulator -Isystem /Applications/Xcode.app/Contents/Developer/Platforms/iPhoneSimulator.platform/Developer/usr/lib -F /tmp/morsel-286-dd/Build/Products/Debug-iphonesimulator/PackageFrameworks -F /tmp/morsel-286-dd/Build/Products/Debug-iphonesimulator/PackageFrameworks -F /tmp/morsel-286-dd/Build/Products/Debug-iphonesimulator/PackageFrameworks -F /tmp/morsel-286-dd/Build/Products/Debug-iphonesimulator/PackageFrameworks -F /tmp/morsel-286-dd/Build/Products/Debug-iphonesimulator/PackageFrameworks -F /tmp/morsel-286-dd/Build/Products/Debug-iphonesimulator/PackageFrameworks -F /tmp/morsel-286-dd/Build/Products/Debug-iphonesimulator/PackageFrameworks -F /tmp/morsel-286-dd/Build/Products/Debug-iphonesimulator/PackageFrameworks -F /tmp/morsel-286-dd/Build/Products/Debug-iphonesimulator/PackageFrameworks -F /tmp/morsel-286-dd/Build/Products/Debug-iphonesimulator/PackageFrameworks -F /tmp/morsel-286-dd/Build/Products/Debug-iphonesimulator/PackageFrameworks -F /tmp/morsel-286-dd/Build/Products/Debug-iphonesimulator/PackageFrameworks -F /tmp/morsel-286-dd/Build/Products/Debug-iphonesimulator/PackageFrameworks -F /tmp/morsel-286-dd/Build/Products/Debug-iphonesimulator -F /Applications/Xcode.app/Contents/Developer/Platforms/iPhoneSimulator.platform/Developer/Library/Frameworks -F /Applications/Xcode.app/Contents/Developer/Platforms/iPhoneSimulator.platform/Developer/SDKs/iPhoneSimulator26.5.sdk/Developer/Library/Frameworks -c -j10 -enable-batch-mode -incremental -Xcc -ivfsstatcache -Xcc /tmp/morsel-286-dd/SDKStatCaches.noindex/iphonesimulator26.5-23F81a-6cfe768891a92b912361537c460fe42b.sdkstatcache -output-file-map /tmp/morsel-286-dd/Build/Intermediates.noindex/Supabase.build/Debug-iphonesimulator/Supabase.build/Objects-normal/arm64/Supabase-OutputFileMap.json -use-frontend-parseable-output -save-temps -no-color-diagnostics -explicit-module-build -module-cache-path /tmp/morsel-286-dd/Build/Intermediates.noindex/SwiftExplicitPrecompiledModules -clang-scanner-module-cache-path /tmp/morsel-286-dd/ModuleCache.noindex -sdk-module-cache-path /tmp/morsel-286-dd/ModuleCache.noindex -serialize-diagnostics -emit-dependencies -emit-module -emit-module-path /tmp/morsel-286-dd/Build/Intermediates.noindex/Supabase.build/Debug-iphonesimulator/Supabase.build/Objects-normal/arm64/Supabase.swiftmodule -user-module-version 2.55.1 -validate-clang-modules-once -clang-build-session-file /tmp/morsel-286-dd/ModuleCache.noindex/Session.modulevalidation -package-name supabase_swift -Xcc -I/tmp/morsel-286-dd/Build/Intermediates.noindex/Supabase.build/Debug-iphonesimulator/Supabase.build/swift-overrides.hmap -emit-const-values -Xfrontend -const-gather-protocols-file -Xfrontend /tmp/morsel-286-dd/Build/Intermediates.noindex/Supabase.build/Debug-iphonesimulator/Supabase.build/Objects-normal/arm64/Supabase_const_extract_protocols.json -Xcc -I/tmp/morsel-286-dd/Build/Products/Debug-iphonesimulator/include -Xcc -I/tmp/morsel-286-dd/Build/Intermediates.noindex/Supabase.build/Debug-iphonesimulator/Supabase.build/DerivedSources-normal/arm64 -Xcc -I/tmp/morsel-286-dd/Build/Intermediates.noindex/Supabase.build/Debug-iphonesimulator/Supabase.build/DerivedSources/arm64 -Xcc -I/tmp/morsel-286-dd/Build/Intermediates.noindex/Supabase.build/Debug-iphonesimulator/Supabase.build/DerivedSources -Xcc -DSWIFT_PACKAGE -Xcc -DDEBUG\=1 -emit-objc-header -emit-objc-header-path /tmp/morsel-286-dd/Build/Intermediates.noindex/Supabase.build/Debug-iphonesimulator/Supabase.build/Objects-normal/arm64/Supabase-Swift.h -working-directory /tmp/morsel-286-mutation-qcdw70bm/issue-286-hero/app/Morsel.xcodeproj -experimental-emit-module-separately -disable-cmo

Ld /tmp/morsel-286-dd/Build/Products/Debug-iphonesimulator/Supabase.o normal (in target 'Supabase' from project 'Supabase')
    cd /tmp/morsel-286-dd/SourcePackages/checkouts/supabase-swift
    /Applications/Xcode.app/Contents/Developer/Toolchains/XcodeDefault.xctoolchain/usr/bin/clang -Xlinker -reproducible -target arm64-apple-ios16.0-simulator -r -isysroot /Applications/Xcode.app/Contents/Developer/Platforms/iPhoneSimulator.platform/Developer/SDKs/iPhoneSimulator26.5.sdk -O0 -w -F/tmp/morsel-286-dd/Build/Intermediates.noindex/EagerLinkingTBDs/Debug-iphonesimulator -F/tmp/morsel-286-dd/Build/Products/Debug-iphonesimulator/PackageFrameworks -F/tmp/morsel-286-dd/Build/Products/Debug-iphonesimulator/PackageFrameworks -F/tmp/morsel-286-dd/Build/Products/Debug-iphonesimulator/PackageFrameworks -F/tmp/morsel-286-dd/Build/Products/Debug-iphonesimulator/PackageFrameworks -F/tmp/morsel-286-dd/Build/Products/Debug-iphonesimulator/PackageFrameworks -F/tmp/morsel-286-dd/Build/Products/Debug-iphonesimulator/PackageFrameworks -F/tmp/morsel-286-dd/Build/Products/Debug-iphonesimulator/PackageFrameworks -F/tmp/morsel-286-dd/Build/Products/Debug-iphonesimulator/PackageFrameworks -F/tmp/morsel-286-dd/Build/Products/Debug-iphonesimulator/PackageFrameworks -F/tmp/morsel-286-dd/Build/Products/Debug-iphonesimulator/PackageFrameworks -F/tmp/morsel-286-dd/Build/Products/Debug-iphonesimulator/PackageFrameworks -F/tmp/morsel-286-dd/Build/Products/Debug-iphonesimulator/PackageFrameworks -F/tmp/morsel-286-dd/Build/Products/Debug-iphonesimulator/PackageFrameworks -F/tmp/morsel-286-dd/Build/Products/Debug-iphonesimulator -iframework /Applications/Xcode.app/Contents/Developer/Platforms/iPhoneSimulator.platform/Developer/Library/Frameworks -iframework /Applications/Xcode.app/Contents/Developer/Platforms/iPhoneSimulator.platform/Developer/SDKs/iPhoneSimulator26.5.sdk/Developer/Library/Frameworks -filelist /tmp/morsel-286-dd/Build/Intermediates.noindex/Supabase.build/Debug-iphonesimulator/Supabase.build/Objects-normal/arm64/Supabase.LinkFileList -nostdlib -Xlinker -object_path_lto -Xlinker /tmp/morsel-286-dd/Build/Intermediates.noindex/Supabase.build/Debug-iphonesimulator/Supabase.build/Objects-normal/arm64/Supabase_lto.o -Xlinker -no_deduplicate -Xlinker -objc_abi_version -Xlinker 2 -Xlinker -dependency_info -Xlinker /tmp/morsel-286-dd/Build/Intermediates.noindex/Supabase.build/Debug-iphonesimulator/Supabase.build/Objects-normal/arm64/Supabase_dependency_info.dat -fobjc-link-runtime -L/Applications/Xcode.app/Contents/Developer/Toolchains/XcodeDefault.xctoolchain/usr/lib/swift/iphonesimulator -L/usr/lib/swift -Xlinker -add_ast_path -Xlinker /tmp/morsel-286-dd/Build/Intermediates.noindex/Supabase.build/Debug-iphonesimulator/Supabase.build/Objects-normal/arm64/Supabase.swiftmodule @/tmp/morsel-286-dd/Build/Intermediates.noindex/Supabase.build/Debug-iphonesimulator/Supabase.build/Objects-normal/arm64/Supabase-linker-args.resp -o /tmp/morsel-286-dd/Build/Products/Debug-iphonesimulator/Supabase.o

ExtractAppIntentsMetadata (in target 'Supabase' from project 'Supabase')
    cd /tmp/morsel-286-dd/SourcePackages/checkouts/supabase-swift
    /Applications/Xcode.app/Contents/Developer/Toolchains/XcodeDefault.xctoolchain/usr/bin/appintentsmetadataprocessor --toolchain-dir /Applications/Xcode.app/Contents/Developer/Toolchains/XcodeDefault.xctoolchain --module-name Supabase --sdk-root /Applications/Xcode.app/Contents/Developer/Platforms/iPhoneSimulator.platform/Developer/SDKs/iPhoneSimulator26.5.sdk --xcode-version 17F113 --platform-family iOS --deployment-target 16.0 --bundle-identifier supabase-swift.Supabase --output /tmp/morsel-286-dd/Build/Products/Debug-iphonesimulator/Supabase.appintents --target-triple arm64-apple-ios16.0-simulator --binary-file /tmp/morsel-286-dd/Build/Products/Debug-iphonesimulator/Supabase.o --dependency-file /tmp/morsel-286-dd/Build/Intermediates.noindex/Supabase.build/Debug-iphonesimulator/Supabase.build/Objects-normal/arm64/Supabase_dependency_info.dat --stringsdata-file /tmp/morsel-286-dd/Build/Intermediates.noindex/Supabase.build/Debug-iphonesimulator/Supabase.build/Objects-normal/arm64/ExtractedAppShortcutsMetadata.stringsdata --source-file-list /tmp/morsel-286-dd/Build/Intermediates.noindex/Supabase.build/Debug-iphonesimulator/Supabase.build/Objects-normal/arm64/Supabase.SwiftFileList --metadata-file-list /tmp/morsel-286-dd/Build/Intermediates.noindex/Supabase.build/Debug-iphonesimulator/Supabase.build/Supabase.DependencyMetadataFileList --static-metadata-file-list /tmp/morsel-286-dd/Build/Intermediates.noindex/Supabase.build/Debug-iphonesimulator/Supabase.build/Supabase.DependencyStaticMetadataFileList --swift-const-vals-list /tmp/morsel-286-dd/Build/Intermediates.noindex/Supabase.build/Debug-iphonesimulator/Supabase.build/Objects-normal/arm64/Supabase.SwiftConstValuesFileList --force --compile-time-extraction --deployment-aware-processing --validate-assistant-intents --no-app-shortcuts-localization
2026-09-17 12:33:30.641 appintentsmetadataprocessor[32863:12835017] Starting appintentsmetadataprocessor export
2026-09-17 12:33:30.652 appintentsmetadataprocessor[32863:12835017] Extracted no relevant App Intents symbols, skipping writing output

RegisterExecutionPolicyException /tmp/morsel-286-dd/Build/Products/Debug-iphonesimulator/Supabase.o (in target 'Supabase' from project 'Supabase')
    cd /tmp/morsel-286-dd/SourcePackages/checkouts/supabase-swift
    builtin-RegisterExecutionPolicyException /tmp/morsel-286-dd/Build/Products/Debug-iphonesimulator/Supabase.o

CpResource /tmp/morsel-286-dd/Build/Products/Debug-iphonesimulator/Morsel.app/OFL-EBGaramond.txt /tmp/morsel-286-mutation-qcdw70bm/issue-286-hero/app/Fonts/OFL-EBGaramond.txt (in target 'Morsel' from project 'Morsel')
    cd /tmp/morsel-286-mutation-qcdw70bm/issue-286-hero/app
    builtin-copy -exclude .DS_Store -exclude CVS -exclude .svn -exclude .git -exclude .hg -resolve-src-symlinks /tmp/morsel-286-mutation-qcdw70bm/issue-286-hero/app/Fonts/OFL-EBGaramond.txt /tmp/morsel-286-dd/Build/Products/Debug-iphonesimulator/Morsel.app

CpResource /tmp/morsel-286-dd/Build/Products/Debug-iphonesimulator/Morsel.app/OFL-IBMPlexMono.txt /tmp/morsel-286-mutation-qcdw70bm/issue-286-hero/app/Fonts/OFL-IBMPlexMono.txt (in target 'Morsel' from project 'Morsel')
    cd /tmp/morsel-286-mutation-qcdw70bm/issue-286-hero/app
    builtin-copy -exclude .DS_Store -exclude CVS -exclude .svn -exclude .git -exclude .hg -resolve-src-symlinks /tmp/morsel-286-mutation-qcdw70bm/issue-286-hero/app/Fonts/OFL-IBMPlexMono.txt /tmp/morsel-286-dd/Build/Products/Debug-iphonesimulator/Morsel.app

CpResource /tmp/morsel-286-dd/Build/Products/Debug-iphonesimulator/Morsel.app/IBMPlexMono-Regular.ttf /tmp/morsel-286-mutation-qcdw70bm/issue-286-hero/app/Fonts/IBMPlexMono-Regular.ttf (in target 'Morsel' from project 'Morsel')
    cd /tmp/morsel-286-mutation-qcdw70bm/issue-286-hero/app
    builtin-copy -exclude .DS_Store -exclude CVS -exclude .svn -exclude .git -exclude .hg -resolve-src-symlinks /tmp/morsel-286-mutation-qcdw70bm/issue-286-hero/app/Fonts/IBMPlexMono-Regular.ttf /tmp/morsel-286-dd/Build/Products/Debug-iphonesimulator/Morsel.app

CpResource /tmp/morsel-286-dd/Build/Products/Debug-iphonesimulator/Morsel.app/catalog.json /tmp/morsel-286-mutation-qcdw70bm/issue-286-hero/app/Resources/FoodArt/catalog.json (in target 'Morsel' from project 'Morsel')
    cd /tmp/morsel-286-mutation-qcdw70bm/issue-286-hero/app
    builtin-copy -exclude .DS_Store -exclude CVS -exclude .svn -exclude .git -exclude .hg -resolve-src-symlinks /tmp/morsel-286-mutation-qcdw70bm/issue-286-hero/app/Resources/FoodArt/catalog.json /tmp/morsel-286-dd/Build/Products/Debug-iphonesimulator/Morsel.app

CpResource /tmp/morsel-286-dd/Build/Products/Debug-iphonesimulator/Morsel.app/OFL-Caveat.txt /tmp/morsel-286-mutation-qcdw70bm/issue-286-hero/app/Fonts/OFL-Caveat.txt (in target 'Morsel' from project 'Morsel')
    cd /tmp/morsel-286-mutation-qcdw70bm/issue-286-hero/app
    builtin-copy -exclude .DS_Store -exclude CVS -exclude .svn -exclude .git -exclude .hg -resolve-src-symlinks /tmp/morsel-286-mutation-qcdw70bm/issue-286-hero/app/Fonts/OFL-Caveat.txt /tmp/morsel-286-dd/Build/Products/Debug-iphonesimulator/Morsel.app

CpResource /tmp/morsel-286-dd/Build/Products/Debug-iphonesimulator/Morsel.app/IBMPlexMono-Medium.ttf /tmp/morsel-286-mutation-qcdw70bm/issue-286-hero/app/Fonts/IBMPlexMono-Medium.ttf (in target 'Morsel' from project 'Morsel')
    cd /tmp/morsel-286-mutation-qcdw70bm/issue-286-hero/app
    builtin-copy -exclude .DS_Store -exclude CVS -exclude .svn -exclude .git -exclude .hg -resolve-src-symlinks /tmp/morsel-286-mutation-qcdw70bm/issue-286-hero/app/Fonts/IBMPlexMono-Medium.ttf /tmp/morsel-286-dd/Build/Products/Debug-iphonesimulator/Morsel.app

CpResource /tmp/morsel-286-dd/Build/Products/Debug-iphonesimulator/Morsel.app/EBGaramond[wght].ttf /tmp/morsel-286-mutation-qcdw70bm/issue-286-hero/app/Fonts/EBGaramond[wght].ttf (in target 'Morsel' from project 'Morsel')
    cd /tmp/morsel-286-mutation-qcdw70bm/issue-286-hero/app
    builtin-copy -exclude .DS_Store -exclude CVS -exclude .svn -exclude .git -exclude .hg -resolve-src-symlinks /tmp/morsel-286-mutation-qcdw70bm/issue-286-hero/app/Fonts/EBGaramond\[wght\].ttf /tmp/morsel-286-dd/Build/Products/Debug-iphonesimulator/Morsel.app

CpResource /tmp/morsel-286-dd/Build/Products/Debug-iphonesimulator/Morsel.app/EBGaramond-Italic[wght].ttf /tmp/morsel-286-mutation-qcdw70bm/issue-286-hero/app/Fonts/EBGaramond-Italic[wght].ttf (in target 'Morsel' from project 'Morsel')
    cd /tmp/morsel-286-mutation-qcdw70bm/issue-286-hero/app
    builtin-copy -exclude .DS_Store -exclude CVS -exclude .svn -exclude .git -exclude .hg -resolve-src-symlinks /tmp/morsel-286-mutation-qcdw70bm/issue-286-hero/app/Fonts/EBGaramond-Italic\[wght\].ttf /tmp/morsel-286-dd/Build/Products/Debug-iphonesimulator/Morsel.app

CpResource /tmp/morsel-286-dd/Build/Products/Debug-iphonesimulator/Morsel.app/Caveat[wght].ttf /tmp/morsel-286-mutation-qcdw70bm/issue-286-hero/app/Fonts/Caveat[wght].ttf (in target 'Morsel' from project 'Morsel')
    cd /tmp/morsel-286-mutation-qcdw70bm/issue-286-hero/app
    builtin-copy -exclude .DS_Store -exclude CVS -exclude .svn -exclude .git -exclude .hg -resolve-src-symlinks /tmp/morsel-286-mutation-qcdw70bm/issue-286-hero/app/Fonts/Caveat\[wght\].ttf /tmp/morsel-286-dd/Build/Products/Debug-iphonesimulator/Morsel.app

CopyPNGFile /tmp/morsel-286-dd/Build/Products/Debug-iphonesimulator/Morsel.app/yogurt-paper-64.png /tmp/morsel-286-mutation-qcdw70bm/issue-286-hero/app/Resources/FoodArt/yogurt-paper-64.png (in target 'Morsel' from project 'Morsel')
    cd /tmp/morsel-286-mutation-qcdw70bm/issue-286-hero/app
    /Applications/Xcode.app/Contents/Developer/usr/bin/copypng -compress -strip-PNG-text /tmp/morsel-286-mutation-qcdw70bm/issue-286-hero/app/Resources/FoodArt/yogurt-paper-64.png /tmp/morsel-286-dd/Build/Products/Debug-iphonesimulator/Morsel.app/yogurt-paper-64.png

CopyPNGFile /tmp/morsel-286-dd/Build/Products/Debug-iphonesimulator/Morsel.app/yogurt-night-64.png /tmp/morsel-286-mutation-qcdw70bm/issue-286-hero/app/Resources/FoodArt/yogurt-night-64.png (in target 'Morsel' from project 'Morsel')
    cd /tmp/morsel-286-mutation-qcdw70bm/issue-286-hero/app
    /Applications/Xcode.app/Contents/Developer/usr/bin/copypng -compress -strip-PNG-text /tmp/morsel-286-mutation-qcdw70bm/issue-286-hero/app/Resources/FoodArt/yogurt-night-64.png /tmp/morsel-286-dd/Build/Products/Debug-iphonesimulator/Morsel.app/yogurt-night-64.png

Ld /tmp/morsel-286-dd/Build/Products/Debug-iphonesimulator/Morsel.app/Morsel.debug.dylib normal (in target 'Morsel' from project 'Morsel')
    cd /tmp/morsel-286-mutation-qcdw70bm/issue-286-hero/app
    /Applications/Xcode.app/Contents/Developer/Toolchains/XcodeDefault.xctoolchain/usr/bin/clang -Xlinker -reproducible -target arm64-apple-ios17.0-simulator -dynamiclib -isysroot /Applications/Xcode.app/Contents/Developer/Platforms/iPhoneSimulator.platform/Developer/SDKs/iPhoneSimulator26.5.sdk -O0 -L/tmp/morsel-286-dd/Build/Intermediates.noindex/EagerLinkingTBDs/Debug-iphonesimulator -L/tmp/morsel-286-dd/Build/Products/Debug-iphonesimulator -F/tmp/morsel-286-dd/Build/Intermediates.noindex/EagerLinkingTBDs/Debug-iphonesimulator -F/tmp/morsel-286-dd/Build/Products/Debug-iphonesimulator/PackageFrameworks -F/tmp/morsel-286-dd/Build/Products/Debug-iphonesimulator/PackageFrameworks -F/tmp/morsel-286-dd/Build/Products/Debug-iphonesimulator/PackageFrameworks -F/tmp/morsel-286-dd/Build/Products/Debug-iphonesimulator/PackageFrameworks -F/tmp/morsel-286-dd/Build/Products/Debug-iphonesimulator/PackageFrameworks -F/tmp/morsel-286-dd/Build/Products/Debug-iphonesimulator/PackageFrameworks -F/tmp/morsel-286-dd/Build/Products/Debug-iphonesimulator/PackageFrameworks -F/tmp/morsel-286-dd/Build/Products/Debug-iphonesimulator/PackageFrameworks -F/tmp/morsel-286-dd/Build/Products/Debug-iphonesimulator/PackageFrameworks -F/tmp/morsel-286-dd/Build/Products/Debug-iphonesimulator/PackageFrameworks -F/tmp/morsel-286-dd/Build/Products/Debug-iphonesimulator/PackageFrameworks -F/tmp/morsel-286-dd/Build/Products/Debug-iphonesimulator/PackageFrameworks -F/tmp/morsel-286-dd/Build/Products/Debug-iphonesimulator/PackageFrameworks -F/tmp/morsel-286-dd/Build/Products/Debug-iphonesimulator/PackageFrameworks -F/tmp/morsel-286-dd/Build/Products/Debug-iphonesimulator -filelist /tmp/morsel-286-dd/Build/Intermediates.noindex/Morsel.build/Debug-iphonesimulator/Morsel.build/Objects-normal/arm64/Morsel.LinkFileList -install_name @rpath/Morsel.debug.dylib -Xlinker -rpath -Xlinker /usr/lib/swift -Xlinker -rpath -Xlinker /tmp/morsel-286-dd/Build/Products/Debug-iphonesimulator/PackageFrameworks -Xlinker -rpath -Xlinker @executable_path/Frameworks -Xlinker -dead_strip -Xlinker -object_path_lto -Xlinker /tmp/morsel-286-dd/Build/Intermediates.noindex/Morsel.build/Debug-iphonesimulator/Morsel.build/Objects-normal/arm64/Morsel_lto.o -rdynamic -Xlinker -no_deduplicate -Xlinker -objc_abi_version -Xlinker 2 -Xlinker -dependency_info -Xlinker /tmp/morsel-286-dd/Build/Intermediates.noindex/Morsel.build/Debug-iphonesimulator/Morsel.build/Objects-normal/arm64/Morsel_dependency_info.dat -fobjc-link-runtime -L/Applications/Xcode.app/Contents/Developer/Toolchains/XcodeDefault.xctoolchain/usr/lib/swift/iphonesimulator -L/usr/lib/swift -Xlinker -add_ast_path -Xlinker /tmp/morsel-286-dd/Build/Intermediates.noindex/Morsel.build/Debug-iphonesimulator/Morsel.build/Objects-normal/arm64/Morsel.swiftmodule @/tmp/morsel-286-dd/Build/Intermediates.noindex/Morsel.build/Debug-iphonesimulator/Morsel.build/Objects-normal/arm64/Morsel-linker-args.resp -Wl,-no_warn_duplicate_libraries -Wl,-no_warn_duplicate_libraries -Wl,-no_warn_duplicate_libraries -Wl,-no_warn_duplicate_libraries -Wl,-no_warn_duplicate_libraries -Wl,-no_warn_duplicate_libraries -Wl,-no_warn_duplicate_libraries -Wl,-no_warn_duplicate_libraries -Wl,-no_warn_duplicate_libraries -Wl,-no_warn_duplicate_libraries -Wl,-no_warn_duplicate_libraries -Wl,-no_warn_duplicate_libraries -Wl,-no_warn_duplicate_libraries -Wl,-no_warn_duplicate_libraries -Xlinker -alias -Xlinker _main -Xlinker ___debug_main_executable_dylib_entry_point -o /tmp/morsel-286-dd/Build/Products/Debug-iphonesimulator/Morsel.app/Morsel.debug.dylib -Xlinker -add_ast_path -Xlinker /tmp/morsel-286-dd/Build/Intermediates.noindex/Supabase.build/Debug-iphonesimulator/Supabase.build/Objects-normal/arm64/Supabase.swiftmodule @/tmp/morsel-286-dd/Build/Intermediates.noindex/Supabase.build/Debug-iphonesimulator/Supabase.build/Objects-normal/arm64/Supabase-linker-args.resp -Xlinker -add_ast_path -Xlinker /tmp/morsel-286-dd/Build/Intermediates.noindex/swift-concurrency-extras.build/Debug-iphonesimulator/ConcurrencyExtras.build/Objects-normal/arm64/ConcurrencyExtras.swiftmodule @/tmp/morsel-286-dd/Build/Intermediates.noindex/swift-concurrency-extras.build/Debug-iphonesimulator/ConcurrencyExtras.build/Objects-normal/arm64/ConcurrencyExtras-linker-args.resp -Xlinker -add_ast_path -Xlinker /tmp/morsel-286-dd/Build/Intermediates.noindex/swift-http-types.build/Debug-iphonesimulator/HTTPTypes.build/Objects-normal/arm64/HTTPTypes.swiftmodule @/tmp/morsel-286-dd/Build/Intermediates.noindex/swift-http-types.build/Debug-iphonesimulator/HTTPTypes.build/Objects-normal/arm64/HTTPTypes-linker-args.resp -Xlinker -add_ast_path -Xlinker /tmp/morsel-286-dd/Build/Intermediates.noindex/swift-clocks.build/Debug-iphonesimulator/Clocks.build/Objects-normal/arm64/Clocks.swiftmodule @/tmp/morsel-286-dd/Build/Intermediates.noindex/swift-clocks.build/Debug-iphonesimulator/Clocks.build/Objects-normal/arm64/Clocks-linker-args.resp -Xlinker -add_ast_path -Xlinker /tmp/morsel-286-dd/Build/Intermediates.noindex/xctest-dynamic-overlay.build/Debug-iphonesimulator/IssueReporting.build/Objects-normal/arm64/IssueReporting.swiftmodule @/tmp/morsel-286-dd/Build/Intermediates.noindex/xctest-dynamic-overlay.build/Debug-iphonesimulator/IssueReporting.build/Objects-normal/arm64/IssueReporting-linker-args.resp -Xlinker -add_ast_path -Xlinker /tmp/morsel-286-dd/Build/Intermediates.noindex/xctest-dynamic-overlay.build/Debug-iphonesimulator/XCTestDynamicOverlay.build/Objects-normal/arm64/XCTestDynamicOverlay.swiftmodule @/tmp/morsel-286-dd/Build/Intermediates.noindex/xctest-dynamic-overlay.build/Debug-iphonesimulator/XCTestDynamicOverlay.build/Objects-normal/arm64/XCTestDynamicOverlay-linker-args.resp -Xlinker -add_ast_path -Xlinker /tmp/morsel-286-dd/Build/Intermediates.noindex/Supabase.build/Debug-iphonesimulator/Helpers.build/Objects-normal/arm64/Helpers.swiftmodule @/tmp/morsel-286-dd/Build/Intermediates.noindex/Supabase.build/Debug-iphonesimulator/Helpers.build/Objects-normal/arm64/Helpers-linker-args.resp -Xlinker -add_ast_path -Xlinker /tmp/morsel-286-dd/Build/Intermediates.noindex/swift-crypto.build/Debug-iphonesimulator/Crypto.build/Objects-normal/arm64/Crypto.swiftmodule @/tmp/morsel-286-dd/Build/Intermediates.noindex/swift-crypto.build/Debug-iphonesimulator/Crypto.build/Objects-normal/arm64/Crypto-linker-args.resp -Xlinker -add_ast_path -Xlinker /tmp/morsel-286-dd/Build/Intermediates.noindex/Supabase.build/Debug-iphonesimulator/Auth.build/Objects-normal/arm64/Auth.swiftmodule @/tmp/morsel-286-dd/Build/Intermediates.noindex/Supabase.build/Debug-iphonesimulator/Auth.build/Objects-normal/arm64/Auth-linker-args.resp -Xlinker -add_ast_path -Xlinker /tmp/morsel-286-dd/Build/Intermediates.noindex/Supabase.build/Debug-iphonesimulator/Functions.build/Objects-normal/arm64/Functions.swiftmodule @/tmp/morsel-286-dd/Build/Intermediates.noindex/Supabase.build/Debug-iphonesimulator/Functions.build/Objects-normal/arm64/Functions-linker-args.resp -Xlinker -add_ast_path -Xlinker /tmp/morsel-286-dd/Build/Intermediates.noindex/Supabase.build/Debug-iphonesimulator/PostgREST.build/Objects-normal/arm64/PostgREST.swiftmodule @/tmp/morsel-286-dd/Build/Intermediates.noindex/Supabase.build/Debug-iphonesimulator/PostgREST.build/Objects-normal/arm64/PostgREST-linker-args.resp -Xlinker -add_ast_path -Xlinker /tmp/morsel-286-dd/Build/Intermediates.noindex/Supabase.build/Debug-iphonesimulator/RealtimeV2.build/Objects-normal/arm64/RealtimeV2.swiftmodule @/tmp/morsel-286-dd/Build/Intermediates.noindex/Supabase.build/Debug-iphonesimulator/RealtimeV2.build/Objects-normal/arm64/RealtimeV2-linker-args.resp -Xlinker -add_ast_path -Xlinker /tmp/morsel-286-dd/Build/Intermediates.noindex/Supabase.build/Debug-iphonesimulator/Realtime.build/Objects-normal/arm64/Realtime.swiftmodule @/tmp/morsel-286-dd/Build/Intermediates.noindex/Supabase.build/Debug-iphonesimulator/Realtime.build/Objects-normal/arm64/Realtime-linker-args.resp -Xlinker -add_ast_path -Xlinker /tmp/morsel-286-dd/Build/Intermediates.noindex/Supabase.build/Debug-iphonesimulator/Storage.build/Objects-normal/arm64/Storage.swiftmodule @/tmp/morsel-286-dd/Build/Intermediates.noindex/Supabase.build/Debug-iphonesimulator/Storage.build/Objects-normal/arm64/Storage-linker-args.resp

CopyPNGFile /tmp/morsel-286-dd/Build/Products/Debug-iphonesimulator/Morsel.app/wrap-paper-64.png /tmp/morsel-286-mutation-qcdw70bm/issue-286-hero/app/Resources/FoodArt/wrap-paper-64.png (in target 'Morsel' from project 'Morsel')
    cd /tmp/morsel-286-mutation-qcdw70bm/issue-286-hero/app
    /Applications/Xcode.app/Contents/Developer/usr/bin/copypng -compress -strip-PNG-text /tmp/morsel-286-mutation-qcdw70bm/issue-286-hero/app/Resources/FoodArt/wrap-paper-64.png /tmp/morsel-286-dd/Build/Products/Debug-iphonesimulator/Morsel.app/wrap-paper-64.png

CopyPNGFile /tmp/morsel-286-dd/Build/Products/Debug-iphonesimulator/Morsel.app/wrap-night-64.png /tmp/morsel-286-mutation-qcdw70bm/issue-286-hero/app/Resources/FoodArt/wrap-night-64.png (in target 'Morsel' from project 'Morsel')
    cd /tmp/morsel-286-mutation-qcdw70bm/issue-286-hero/app
    /Applications/Xcode.app/Contents/Developer/usr/bin/copypng -compress -strip-PNG-text /tmp/morsel-286-mutation-qcdw70bm/issue-286-hero/app/Resources/FoodArt/wrap-night-64.png /tmp/morsel-286-dd/Build/Products/Debug-iphonesimulator/Morsel.app/wrap-night-64.png

CopyPNGFile /tmp/morsel-286-dd/Build/Products/Debug-iphonesimulator/Morsel.app/watermelon-paper-64.png /tmp/morsel-286-mutation-qcdw70bm/issue-286-hero/app/Resources/FoodArt/watermelon-paper-64.png (in target 'Morsel' from project 'Morsel')
    cd /tmp/morsel-286-mutation-qcdw70bm/issue-286-hero/app
    /Applications/Xcode.app/Contents/Developer/usr/bin/copypng -compress -strip-PNG-text /tmp/morsel-286-mutation-qcdw70bm/issue-286-hero/app/Resources/FoodArt/watermelon-paper-64.png /tmp/morsel-286-dd/Build/Products/Debug-iphonesimulator/Morsel.app/watermelon-paper-64.png

CopyPNGFile /tmp/morsel-286-dd/Build/Products/Debug-iphonesimulator/Morsel.app/watermelon-night-64.png /tmp/morsel-286-mutation-qcdw70bm/issue-286-hero/app/Resources/FoodArt/watermelon-night-64.png (in target 'Morsel' from project 'Morsel')
    cd /tmp/morsel-286-mutation-qcdw70bm/issue-286-hero/app
    /Applications/Xcode.app/Contents/Developer/usr/bin/copypng -compress -strip-PNG-text /tmp/morsel-286-mutation-qcdw70bm/issue-286-hero/app/Resources/FoodArt/watermelon-night-64.png /tmp/morsel-286-dd/Build/Products/Debug-iphonesimulator/Morsel.app/watermelon-night-64.png

CopyPNGFile /tmp/morsel-286-dd/Build/Products/Debug-iphonesimulator/Morsel.app/vegetable-soup-paper-64.png /tmp/morsel-286-mutation-qcdw70bm/issue-286-hero/app/Resources/FoodArt/vegetable-soup-paper-64.png (in target 'Morsel' from project 'Morsel')
    cd /tmp/morsel-286-mutation-qcdw70bm/issue-286-hero/app
    /Applications/Xcode.app/Contents/Developer/usr/bin/copypng -compress -strip-PNG-text /tmp/morsel-286-mutation-qcdw70bm/issue-286-hero/app/Resources/FoodArt/vegetable-soup-paper-64.png /tmp/morsel-286-dd/Build/Products/Debug-iphonesimulator/Morsel.app/vegetable-soup-paper-64.png

CopyPNGFile /tmp/morsel-286-dd/Build/Products/Debug-iphonesimulator/Morsel.app/vegetable-soup-night-64.png /tmp/morsel-286-mutation-qcdw70bm/issue-286-hero/app/Resources/FoodArt/vegetable-soup-night-64.png (in target 'Morsel' from project 'Morsel')
    cd /tmp/morsel-286-mutation-qcdw70bm/issue-286-hero/app
    /Applications/Xcode.app/Contents/Developer/usr/bin/copypng -compress -strip-PNG-text /tmp/morsel-286-mutation-qcdw70bm/issue-286-hero/app/Resources/FoodArt/vegetable-soup-night-64.png /tmp/morsel-286-dd/Build/Products/Debug-iphonesimulator/Morsel.app/vegetable-soup-night-64.png

CopyPNGFile /tmp/morsel-286-dd/Build/Products/Debug-iphonesimulator/Morsel.app/tomato-paper-64.png /tmp/morsel-286-mutation-qcdw70bm/issue-286-hero/app/Resources/FoodArt/tomato-paper-64.png (in target 'Morsel' from project 'Morsel')
    cd /tmp/morsel-286-mutation-qcdw70bm/issue-286-hero/app
    /Applications/Xcode.app/Contents/Developer/usr/bin/copypng -compress -strip-PNG-text /tmp/morsel-286-mutation-qcdw70bm/issue-286-hero/app/Resources/FoodArt/tomato-paper-64.png /tmp/morsel-286-dd/Build/Products/Debug-iphonesimulator/Morsel.app/tomato-paper-64.png

CopyPNGFile /tmp/morsel-286-dd/Build/Products/Debug-iphonesimulator/Morsel.app/tomato-night-64.png /tmp/morsel-286-mutation-qcdw70bm/issue-286-hero/app/Resources/FoodArt/tomato-night-64.png (in target 'Morsel' from project 'Morsel')
    cd /tmp/morsel-286-mutation-qcdw70bm/issue-286-hero/app
    /Applications/Xcode.app/Contents/Developer/usr/bin/copypng -compress -strip-PNG-text /tmp/morsel-286-mutation-qcdw70bm/issue-286-hero/app/Resources/FoodArt/tomato-night-64.png /tmp/morsel-286-dd/Build/Products/Debug-iphonesimulator/Morsel.app/tomato-night-64.png

CopyPNGFile /tmp/morsel-286-dd/Build/Products/Debug-iphonesimulator/Morsel.app/tom-yum-paper-64.png /tmp/morsel-286-mutation-qcdw70bm/issue-286-hero/app/Resources/FoodArt/tom-yum-paper-64.png (in target 'Morsel' from project 'Morsel')
    cd /tmp/morsel-286-mutation-qcdw70bm/issue-286-hero/app
    /Applications/Xcode.app/Contents/Developer/usr/bin/copypng -compress -strip-PNG-text /tmp/morsel-286-mutation-qcdw70bm/issue-286-hero/app/Resources/FoodArt/tom-yum-paper-64.png /tmp/morsel-286-dd/Build/Products/Debug-iphonesimulator/Morsel.app/tom-yum-paper-64.png

CopyPNGFile /tmp/morsel-286-dd/Build/Products/Debug-iphonesimulator/Morsel.app/tom-yum-night-64.png /tmp/morsel-286-mutation-qcdw70bm/issue-286-hero/app/Resources/FoodArt/tom-yum-night-64.png (in target 'Morsel' from project 'Morsel')
    cd /tmp/morsel-286-mutation-qcdw70bm/issue-286-hero/app
    /Applications/Xcode.app/Contents/Developer/usr/bin/copypng -compress -strip-PNG-text /tmp/morsel-286-mutation-qcdw70bm/issue-286-hero/app/Resources/FoodArt/tom-yum-night-64.png /tmp/morsel-286-dd/Build/Products/Debug-iphonesimulator/Morsel.app/tom-yum-night-64.png

CopyPNGFile /tmp/morsel-286-dd/Build/Products/Debug-iphonesimulator/Morsel.app/tofu-paper-64.png /tmp/morsel-286-mutation-qcdw70bm/issue-286-hero/app/Resources/FoodArt/tofu-paper-64.png (in target 'Morsel' from project 'Morsel')
    cd /tmp/morsel-286-mutation-qcdw70bm/issue-286-hero/app
    /Applications/Xcode.app/Contents/Developer/usr/bin/copypng -compress -strip-PNG-text /tmp/morsel-286-mutation-qcdw70bm/issue-286-hero/app/Resources/FoodArt/tofu-paper-64.png /tmp/morsel-286-dd/Build/Products/Debug-iphonesimulator/Morsel.app/tofu-paper-64.png

CopyPNGFile /tmp/morsel-286-dd/Build/Products/Debug-iphonesimulator/Morsel.app/tofu-night-64.png /tmp/morsel-286-mutation-qcdw70bm/issue-286-hero/app/Resources/FoodArt/tofu-night-64.png (in target 'Morsel' from project 'Morsel')
    cd /tmp/morsel-286-mutation-qcdw70bm/issue-286-hero/app
    /Applications/Xcode.app/Contents/Developer/usr/bin/copypng -compress -strip-PNG-text /tmp/morsel-286-mutation-qcdw70bm/issue-286-hero/app/Resources/FoodArt/tofu-night-64.png /tmp/morsel-286-dd/Build/Products/Debug-iphonesimulator/Morsel.app/tofu-night-64.png

CopyPNGFile /tmp/morsel-286-dd/Build/Products/Debug-iphonesimulator/Morsel.app/toast-paper-64.png /tmp/morsel-286-mutation-qcdw70bm/issue-286-hero/app/Resources/FoodArt/toast-paper-64.png (in target 'Morsel' from project 'Morsel')
    cd /tmp/morsel-286-mutation-qcdw70bm/issue-286-hero/app
    /Applications/Xcode.app/Contents/Developer/usr/bin/copypng -compress -strip-PNG-text /tmp/morsel-286-mutation-qcdw70bm/issue-286-hero/app/Resources/FoodArt/toast-paper-64.png /tmp/morsel-286-dd/Build/Products/Debug-iphonesimulator/Morsel.app/toast-paper-64.png

CopyPNGFile /tmp/morsel-286-dd/Build/Products/Debug-iphonesimulator/Morsel.app/toast-night-64.png /tmp/morsel-286-mutation-qcdw70bm/issue-286-hero/app/Resources/FoodArt/toast-night-64.png (in target 'Morsel' from project 'Morsel')
    cd /tmp/morsel-286-mutation-qcdw70bm/issue-286-hero/app
    /Applications/Xcode.app/Contents/Developer/usr/bin/copypng -compress -strip-PNG-text /tmp/morsel-286-mutation-qcdw70bm/issue-286-hero/app/Resources/FoodArt/toast-night-64.png /tmp/morsel-286-dd/Build/Products/Debug-iphonesimulator/Morsel.app/toast-night-64.png

CopyPNGFile /tmp/morsel-286-dd/Build/Products/Debug-iphonesimulator/Morsel.app/thai-sweets-paper-64.png /tmp/morsel-286-mutation-qcdw70bm/issue-286-hero/app/Resources/FoodArt/thai-sweets-paper-64.png (in target 'Morsel' from project 'Morsel')
    cd /tmp/morsel-286-mutation-qcdw70bm/issue-286-hero/app
    /Applications/Xcode.app/Contents/Developer/usr/bin/copypng -compress -strip-PNG-text /tmp/morsel-286-mutation-qcdw70bm/issue-286-hero/app/Resources/FoodArt/thai-sweets-paper-64.png /tmp/morsel-286-dd/Build/Products/Debug-iphonesimulator/Morsel.app/thai-sweets-paper-64.png

CopyPNGFile /tmp/morsel-286-dd/Build/Products/Debug-iphonesimulator/Morsel.app/thai-sweets-night-64.png /tmp/morsel-286-mutation-qcdw70bm/issue-286-hero/app/Resources/FoodArt/thai-sweets-night-64.png (in target 'Morsel' from project 'Morsel')
    cd /tmp/morsel-286-mutation-qcdw70bm/issue-286-hero/app
    /Applications/Xcode.app/Contents/Developer/usr/bin/copypng -compress -strip-PNG-text /tmp/morsel-286-mutation-qcdw70bm/issue-286-hero/app/Resources/FoodArt/thai-sweets-night-64.png /tmp/morsel-286-dd/Build/Products/Debug-iphonesimulator/Morsel.app/thai-sweets-night-64.png

CopyPNGFile /tmp/morsel-286-dd/Build/Products/Debug-iphonesimulator/Morsel.app/tea-paper-64.png /tmp/morsel-286-mutation-qcdw70bm/issue-286-hero/app/Resources/FoodArt/tea-paper-64.png (in target 'Morsel' from project 'Morsel')
    cd /tmp/morsel-286-mutation-qcdw70bm/issue-286-hero/app
    /Applications/Xcode.app/Contents/Developer/usr/bin/copypng -compress -strip-PNG-text /tmp/morsel-286-mutation-qcdw70bm/issue-286-hero/app/Resources/FoodArt/tea-paper-64.png /tmp/morsel-286-dd/Build/Products/Debug-iphonesimulator/Morsel.app/tea-paper-64.png

CopyPNGFile /tmp/morsel-286-dd/Build/Products/Debug-iphonesimulator/Morsel.app/tea-night-64.png /tmp/morsel-286-mutation-qcdw70bm/issue-286-hero/app/Resources/FoodArt/tea-night-64.png (in target 'Morsel' from project 'Morsel')
    cd /tmp/morsel-286-mutation-qcdw70bm/issue-286-hero/app
    /Applications/Xcode.app/Contents/Developer/usr/bin/copypng -compress -strip-PNG-text /tmp/morsel-286-mutation-qcdw70bm/issue-286-hero/app/Resources/FoodArt/tea-night-64.png /tmp/morsel-286-dd/Build/Products/Debug-iphonesimulator/Morsel.app/tea-night-64.png

CopyPNGFile /tmp/morsel-286-dd/Build/Products/Debug-iphonesimulator/Morsel.app/sweet-potato-paper-64.png /tmp/morsel-286-mutation-qcdw70bm/issue-286-hero/app/Resources/FoodArt/sweet-potato-paper-64.png (in target 'Morsel' from project 'Morsel')
    cd /tmp/morsel-286-mutation-qcdw70bm/issue-286-hero/app
    /Applications/Xcode.app/Contents/Developer/usr/bin/copypng -compress -strip-PNG-text /tmp/morsel-286-mutation-qcdw70bm/issue-286-hero/app/Resources/FoodArt/sweet-potato-paper-64.png /tmp/morsel-286-dd/Build/Products/Debug-iphonesimulator/Morsel.app/sweet-potato-paper-64.png

CopyPNGFile /tmp/morsel-286-dd/Build/Products/Debug-iphonesimulator/Morsel.app/sweet-potato-night-64.png /tmp/morsel-286-mutation-qcdw70bm/issue-286-hero/app/Resources/FoodArt/sweet-potato-night-64.png (in target 'Morsel' from project 'Morsel')
    cd /tmp/morsel-286-mutation-qcdw70bm/issue-286-hero/app
    /Applications/Xcode.app/Contents/Developer/usr/bin/copypng -compress -strip-PNG-text /tmp/morsel-286-mutation-qcdw70bm/issue-286-hero/app/Resources/FoodArt/sweet-potato-night-64.png /tmp/morsel-286-dd/Build/Products/Debug-iphonesimulator/Morsel.app/sweet-potato-night-64.png

CopyPNGFile /tmp/morsel-286-dd/Build/Products/Debug-iphonesimulator/Morsel.app/sushi-paper-64.png /tmp/morsel-286-mutation-qcdw70bm/issue-286-hero/app/Resources/FoodArt/sushi-paper-64.png (in target 'Morsel' from project 'Morsel')
    cd /tmp/morsel-286-mutation-qcdw70bm/issue-286-hero/app
    /Applications/Xcode.app/Contents/Developer/usr/bin/copypng -compress -strip-PNG-text /tmp/morsel-286-mutation-qcdw70bm/issue-286-hero/app/Resources/FoodArt/sushi-paper-64.png /tmp/morsel-286-dd/Build/Products/Debug-iphonesimulator/Morsel.app/sushi-paper-64.png

CopyPNGFile /tmp/morsel-286-dd/Build/Products/Debug-iphonesimulator/Morsel.app/sushi-night-64.png /tmp/morsel-286-mutation-qcdw70bm/issue-286-hero/app/Resources/FoodArt/sushi-night-64.png (in target 'Morsel' from project 'Morsel')
    cd /tmp/morsel-286-mutation-qcdw70bm/issue-286-hero/app
    /Applications/Xcode.app/Contents/Developer/usr/bin/copypng -compress -strip-PNG-text /tmp/morsel-286-mutation-qcdw70bm/issue-286-hero/app/Resources/FoodArt/sushi-night-64.png /tmp/morsel-286-dd/Build/Products/Debug-iphonesimulator/Morsel.app/sushi-night-64.png

CopyPNGFile /tmp/morsel-286-dd/Build/Products/Debug-iphonesimulator/Morsel.app/strawberry-paper-64.png /tmp/morsel-286-mutation-qcdw70bm/issue-286-hero/app/Resources/FoodArt/strawberry-paper-64.png (in target 'Morsel' from project 'Morsel')
    cd /tmp/morsel-286-mutation-qcdw70bm/issue-286-hero/app
    /Applications/Xcode.app/Contents/Developer/usr/bin/copypng -compress -strip-PNG-text /tmp/morsel-286-mutation-qcdw70bm/issue-286-hero/app/Resources/FoodArt/strawberry-paper-64.png /tmp/morsel-286-dd/Build/Products/Debug-iphonesimulator/Morsel.app/strawberry-paper-64.png

CopyPNGFile /tmp/morsel-286-dd/Build/Products/Debug-iphonesimulator/Morsel.app/strawberry-night-64.png /tmp/morsel-286-mutation-qcdw70bm/issue-286-hero/app/Resources/FoodArt/strawberry-night-64.png (in target 'Morsel' from project 'Morsel')
    cd /tmp/morsel-286-mutation-qcdw70bm/issue-286-hero/app
    /Applications/Xcode.app/Contents/Developer/usr/bin/copypng -compress -strip-PNG-text /tmp/morsel-286-mutation-qcdw70bm/issue-286-hero/app/Resources/FoodArt/strawberry-night-64.png /tmp/morsel-286-dd/Build/Products/Debug-iphonesimulator/Morsel.app/strawberry-night-64.png

CopyPNGFile /tmp/morsel-286-dd/Build/Products/Debug-iphonesimulator/Morsel.app/stir-fried-noodles-paper-64.png /tmp/morsel-286-mutation-qcdw70bm/issue-286-hero/app/Resources/FoodArt/stir-fried-noodles-paper-64.png (in target 'Morsel' from project 'Morsel')
    cd /tmp/morsel-286-mutation-qcdw70bm/issue-286-hero/app
    /Applications/Xcode.app/Contents/Developer/usr/bin/copypng -compress -strip-PNG-text /tmp/morsel-286-mutation-qcdw70bm/issue-286-hero/app/Resources/FoodArt/stir-fried-noodles-paper-64.png /tmp/morsel-286-dd/Build/Products/Debug-iphonesimulator/Morsel.app/stir-fried-noodles-paper-64.png

CopyPNGFile /tmp/morsel-286-dd/Build/Products/Debug-iphonesimulator/Morsel.app/stir-fried-noodles-night-64.png /tmp/morsel-286-mutation-qcdw70bm/issue-286-hero/app/Resources/FoodArt/stir-fried-noodles-night-64.png (in target 'Morsel' from project 'Morsel')
    cd /tmp/morsel-286-mutation-qcdw70bm/issue-286-hero/app
    /Applications/Xcode.app/Contents/Developer/usr/bin/copypng -compress -strip-PNG-text /tmp/morsel-286-mutation-qcdw70bm/issue-286-hero/app/Resources/FoodArt/stir-fried-noodles-night-64.png /tmp/morsel-286-dd/Build/Products/Debug-iphonesimulator/Morsel.app/stir-fried-noodles-night-64.png

CopyPNGFile /tmp/morsel-286-dd/Build/Products/Debug-iphonesimulator/Morsel.app/stir-fried-greens-paper-64.png /tmp/morsel-286-mutation-qcdw70bm/issue-286-hero/app/Resources/FoodArt/stir-fried-greens-paper-64.png (in target 'Morsel' from project 'Morsel')
    cd /tmp/morsel-286-mutation-qcdw70bm/issue-286-hero/app
    /Applications/Xcode.app/Contents/Developer/usr/bin/copypng -compress -strip-PNG-text /tmp/morsel-286-mutation-qcdw70bm/issue-286-hero/app/Resources/FoodArt/stir-fried-greens-paper-64.png /tmp/morsel-286-dd/Build/Products/Debug-iphonesimulator/Morsel.app/stir-fried-greens-paper-64.png

CopyPNGFile /tmp/morsel-286-dd/Build/Products/Debug-iphonesimulator/Morsel.app/stir-fried-greens-night-64.png /tmp/morsel-286-mutation-qcdw70bm/issue-286-hero/app/Resources/FoodArt/stir-fried-greens-night-64.png (in target 'Morsel' from project 'Morsel')
    cd /tmp/morsel-286-mutation-qcdw70bm/issue-286-hero/app
    /Applications/Xcode.app/Contents/Developer/usr/bin/copypng -compress -strip-PNG-text /tmp/morsel-286-mutation-qcdw70bm/issue-286-hero/app/Resources/FoodArt/stir-fried-greens-night-64.png /tmp/morsel-286-dd/Build/Products/Debug-iphonesimulator/Morsel.app/stir-fried-greens-night-64.png

CopyPNGFile /tmp/morsel-286-dd/Build/Products/Debug-iphonesimulator/Morsel.app/sticky-rice-paper-64.png /tmp/morsel-286-mutation-qcdw70bm/issue-286-hero/app/Resources/FoodArt/sticky-rice-paper-64.png (in target 'Morsel' from project 'Morsel')
    cd /tmp/morsel-286-mutation-qcdw70bm/issue-286-hero/app
    /Applications/Xcode.app/Contents/Developer/usr/bin/copypng -compress -strip-PNG-text /tmp/morsel-286-mutation-qcdw70bm/issue-286-hero/app/Resources/FoodArt/sticky-rice-paper-64.png /tmp/morsel-286-dd/Build/Products/Debug-iphonesimulator/Morsel.app/sticky-rice-paper-64.png

CopyPNGFile /tmp/morsel-286-dd/Build/Products/Debug-iphonesimulator/Morsel.app/sticky-rice-night-64.png /tmp/morsel-286-mutation-qcdw70bm/issue-286-hero/app/Resources/FoodArt/sticky-rice-night-64.png (in target 'Morsel' from project 'Morsel')
    cd /tmp/morsel-286-mutation-qcdw70bm/issue-286-hero/app
    /Applications/Xcode.app/Contents/Developer/usr/bin/copypng -compress -strip-PNG-text /tmp/morsel-286-mutation-qcdw70bm/issue-286-hero/app/Resources/FoodArt/sticky-rice-night-64.png /tmp/morsel-286-dd/Build/Products/Debug-iphonesimulator/Morsel.app/sticky-rice-night-64.png

CopyPNGFile /tmp/morsel-286-dd/Build/Products/Debug-iphonesimulator/Morsel.app/stewed-duck-paper-64.png /tmp/morsel-286-mutation-qcdw70bm/issue-286-hero/app/Resources/FoodArt/stewed-duck-paper-64.png (in target 'Morsel' from project 'Morsel')
    cd /tmp/morsel-286-mutation-qcdw70bm/issue-286-hero/app
    /Applications/Xcode.app/Contents/Developer/usr/bin/copypng -compress -strip-PNG-text /tmp/morsel-286-mutation-qcdw70bm/issue-286-hero/app/Resources/FoodArt/stewed-duck-paper-64.png /tmp/morsel-286-dd/Build/Products/Debug-iphonesimulator/Morsel.app/stewed-duck-paper-64.png

CopyPNGFile /tmp/morsel-286-dd/Build/Products/Debug-iphonesimulator/Morsel.app/stewed-duck-night-64.png /tmp/morsel-286-mutation-qcdw70bm/issue-286-hero/app/Resources/FoodArt/stewed-duck-night-64.png (in target 'Morsel' from project 'Morsel')
    cd /tmp/morsel-286-mutation-qcdw70bm/issue-286-hero/app
    /Applications/Xcode.app/Contents/Developer/usr/bin/copypng -compress -strip-PNG-text /tmp/morsel-286-mutation-qcdw70bm/issue-286-hero/app/Resources/FoodArt/stewed-duck-night-64.png /tmp/morsel-286-dd/Build/Products/Debug-iphonesimulator/Morsel.app/stewed-duck-night-64.png

CopyPNGFile /tmp/morsel-286-dd/Build/Products/Debug-iphonesimulator/Morsel.app/steamed-fish-paper-64.png /tmp/morsel-286-mutation-qcdw70bm/issue-286-hero/app/Resources/FoodArt/steamed-fish-paper-64.png (in target 'Morsel' from project 'Morsel')
    cd /tmp/morsel-286-mutation-qcdw70bm/issue-286-hero/app
    /Applications/Xcode.app/Contents/Developer/usr/bin/copypng -compress -strip-PNG-text /tmp/morsel-286-mutation-qcdw70bm/issue-286-hero/app/Resources/FoodArt/steamed-fish-paper-64.png /tmp/morsel-286-dd/Build/Products/Debug-iphonesimulator/Morsel.app/steamed-fish-paper-64.png

CopyPNGFile /tmp/morsel-286-dd/Build/Products/Debug-iphonesimulator/Morsel.app/steamed-fish-night-64.png /tmp/morsel-286-mutation-qcdw70bm/issue-286-hero/app/Resources/FoodArt/steamed-fish-night-64.png (in target 'Morsel' from project 'Morsel')
    cd /tmp/morsel-286-mutation-qcdw70bm/issue-286-hero/app
    /Applications/Xcode.app/Contents/Developer/usr/bin/copypng -compress -strip-PNG-text /tmp/morsel-286-mutation-qcdw70bm/issue-286-hero/app/Resources/FoodArt/steamed-fish-night-64.png /tmp/morsel-286-dd/Build/Products/Debug-iphonesimulator/Morsel.app/steamed-fish-night-64.png

CopyPNGFile /tmp/morsel-286-dd/Build/Products/Debug-iphonesimulator/Morsel.app/steamed-bun-paper-64.png /tmp/morsel-286-mutation-qcdw70bm/issue-286-hero/app/Resources/FoodArt/steamed-bun-paper-64.png (in target 'Morsel' from project 'Morsel')
    cd /tmp/morsel-286-mutation-qcdw70bm/issue-286-hero/app
    /Applications/Xcode.app/Contents/Developer/usr/bin/copypng -compress -strip-PNG-text /tmp/morsel-286-mutation-qcdw70bm/issue-286-hero/app/Resources/FoodArt/steamed-bun-paper-64.png /tmp/morsel-286-dd/Build/Products/Debug-iphonesimulator/Morsel.app/steamed-bun-paper-64.png

CopyPNGFile /tmp/morsel-286-dd/Build/Products/Debug-iphonesimulator/Morsel.app/steamed-bun-night-64.png /tmp/morsel-286-mutation-qcdw70bm/issue-286-hero/app/Resources/FoodArt/steamed-bun-night-64.png (in target 'Morsel' from project 'Morsel')
    cd /tmp/morsel-286-mutation-qcdw70bm/issue-286-hero/app
    /Applications/Xcode.app/Contents/Developer/usr/bin/copypng -compress -strip-PNG-text /tmp/morsel-286-mutation-qcdw70bm/issue-286-hero/app/Resources/FoodArt/steamed-bun-night-64.png /tmp/morsel-286-dd/Build/Products/Debug-iphonesimulator/Morsel.app/steamed-bun-night-64.png

CopyPNGFile /tmp/morsel-286-dd/Build/Products/Debug-iphonesimulator/Morsel.app/spring-roll-paper-64.png /tmp/morsel-286-mutation-qcdw70bm/issue-286-hero/app/Resources/FoodArt/spring-roll-paper-64.png (in target 'Morsel' from project 'Morsel')
    cd /tmp/morsel-286-mutation-qcdw70bm/issue-286-hero/app
    /Applications/Xcode.app/Contents/Developer/usr/bin/copypng -compress -strip-PNG-text /tmp/morsel-286-mutation-qcdw70bm/issue-286-hero/app/Resources/FoodArt/spring-roll-paper-64.png /tmp/morsel-286-dd/Build/Products/Debug-iphonesimulator/Morsel.app/spring-roll-paper-64.png

CopyPNGFile /tmp/morsel-286-dd/Build/Products/Debug-iphonesimulator/Morsel.app/spring-roll-night-64.png /tmp/morsel-286-mutation-qcdw70bm/issue-286-hero/app/Resources/FoodArt/spring-roll-night-64.png (in target 'Morsel' from project 'Morsel')
    cd /tmp/morsel-286-mutation-qcdw70bm/issue-286-hero/app
    /Applications/Xcode.app/Contents/Developer/usr/bin/copypng -compress -strip-PNG-text /tmp/morsel-286-mutation-qcdw70bm/issue-286-hero/app/Resources/FoodArt/spring-roll-night-64.png /tmp/morsel-286-dd/Build/Products/Debug-iphonesimulator/Morsel.app/spring-roll-night-64.png

CopyPNGFile /tmp/morsel-286-dd/Build/Products/Debug-iphonesimulator/Morsel.app/soy-milk-paper-64.png /tmp/morsel-286-mutation-qcdw70bm/issue-286-hero/app/Resources/FoodArt/soy-milk-paper-64.png (in target 'Morsel' from project 'Morsel')
    cd /tmp/morsel-286-mutation-qcdw70bm/issue-286-hero/app
    /Applications/Xcode.app/Contents/Developer/usr/bin/copypng -compress -strip-PNG-text /tmp/morsel-286-mutation-qcdw70bm/issue-286-hero/app/Resources/FoodArt/soy-milk-paper-64.png /tmp/morsel-286-dd/Build/Products/Debug-iphonesimulator/Morsel.app/soy-milk-paper-64.png

CopyPNGFile /tmp/morsel-286-dd/Build/Products/Debug-iphonesimulator/Morsel.app/soy-milk-night-64.png /tmp/morsel-286-mutation-qcdw70bm/issue-286-hero/app/Resources/FoodArt/soy-milk-night-64.png (in target 'Morsel' from project 'Morsel')
    cd /tmp/morsel-286-mutation-qcdw70bm/issue-286-hero/app
    /Applications/Xcode.app/Contents/Developer/usr/bin/copypng -compress -strip-PNG-text /tmp/morsel-286-mutation-qcdw70bm/issue-286-hero/app/Resources/FoodArt/soy-milk-night-64.png /tmp/morsel-286-dd/Build/Products/Debug-iphonesimulator/Morsel.app/soy-milk-night-64.png

CopyPNGFile /tmp/morsel-286-dd/Build/Products/Debug-iphonesimulator/Morsel.app/sourdough-bread-paper-64.png /tmp/morsel-286-mutation-qcdw70bm/issue-286-hero/app/Resources/FoodArt/sourdough-bread-paper-64.png (in target 'Morsel' from project 'Morsel')
    cd /tmp/morsel-286-mutation-qcdw70bm/issue-286-hero/app
    /Applications/Xcode.app/Contents/Developer/usr/bin/copypng -compress -strip-PNG-text /tmp/morsel-286-mutation-qcdw70bm/issue-286-hero/app/Resources/FoodArt/sourdough-bread-paper-64.png /tmp/morsel-286-dd/Build/Products/Debug-iphonesimulator/Morsel.app/sourdough-bread-paper-64.png

CopyPNGFile /tmp/morsel-286-dd/Build/Products/Debug-iphonesimulator/Morsel.app/sourdough-bread-night-64.png /tmp/morsel-286-mutation-qcdw70bm/issue-286-hero/app/Resources/FoodArt/sourdough-bread-night-64.png (in target 'Morsel' from project 'Morsel')
    cd /tmp/morsel-286-mutation-qcdw70bm/issue-286-hero/app
    /Applications/Xcode.app/Contents/Developer/usr/bin/copypng -compress -strip-PNG-text /tmp/morsel-286-mutation-qcdw70bm/issue-286-hero/app/Resources/FoodArt/sourdough-bread-night-64.png /tmp/morsel-286-dd/Build/Products/Debug-iphonesimulator/Morsel.app/sourdough-bread-night-64.png

CopyPNGFile /tmp/morsel-286-dd/Build/Products/Debug-iphonesimulator/Morsel.app/som-tum-paper-64.png /tmp/morsel-286-mutation-qcdw70bm/issue-286-hero/app/Resources/FoodArt/som-tum-paper-64.png (in target 'Morsel' from project 'Morsel')
    cd /tmp/morsel-286-mutation-qcdw70bm/issue-286-hero/app
    /Applications/Xcode.app/Contents/Developer/usr/bin/copypng -compress -strip-PNG-text /tmp/morsel-286-mutation-qcdw70bm/issue-286-hero/app/Resources/FoodArt/som-tum-paper-64.png /tmp/morsel-286-dd/Build/Products/Debug-iphonesimulator/Morsel.app/som-tum-paper-64.png

CopyPNGFile /tmp/morsel-286-dd/Build/Products/Debug-iphonesimulator/Morsel.app/som-tum-night-64.png /tmp/morsel-286-mutation-qcdw70bm/issue-286-hero/app/Resources/FoodArt/som-tum-night-64.png (in target 'Morsel' from project 'Morsel')
    cd /tmp/morsel-286-mutation-qcdw70bm/issue-286-hero/app
    /Applications/Xcode.app/Contents/Developer/usr/bin/copypng -compress -strip-PNG-text /tmp/morsel-286-mutation-qcdw70bm/issue-286-hero/app/Resources/FoodArt/som-tum-night-64.png /tmp/morsel-286-dd/Build/Products/Debug-iphonesimulator/Morsel.app/som-tum-night-64.png

CopyPNGFile /tmp/morsel-286-dd/Build/Products/Debug-iphonesimulator/Morsel.app/smoothie-paper-64.png /tmp/morsel-286-mutation-qcdw70bm/issue-286-hero/app/Resources/FoodArt/smoothie-paper-64.png (in target 'Morsel' from project 'Morsel')
    cd /tmp/morsel-286-mutation-qcdw70bm/issue-286-hero/app
    /Applications/Xcode.app/Contents/Developer/usr/bin/copypng -compress -strip-PNG-text /tmp/morsel-286-mutation-qcdw70bm/issue-286-hero/app/Resources/FoodArt/smoothie-paper-64.png /tmp/morsel-286-dd/Build/Products/Debug-iphonesimulator/Morsel.app/smoothie-paper-64.png

CopyPNGFile /tmp/morsel-286-dd/Build/Products/Debug-iphonesimulator/Morsel.app/smoothie-night-64.png /tmp/morsel-286-mutation-qcdw70bm/issue-286-hero/app/Resources/FoodArt/smoothie-night-64.png (in target 'Morsel' from project 'Morsel')
    cd /tmp/morsel-286-mutation-qcdw70bm/issue-286-hero/app
    /Applications/Xcode.app/Contents/Developer/usr/bin/copypng -compress -strip-PNG-text /tmp/morsel-286-mutation-qcdw70bm/issue-286-hero/app/Resources/FoodArt/smoothie-night-64.png /tmp/morsel-286-dd/Build/Products/Debug-iphonesimulator/Morsel.app/smoothie-night-64.png

CopyPNGFile /tmp/morsel-286-dd/Build/Products/Debug-iphonesimulator/Morsel.app/shrimp-paper-64.png /tmp/morsel-286-mutation-qcdw70bm/issue-286-hero/app/Resources/FoodArt/shrimp-paper-64.png (in target 'Morsel' from project 'Morsel')
    cd /tmp/morsel-286-mutation-qcdw70bm/issue-286-hero/app
    /Applications/Xcode.app/Contents/Developer/usr/bin/copypng -compress -strip-PNG-text /tmp/morsel-286-mutation-qcdw70bm/issue-286-hero/app/Resources/FoodArt/shrimp-paper-64.png /tmp/morsel-286-dd/Build/Products/Debug-iphonesimulator/Morsel.app/shrimp-paper-64.png

CopyPNGFile /tmp/morsel-286-dd/Build/Products/Debug-iphonesimulator/Morsel.app/shrimp-night-64.png /tmp/morsel-286-mutation-qcdw70bm/issue-286-hero/app/Resources/FoodArt/shrimp-night-64.png (in target 'Morsel' from project 'Morsel')
    cd /tmp/morsel-286-mutation-qcdw70bm/issue-286-hero/app
    /Applications/Xcode.app/Contents/Developer/usr/bin/copypng -compress -strip-PNG-text /tmp/morsel-286-mutation-qcdw70bm/issue-286-hero/app/Resources/FoodArt/shrimp-night-64.png /tmp/morsel-286-dd/Build/Products/Debug-iphonesimulator/Morsel.app/shrimp-night-64.png

CopyPNGFile /tmp/morsel-286-dd/Build/Products/Debug-iphonesimulator/Morsel.app/shabu-slices-paper-64.png /tmp/morsel-286-mutation-qcdw70bm/issue-286-hero/app/Resources/FoodArt/shabu-slices-paper-64.png (in target 'Morsel' from project 'Morsel')
    cd /tmp/morsel-286-mutation-qcdw70bm/issue-286-hero/app
    /Applications/Xcode.app/Contents/Developer/usr/bin/copypng -compress -strip-PNG-text /tmp/morsel-286-mutation-qcdw70bm/issue-286-hero/app/Resources/FoodArt/shabu-slices-paper-64.png /tmp/morsel-286-dd/Build/Products/Debug-iphonesimulator/Morsel.app/shabu-slices-paper-64.png

CopyPNGFile /tmp/morsel-286-dd/Build/Products/Debug-iphonesimulator/Morsel.app/shabu-slices-night-64.png /tmp/morsel-286-mutation-qcdw70bm/issue-286-hero/app/Resources/FoodArt/shabu-slices-night-64.png (in target 'Morsel' from project 'Morsel')
    cd /tmp/morsel-286-mutation-qcdw70bm/issue-286-hero/app
    /Applications/Xcode.app/Contents/Developer/usr/bin/copypng -compress -strip-PNG-text /tmp/morsel-286-mutation-qcdw70bm/issue-286-hero/app/Resources/FoodArt/shabu-slices-night-64.png /tmp/morsel-286-dd/Build/Products/Debug-iphonesimulator/Morsel.app/shabu-slices-night-64.png

CopyPNGFile /tmp/morsel-286-dd/Build/Products/Debug-iphonesimulator/Morsel.app/sausage-paper-64.png /tmp/morsel-286-mutation-qcdw70bm/issue-286-hero/app/Resources/FoodArt/sausage-paper-64.png (in target 'Morsel' from project 'Morsel')
    cd /tmp/morsel-286-mutation-qcdw70bm/issue-286-hero/app
    /Applications/Xcode.app/Contents/Developer/usr/bin/copypng -compress -strip-PNG-text /tmp/morsel-286-mutation-qcdw70bm/issue-286-hero/app/Resources/FoodArt/sausage-paper-64.png /tmp/morsel-286-dd/Build/Products/Debug-iphonesimulator/Morsel.app/sausage-paper-64.png

CopyPNGFile /tmp/morsel-286-dd/Build/Products/Debug-iphonesimulator/Morsel.app/sausage-night-64.png /tmp/morsel-286-mutation-qcdw70bm/issue-286-hero/app/Resources/FoodArt/sausage-night-64.png (in target 'Morsel' from project 'Morsel')
    cd /tmp/morsel-286-mutation-qcdw70bm/issue-286-hero/app
    /Applications/Xcode.app/Contents/Developer/usr/bin/copypng -compress -strip-PNG-text /tmp/morsel-286-mutation-qcdw70bm/issue-286-hero/app/Resources/FoodArt/sausage-night-64.png /tmp/morsel-286-dd/Build/Products/Debug-iphonesimulator/Morsel.app/sausage-night-64.png

CopyPNGFile /tmp/morsel-286-dd/Build/Products/Debug-iphonesimulator/Morsel.app/satay-paper-64.png /tmp/morsel-286-mutation-qcdw70bm/issue-286-hero/app/Resources/FoodArt/satay-paper-64.png (in target 'Morsel' from project 'Morsel')
    cd /tmp/morsel-286-mutation-qcdw70bm/issue-286-hero/app
    /Applications/Xcode.app/Contents/Developer/usr/bin/copypng -compress -strip-PNG-text /tmp/morsel-286-mutation-qcdw70bm/issue-286-hero/app/Resources/FoodArt/satay-paper-64.png /tmp/morsel-286-dd/Build/Products/Debug-iphonesimulator/Morsel.app/satay-paper-64.png

CopyPNGFile /tmp/morsel-286-dd/Build/Products/Debug-iphonesimulator/Morsel.app/satay-night-64.png /tmp/morsel-286-mutation-qcdw70bm/issue-286-hero/app/Resources/FoodArt/satay-night-64.png (in target 'Morsel' from project 'Morsel')
    cd /tmp/morsel-286-mutation-qcdw70bm/issue-286-hero/app
    /Applications/Xcode.app/Contents/Developer/usr/bin/copypng -compress -strip-PNG-text /tmp/morsel-286-mutation-qcdw70bm/issue-286-hero/app/Resources/FoodArt/satay-night-64.png /tmp/morsel-286-dd/Build/Products/Debug-iphonesimulator/Morsel.app/satay-night-64.png

CopyPNGFile /tmp/morsel-286-dd/Build/Products/Debug-iphonesimulator/Morsel.app/sardines-paper-64.png /tmp/morsel-286-mutation-qcdw70bm/issue-286-hero/app/Resources/FoodArt/sardines-paper-64.png (in target 'Morsel' from project 'Morsel')
    cd /tmp/morsel-286-mutation-qcdw70bm/issue-286-hero/app
    /Applications/Xcode.app/Contents/Developer/usr/bin/copypng -compress -strip-PNG-text /tmp/morsel-286-mutation-qcdw70bm/issue-286-hero/app/Resources/FoodArt/sardines-paper-64.png /tmp/morsel-286-dd/Build/Products/Debug-iphonesimulator/Morsel.app/sardines-paper-64.png

CopyPNGFile /tmp/morsel-286-dd/Build/Products/Debug-iphonesimulator/Morsel.app/sardines-night-64.png /tmp/morsel-286-mutation-qcdw70bm/issue-286-hero/app/Resources/FoodArt/sardines-night-64.png (in target 'Morsel' from project 'Morsel')
    cd /tmp/morsel-286-mutation-qcdw70bm/issue-286-hero/app
    /Applications/Xcode.app/Contents/Developer/usr/bin/copypng -compress -strip-PNG-text /tmp/morsel-286-mutation-qcdw70bm/issue-286-hero/app/Resources/FoodArt/sardines-night-64.png /tmp/morsel-286-dd/Build/Products/Debug-iphonesimulator/Morsel.app/sardines-night-64.png

CopyPNGFile /tmp/morsel-286-dd/Build/Products/Debug-iphonesimulator/Morsel.app/sandwich-paper-64.png /tmp/morsel-286-mutation-qcdw70bm/issue-286-hero/app/Resources/FoodArt/sandwich-paper-64.png (in target 'Morsel' from project 'Morsel')
    cd /tmp/morsel-286-mutation-qcdw70bm/issue-286-hero/app
    /Applications/Xcode.app/Contents/Developer/usr/bin/copypng -compress -strip-PNG-text /tmp/morsel-286-mutation-qcdw70bm/issue-286-hero/app/Resources/FoodArt/sandwich-paper-64.png /tmp/morsel-286-dd/Build/Products/Debug-iphonesimulator/Morsel.app/sandwich-paper-64.png

CopyPNGFile /tmp/morsel-286-dd/Build/Products/Debug-iphonesimulator/Morsel.app/sandwich-night-64.png /tmp/morsel-286-mutation-qcdw70bm/issue-286-hero/app/Resources/FoodArt/sandwich-night-64.png (in target 'Morsel' from project 'Morsel')
    cd /tmp/morsel-286-mutation-qcdw70bm/issue-286-hero/app
    /Applications/Xcode.app/Contents/Developer/usr/bin/copypng -compress -strip-PNG-text /tmp/morsel-286-mutation-qcdw70bm/issue-286-hero/app/Resources/FoodArt/sandwich-night-64.png /tmp/morsel-286-dd/Build/Products/Debug-iphonesimulator/Morsel.app/sandwich-night-64.png

CopyPNGFile /tmp/morsel-286-dd/Build/Products/Debug-iphonesimulator/Morsel.app/salmon-paper-64.png /tmp/morsel-286-mutation-qcdw70bm/issue-286-hero/app/Resources/FoodArt/salmon-paper-64.png (in target 'Morsel' from project 'Morsel')
    cd /tmp/morsel-286-mutation-qcdw70bm/issue-286-hero/app
    /Applications/Xcode.app/Contents/Developer/usr/bin/copypng -compress -strip-PNG-text /tmp/morsel-286-mutation-qcdw70bm/issue-286-hero/app/Resources/FoodArt/salmon-paper-64.png /tmp/morsel-286-dd/Build/Products/Debug-iphonesimulator/Morsel.app/salmon-paper-64.png

CopyPNGFile /tmp/morsel-286-dd/Build/Products/Debug-iphonesimulator/Morsel.app/salmon-night-64.png /tmp/morsel-286-mutation-qcdw70bm/issue-286-hero/app/Resources/FoodArt/salmon-night-64.png (in target 'Morsel' from project 'Morsel')
    cd /tmp/morsel-286-mutation-qcdw70bm/issue-286-hero/app
    /Applications/Xcode.app/Contents/Developer/usr/bin/copypng -compress -strip-PNG-text /tmp/morsel-286-mutation-qcdw70bm/issue-286-hero/app/Resources/FoodArt/salmon-night-64.png /tmp/morsel-286-dd/Build/Products/Debug-iphonesimulator/Morsel.app/salmon-night-64.png

CopyPNGFile /tmp/morsel-286-dd/Build/Products/Debug-iphonesimulator/Morsel.app/roti-paper-64.png /tmp/morsel-286-mutation-qcdw70bm/issue-286-hero/app/Resources/FoodArt/roti-paper-64.png (in target 'Morsel' from project 'Morsel')
    cd /tmp/morsel-286-mutation-qcdw70bm/issue-286-hero/app
    /Applications/Xcode.app/Contents/Developer/usr/bin/copypng -compress -strip-PNG-text /tmp/morsel-286-mutation-qcdw70bm/issue-286-hero/app/Resources/FoodArt/roti-paper-64.png /tmp/morsel-286-dd/Build/Products/Debug-iphonesimulator/Morsel.app/roti-paper-64.png

CopyPNGFile /tmp/morsel-286-dd/Build/Products/Debug-iphonesimulator/Morsel.app/roti-night-64.png /tmp/morsel-286-mutation-qcdw70bm/issue-286-hero/app/Resources/FoodArt/roti-night-64.png (in target 'Morsel' from project 'Morsel')
    cd /tmp/morsel-286-mutation-qcdw70bm/issue-286-hero/app
    /Applications/Xcode.app/Contents/Developer/usr/bin/copypng -compress -strip-PNG-text /tmp/morsel-286-mutation-qcdw70bm/issue-286-hero/app/Resources/FoodArt/roti-night-64.png /tmp/morsel-286-dd/Build/Products/Debug-iphonesimulator/Morsel.app/roti-night-64.png

CopyPNGFile /tmp/morsel-286-dd/Build/Products/Debug-iphonesimulator/Morsel.app/rice-porridge-paper-64.png /tmp/morsel-286-mutation-qcdw70bm/issue-286-hero/app/Resources/FoodArt/rice-porridge-paper-64.png (in target 'Morsel' from project 'Morsel')
    cd /tmp/morsel-286-mutation-qcdw70bm/issue-286-hero/app
    /Applications/Xcode.app/Contents/Developer/usr/bin/copypng -compress -strip-PNG-text /tmp/morsel-286-mutation-qcdw70bm/issue-286-hero/app/Resources/FoodArt/rice-porridge-paper-64.png /tmp/morsel-286-dd/Build/Products/Debug-iphonesimulator/Morsel.app/rice-porridge-paper-64.png

CopyPNGFile /tmp/morsel-286-dd/Build/Products/Debug-iphonesimulator/Morsel.app/rice-porridge-night-64.png /tmp/morsel-286-mutation-qcdw70bm/issue-286-hero/app/Resources/FoodArt/rice-porridge-night-64.png (in target 'Morsel' from project 'Morsel')
    cd /tmp/morsel-286-mutation-qcdw70bm/issue-286-hero/app
    /Applications/Xcode.app/Contents/Developer/usr/bin/copypng -compress -strip-PNG-text /tmp/morsel-286-mutation-qcdw70bm/issue-286-hero/app/Resources/FoodArt/rice-porridge-night-64.png /tmp/morsel-286-dd/Build/Products/Debug-iphonesimulator/Morsel.app/rice-porridge-night-64.png

CopyPNGFile /tmp/morsel-286-dd/Build/Products/Debug-iphonesimulator/Morsel.app/raw-vegetable-plate-paper-64.png /tmp/morsel-286-mutation-qcdw70bm/issue-286-hero/app/Resources/FoodArt/raw-vegetable-plate-paper-64.png (in target 'Morsel' from project 'Morsel')
    cd /tmp/morsel-286-mutation-qcdw70bm/issue-286-hero/app
    /Applications/Xcode.app/Contents/Developer/usr/bin/copypng -compress -strip-PNG-text /tmp/morsel-286-mutation-qcdw70bm/issue-286-hero/app/Resources/FoodArt/raw-vegetable-plate-paper-64.png /tmp/morsel-286-dd/Build/Products/Debug-iphonesimulator/Morsel.app/raw-vegetable-plate-paper-64.png

CopyPNGFile /tmp/morsel-286-dd/Build/Products/Debug-iphonesimulator/Morsel.app/raw-vegetable-plate-night-64.png /tmp/morsel-286-mutation-qcdw70bm/issue-286-hero/app/Resources/FoodArt/raw-vegetable-plate-night-64.png (in target 'Morsel' from project 'Morsel')
    cd /tmp/morsel-286-mutation-qcdw70bm/issue-286-hero/app
    /Applications/Xcode.app/Contents/Developer/usr/bin/copypng -compress -strip-PNG-text /tmp/morsel-286-mutation-qcdw70bm/issue-286-hero/app/Resources/FoodArt/raw-vegetable-plate-night-64.png /tmp/morsel-286-dd/Build/Products/Debug-iphonesimulator/Morsel.app/raw-vegetable-plate-night-64.png

CopyPNGFile /tmp/morsel-286-dd/Build/Products/Debug-iphonesimulator/Morsel.app/ramen-paper-64.png /tmp/morsel-286-mutation-qcdw70bm/issue-286-hero/app/Resources/FoodArt/ramen-paper-64.png (in target 'Morsel' from project 'Morsel')
    cd /tmp/morsel-286-mutation-qcdw70bm/issue-286-hero/app
    /Applications/Xcode.app/Contents/Developer/usr/bin/copypng -compress -strip-PNG-text /tmp/morsel-286-mutation-qcdw70bm/issue-286-hero/app/Resources/FoodArt/ramen-paper-64.png /tmp/morsel-286-dd/Build/Products/Debug-iphonesimulator/Morsel.app/ramen-paper-64.png

CopyPNGFile /tmp/morsel-286-dd/Build/Products/Debug-iphonesimulator/Morsel.app/ramen-night-64.png /tmp/morsel-286-mutation-qcdw70bm/issue-286-hero/app/Resources/FoodArt/ramen-night-64.png (in target 'Morsel' from project 'Morsel')
    cd /tmp/morsel-286-mutation-qcdw70bm/issue-286-hero/app
    /Applications/Xcode.app/Contents/Developer/usr/bin/copypng -compress -strip-PNG-text /tmp/morsel-286-mutation-qcdw70bm/issue-286-hero/app/Resources/FoodArt/ramen-night-64.png /tmp/morsel-286-dd/Build/Products/Debug-iphonesimulator/Morsel.app/ramen-night-64.png

CopyPNGFile /tmp/morsel-286-dd/Build/Products/Debug-iphonesimulator/Morsel.app/purple-rice-paper-64.png /tmp/morsel-286-mutation-qcdw70bm/issue-286-hero/app/Resources/FoodArt/purple-rice-paper-64.png (in target 'Morsel' from project 'Morsel')
    cd /tmp/morsel-286-mutation-qcdw70bm/issue-286-hero/app
    /Applications/Xcode.app/Contents/Developer/usr/bin/copypng -compress -strip-PNG-text /tmp/morsel-286-mutation-qcdw70bm/issue-286-hero/app/Resources/FoodArt/purple-rice-paper-64.png /tmp/morsel-286-dd/Build/Products/Debug-iphonesimulator/Morsel.app/purple-rice-paper-64.png

CopyPNGFile /tmp/morsel-286-dd/Build/Products/Debug-iphonesimulator/Morsel.app/purple-rice-night-64.png /tmp/morsel-286-mutation-qcdw70bm/issue-286-hero/app/Resources/FoodArt/purple-rice-night-64.png (in target 'Morsel' from project 'Morsel')
    cd /tmp/morsel-286-mutation-qcdw70bm/issue-286-hero/app
    /Applications/Xcode.app/Contents/Developer/usr/bin/copypng -compress -strip-PNG-text /tmp/morsel-286-mutation-qcdw70bm/issue-286-hero/app/Resources/FoodArt/purple-rice-night-64.png /tmp/morsel-286-dd/Build/Products/Debug-iphonesimulator/Morsel.app/purple-rice-night-64.png

CopyPNGFile /tmp/morsel-286-dd/Build/Products/Debug-iphonesimulator/Morsel.app/protein-shake-paper-64.png /tmp/morsel-286-mutation-qcdw70bm/issue-286-hero/app/Resources/FoodArt/protein-shake-paper-64.png (in target 'Morsel' from project 'Morsel')
    cd /tmp/morsel-286-mutation-qcdw70bm/issue-286-hero/app
    /Applications/Xcode.app/Contents/Developer/usr/bin/copypng -compress -strip-PNG-text /tmp/morsel-286-mutation-qcdw70bm/issue-286-hero/app/Resources/FoodArt/protein-shake-paper-64.png /tmp/morsel-286-dd/Build/Products/Debug-iphonesimulator/Morsel.app/protein-shake-paper-64.png

CopyPNGFile /tmp/morsel-286-dd/Build/Products/Debug-iphonesimulator/Morsel.app/protein-shake-night-64.png /tmp/morsel-286-mutation-qcdw70bm/issue-286-hero/app/Resources/FoodArt/protein-shake-night-64.png (in target 'Morsel' from project 'Morsel')
    cd /tmp/morsel-286-mutation-qcdw70bm/issue-286-hero/app
    /Applications/Xcode.app/Contents/Developer/usr/bin/copypng -compress -strip-PNG-text /tmp/morsel-286-mutation-qcdw70bm/issue-286-hero/app/Resources/FoodArt/protein-shake-night-64.png /tmp/morsel-286-dd/Build/Products/Debug-iphonesimulator/Morsel.app/protein-shake-night-64.png

CopyPNGFile /tmp/morsel-286-dd/Build/Products/Debug-iphonesimulator/Morsel.app/pomelo-paper-64.png /tmp/morsel-286-mutation-qcdw70bm/issue-286-hero/app/Resources/FoodArt/pomelo-paper-64.png (in target 'Morsel' from project 'Morsel')
    cd /tmp/morsel-286-mutation-qcdw70bm/issue-286-hero/app
    /Applications/Xcode.app/Contents/Developer/usr/bin/copypng -compress -strip-PNG-text /tmp/morsel-286-mutation-qcdw70bm/issue-286-hero/app/Resources/FoodArt/pomelo-paper-64.png /tmp/morsel-286-dd/Build/Products/Debug-iphonesimulator/Morsel.app/pomelo-paper-64.png

CopyPNGFile /tmp/morsel-286-dd/Build/Products/Debug-iphonesimulator/Morsel.app/pomelo-night-64.png /tmp/morsel-286-mutation-qcdw70bm/issue-286-hero/app/Resources/FoodArt/pomelo-night-64.png (in target 'Morsel' from project 'Morsel')
    cd /tmp/morsel-286-mutation-qcdw70bm/issue-286-hero/app
    /Applications/Xcode.app/Contents/Developer/usr/bin/copypng -compress -strip-PNG-text /tmp/morsel-286-mutation-qcdw70bm/issue-286-hero/app/Resources/FoodArt/pomelo-night-64.png /tmp/morsel-286-dd/Build/Products/Debug-iphonesimulator/Morsel.app/pomelo-night-64.png

CopyPNGFile /tmp/morsel-286-dd/Build/Products/Debug-iphonesimulator/Morsel.app/poached-chicken-paper-64.png /tmp/morsel-286-mutation-qcdw70bm/issue-286-hero/app/Resources/FoodArt/poached-chicken-paper-64.png (in target 'Morsel' from project 'Morsel')
    cd /tmp/morsel-286-mutation-qcdw70bm/issue-286-hero/app
    /Applications/Xcode.app/Contents/Developer/usr/bin/copypng -compress -strip-PNG-text /tmp/morsel-286-mutation-qcdw70bm/issue-286-hero/app/Resources/FoodArt/poached-chicken-paper-64.png /tmp/morsel-286-dd/Build/Products/Debug-iphonesimulator/Morsel.app/poached-chicken-paper-64.png

CopyPNGFile /tmp/morsel-286-dd/Build/Products/Debug-iphonesimulator/Morsel.app/poached-chicken-night-64.png /tmp/morsel-286-mutation-qcdw70bm/issue-286-hero/app/Resources/FoodArt/poached-chicken-night-64.png (in target 'Morsel' from project 'Morsel')
    cd /tmp/morsel-286-mutation-qcdw70bm/issue-286-hero/app
    /Applications/Xcode.app/Contents/Developer/usr/bin/copypng -compress -strip-PNG-text /tmp/morsel-286-mutation-qcdw70bm/issue-286-hero/app/Resources/FoodArt/poached-chicken-night-64.png /tmp/morsel-286-dd/Build/Products/Debug-iphonesimulator/Morsel.app/poached-chicken-night-64.png

CopyPNGFile /tmp/morsel-286-dd/Build/Products/Debug-iphonesimulator/Morsel.app/pizza-slice-paper-64.png /tmp/morsel-286-mutation-qcdw70bm/issue-286-hero/app/Resources/FoodArt/pizza-slice-paper-64.png (in target 'Morsel' from project 'Morsel')
    cd /tmp/morsel-286-mutation-qcdw70bm/issue-286-hero/app
    /Applications/Xcode.app/Contents/Developer/usr/bin/copypng -compress -strip-PNG-text /tmp/morsel-286-mutation-qcdw70bm/issue-286-hero/app/Resources/FoodArt/pizza-slice-paper-64.png /tmp/morsel-286-dd/Build/Products/Debug-iphonesimulator/Morsel.app/pizza-slice-paper-64.png

CopyPNGFile /tmp/morsel-286-dd/Build/Products/Debug-iphonesimulator/Morsel.app/pizza-slice-night-64.png /tmp/morsel-286-mutation-qcdw70bm/issue-286-hero/app/Resources/FoodArt/pizza-slice-night-64.png (in target 'Morsel' from project 'Morsel')
    cd /tmp/morsel-286-mutation-qcdw70bm/issue-286-hero/app
    /Applications/Xcode.app/Contents/Developer/usr/bin/copypng -compress -strip-PNG-text /tmp/morsel-286-mutation-qcdw70bm/issue-286-hero/app/Resources/FoodArt/pizza-slice-night-64.png /tmp/morsel-286-dd/Build/Products/Debug-iphonesimulator/Morsel.app/pizza-slice-night-64.png

CopyPNGFile /tmp/morsel-286-dd/Build/Products/Debug-iphonesimulator/Morsel.app/pineapple-paper-64.png /tmp/morsel-286-mutation-qcdw70bm/issue-286-hero/app/Resources/FoodArt/pineapple-paper-64.png (in target 'Morsel' from project 'Morsel')
    cd /tmp/morsel-286-mutation-qcdw70bm/issue-286-hero/app
    /Applications/Xcode.app/Contents/Developer/usr/bin/copypng -compress -strip-PNG-text /tmp/morsel-286-mutation-qcdw70bm/issue-286-hero/app/Resources/FoodArt/pineapple-paper-64.png /tmp/morsel-286-dd/Build/Products/Debug-iphonesimulator/Morsel.app/pineapple-paper-64.png

CopyPNGFile /tmp/morsel-286-dd/Build/Products/Debug-iphonesimulator/Morsel.app/pineapple-night-64.png /tmp/morsel-286-mutation-qcdw70bm/issue-286-hero/app/Resources/FoodArt/pineapple-night-64.png (in target 'Morsel' from project 'Morsel')
    cd /tmp/morsel-286-mutation-qcdw70bm/issue-286-hero/app
    /Applications/Xcode.app/Contents/Developer/usr/bin/copypng -compress -strip-PNG-text /tmp/morsel-286-mutation-qcdw70bm/issue-286-hero/app/Resources/FoodArt/pineapple-night-64.png /tmp/morsel-286-dd/Build/Products/Debug-iphonesimulator/Morsel.app/pineapple-night-64.png

CopyPNGFile /tmp/morsel-286-dd/Build/Products/Debug-iphonesimulator/Morsel.app/peanuts-paper-64.png /tmp/morsel-286-mutation-qcdw70bm/issue-286-hero/app/Resources/FoodArt/peanuts-paper-64.png (in target 'Morsel' from project 'Morsel')
    cd /tmp/morsel-286-mutation-qcdw70bm/issue-286-hero/app
    /Applications/Xcode.app/Contents/Developer/usr/bin/copypng -compress -strip-PNG-text /tmp/morsel-286-mutation-qcdw70bm/issue-286-hero/app/Resources/FoodArt/peanuts-paper-64.png /tmp/morsel-286-dd/Build/Products/Debug-iphonesimulator/Morsel.app/peanuts-paper-64.png

CopyPNGFile /tmp/morsel-286-dd/Build/Products/Debug-iphonesimulator/Morsel.app/peanuts-night-64.png /tmp/morsel-286-mutation-qcdw70bm/issue-286-hero/app/Resources/FoodArt/peanuts-night-64.png (in target 'Morsel' from project 'Morsel')
    cd /tmp/morsel-286-mutation-qcdw70bm/issue-286-hero/app
    /Applications/Xcode.app/Contents/Developer/usr/bin/copypng -compress -strip-PNG-text /tmp/morsel-286-mutation-qcdw70bm/issue-286-hero/app/Resources/FoodArt/peanuts-night-64.png /tmp/morsel-286-dd/Build/Products/Debug-iphonesimulator/Morsel.app/peanuts-night-64.png

CopyPNGFile /tmp/morsel-286-dd/Build/Products/Debug-iphonesimulator/Morsel.app/pasta-paper-64.png /tmp/morsel-286-mutation-qcdw70bm/issue-286-hero/app/Resources/FoodArt/pasta-paper-64.png (in target 'Morsel' from project 'Morsel')
    cd /tmp/morsel-286-mutation-qcdw70bm/issue-286-hero/app
    /Applications/Xcode.app/Contents/Developer/usr/bin/copypng -compress -strip-PNG-text /tmp/morsel-286-mutation-qcdw70bm/issue-286-hero/app/Resources/FoodArt/pasta-paper-64.png /tmp/morsel-286-dd/Build/Products/Debug-iphonesimulator/Morsel.app/pasta-paper-64.png

CopyPNGFile /tmp/morsel-286-dd/Build/Products/Debug-iphonesimulator/Morsel.app/pasta-night-64.png /tmp/morsel-286-mutation-qcdw70bm/issue-286-hero/app/Resources/FoodArt/pasta-night-64.png (in target 'Morsel' from project 'Morsel')
    cd /tmp/morsel-286-mutation-qcdw70bm/issue-286-hero/app
    /Applications/Xcode.app/Contents/Developer/usr/bin/copypng -compress -strip-PNG-text /tmp/morsel-286-mutation-qcdw70bm/issue-286-hero/app/Resources/FoodArt/pasta-night-64.png /tmp/morsel-286-dd/Build/Products/Debug-iphonesimulator/Morsel.app/pasta-night-64.png

CopyPNGFile /tmp/morsel-286-dd/Build/Products/Debug-iphonesimulator/Morsel.app/papaya-paper-64.png /tmp/morsel-286-mutation-qcdw70bm/issue-286-hero/app/Resources/FoodArt/papaya-paper-64.png (in target 'Morsel' from project 'Morsel')
    cd /tmp/morsel-286-mutation-qcdw70bm/issue-286-hero/app
    /Applications/Xcode.app/Contents/Developer/usr/bin/copypng -compress -strip-PNG-text /tmp/morsel-286-mutation-qcdw70bm/issue-286-hero/app/Resources/FoodArt/papaya-paper-64.png /tmp/morsel-286-dd/Build/Products/Debug-iphonesimulator/Morsel.app/papaya-paper-64.png

CopyPNGFile /tmp/morsel-286-dd/Build/Products/Debug-iphonesimulator/Morsel.app/papaya-night-64.png /tmp/morsel-286-mutation-qcdw70bm/issue-286-hero/app/Resources/FoodArt/papaya-night-64.png (in target 'Morsel' from project 'Morsel')
    cd /tmp/morsel-286-mutation-qcdw70bm/issue-286-hero/app
    /Applications/Xcode.app/Contents/Developer/usr/bin/copypng -compress -strip-PNG-text /tmp/morsel-286-mutation-qcdw70bm/issue-286-hero/app/Resources/FoodArt/papaya-night-64.png /tmp/morsel-286-dd/Build/Products/Debug-iphonesimulator/Morsel.app/papaya-night-64.png

CopyPNGFile /tmp/morsel-286-dd/Build/Products/Debug-iphonesimulator/Morsel.app/pancake-paper-64.png /tmp/morsel-286-mutation-qcdw70bm/issue-286-hero/app/Resources/FoodArt/pancake-paper-64.png (in target 'Morsel' from project 'Morsel')
    cd /tmp/morsel-286-mutation-qcdw70bm/issue-286-hero/app
    /Applications/Xcode.app/Contents/Developer/usr/bin/copypng -compress -strip-PNG-text /tmp/morsel-286-mutation-qcdw70bm/issue-286-hero/app/Resources/FoodArt/pancake-paper-64.png /tmp/morsel-286-dd/Build/Products/Debug-iphonesimulator/Morsel.app/pancake-paper-64.png

CopyPNGFile /tmp/morsel-286-dd/Build/Products/Debug-iphonesimulator/Morsel.app/pancake-night-64.png /tmp/morsel-286-mutation-qcdw70bm/issue-286-hero/app/Resources/FoodArt/pancake-night-64.png (in target 'Morsel' from project 'Morsel')
    cd /tmp/morsel-286-mutation-qcdw70bm/issue-286-hero/app
    /Applications/Xcode.app/Contents/Developer/usr/bin/copypng -compress -strip-PNG-text /tmp/morsel-286-mutation-qcdw70bm/issue-286-hero/app/Resources/FoodArt/pancake-night-64.png /tmp/morsel-286-dd/Build/Products/Debug-iphonesimulator/Morsel.app/pancake-night-64.png

CopyPNGFile /tmp/morsel-286-dd/Build/Products/Debug-iphonesimulator/Morsel.app/pad-thai-paper-64.png /tmp/morsel-286-mutation-qcdw70bm/issue-286-hero/app/Resources/FoodArt/pad-thai-paper-64.png (in target 'Morsel' from project 'Morsel')
    cd /tmp/morsel-286-mutation-qcdw70bm/issue-286-hero/app
    /Applications/Xcode.app/Contents/Developer/usr/bin/copypng -compress -strip-PNG-text /tmp/morsel-286-mutation-qcdw70bm/issue-286-hero/app/Resources/FoodArt/pad-thai-paper-64.png /tmp/morsel-286-dd/Build/Products/Debug-iphonesimulator/Morsel.app/pad-thai-paper-64.png

CopyPNGFile /tmp/morsel-286-dd/Build/Products/Debug-iphonesimulator/Morsel.app/pad-thai-night-64.png /tmp/morsel-286-mutation-qcdw70bm/issue-286-hero/app/Resources/FoodArt/pad-thai-night-64.png (in target 'Morsel' from project 'Morsel')
    cd /tmp/morsel-286-mutation-qcdw70bm/issue-286-hero/app
    /Applications/Xcode.app/Contents/Developer/usr/bin/copypng -compress -strip-PNG-text /tmp/morsel-286-mutation-qcdw70bm/issue-286-hero/app/Resources/FoodArt/pad-thai-night-64.png /tmp/morsel-286-dd/Build/Products/Debug-iphonesimulator/Morsel.app/pad-thai-night-64.png

CopyPNGFile /tmp/morsel-286-dd/Build/Products/Debug-iphonesimulator/Morsel.app/orange-paper-64.png /tmp/morsel-286-mutation-qcdw70bm/issue-286-hero/app/Resources/FoodArt/orange-paper-64.png (in target 'Morsel' from project 'Morsel')
    cd /tmp/morsel-286-mutation-qcdw70bm/issue-286-hero/app
    /Applications/Xcode.app/Contents/Developer/usr/bin/copypng -compress -strip-PNG-text /tmp/morsel-286-mutation-qcdw70bm/issue-286-hero/app/Resources/FoodArt/orange-paper-64.png /tmp/morsel-286-dd/Build/Products/Debug-iphonesimulator/Morsel.app/orange-paper-64.png

CopyPNGFile /tmp/morsel-286-dd/Build/Products/Debug-iphonesimulator/Morsel.app/orange-night-64.png /tmp/morsel-286-mutation-qcdw70bm/issue-286-hero/app/Resources/FoodArt/orange-night-64.png (in target 'Morsel' from project 'Morsel')
    cd /tmp/morsel-286-mutation-qcdw70bm/issue-286-hero/app
    /Applications/Xcode.app/Contents/Developer/usr/bin/copypng -compress -strip-PNG-text /tmp/morsel-286-mutation-qcdw70bm/issue-286-hero/app/Resources/FoodArt/orange-night-64.png /tmp/morsel-286-dd/Build/Products/Debug-iphonesimulator/Morsel.app/orange-night-64.png

CopyPNGFile /tmp/morsel-286-dd/Build/Products/Debug-iphonesimulator/Morsel.app/orange-juice-paper-64.png /tmp/morsel-286-mutation-qcdw70bm/issue-286-hero/app/Resources/FoodArt/orange-juice-paper-64.png (in target 'Morsel' from project 'Morsel')
    cd /tmp/morsel-286-mutation-qcdw70bm/issue-286-hero/app
    /Applications/Xcode.app/Contents/Developer/usr/bin/copypng -compress -strip-PNG-text /tmp/morsel-286-mutation-qcdw70bm/issue-286-hero/app/Resources/FoodArt/orange-juice-paper-64.png /tmp/morsel-286-dd/Build/Products/Debug-iphonesimulator/Morsel.app/orange-juice-paper-64.png

CopyPNGFile /tmp/morsel-286-dd/Build/Products/Debug-iphonesimulator/Morsel.app/orange-juice-night-64.png /tmp/morsel-286-mutation-qcdw70bm/issue-286-hero/app/Resources/FoodArt/orange-juice-night-64.png (in target 'Morsel' from project 'Morsel')
    cd /tmp/morsel-286-mutation-qcdw70bm/issue-286-hero/app
    /Applications/Xcode.app/Contents/Developer/usr/bin/copypng -compress -strip-PNG-text /tmp/morsel-286-mutation-qcdw70bm/issue-286-hero/app/Resources/FoodArt/orange-juice-night-64.png /tmp/morsel-286-dd/Build/Products/Debug-iphonesimulator/Morsel.app/orange-juice-night-64.png

CopyPNGFile /tmp/morsel-286-dd/Build/Products/Debug-iphonesimulator/Morsel.app/omelette-paper-64.png /tmp/morsel-286-mutation-qcdw70bm/issue-286-hero/app/Resources/FoodArt/omelette-paper-64.png (in target 'Morsel' from project 'Morsel')
    cd /tmp/morsel-286-mutation-qcdw70bm/issue-286-hero/app
    /Applications/Xcode.app/Contents/Developer/usr/bin/copypng -compress -strip-PNG-text /tmp/morsel-286-mutation-qcdw70bm/issue-286-hero/app/Resources/FoodArt/omelette-paper-64.png /tmp/morsel-286-dd/Build/Products/Debug-iphonesimulator/Morsel.app/omelette-paper-64.png

CopyPNGFile /tmp/morsel-286-dd/Build/Products/Debug-iphonesimulator/Morsel.app/omelette-night-64.png /tmp/morsel-286-mutation-qcdw70bm/issue-286-hero/app/Resources/FoodArt/omelette-night-64.png (in target 'Morsel' from project 'Morsel')
    cd /tmp/morsel-286-mutation-qcdw70bm/issue-286-hero/app
    /Applications/Xcode.app/Contents/Developer/usr/bin/copypng -compress -strip-PNG-text /tmp/morsel-286-mutation-qcdw70bm/issue-286-hero/app/Resources/FoodArt/omelette-night-64.png /tmp/morsel-286-dd/Build/Products/Debug-iphonesimulator/Morsel.app/omelette-night-64.png

CopyPNGFile /tmp/morsel-286-dd/Build/Products/Debug-iphonesimulator/Morsel.app/oatmeal-paper-64.png /tmp/morsel-286-mutation-qcdw70bm/issue-286-hero/app/Resources/FoodArt/oatmeal-paper-64.png (in target 'Morsel' from project 'Morsel')
    cd /tmp/morsel-286-mutation-qcdw70bm/issue-286-hero/app
    /Applications/Xcode.app/Contents/Developer/usr/bin/copypng -compress -strip-PNG-text /tmp/morsel-286-mutation-qcdw70bm/issue-286-hero/app/Resources/FoodArt/oatmeal-paper-64.png /tmp/morsel-286-dd/Build/Products/Debug-iphonesimulator/Morsel.app/oatmeal-paper-64.png

CopyPNGFile /tmp/morsel-286-dd/Build/Products/Debug-iphonesimulator/Morsel.app/oatmeal-night-64.png /tmp/morsel-286-mutation-qcdw70bm/issue-286-hero/app/Resources/FoodArt/oatmeal-night-64.png (in target 'Morsel' from project 'Morsel')
    cd /tmp/morsel-286-mutation-qcdw70bm/issue-286-hero/app
    /Applications/Xcode.app/Contents/Developer/usr/bin/copypng -compress -strip-PNG-text /tmp/morsel-286-mutation-qcdw70bm/issue-286-hero/app/Resources/FoodArt/oatmeal-night-64.png /tmp/morsel-286-dd/Build/Products/Debug-iphonesimulator/Morsel.app/oatmeal-night-64.png

CopyPNGFile /tmp/morsel-286-dd/Build/Products/Debug-iphonesimulator/Morsel.app/noodle-soup-paper-64.png /tmp/morsel-286-mutation-qcdw70bm/issue-286-hero/app/Resources/FoodArt/noodle-soup-paper-64.png (in target 'Morsel' from project 'Morsel')
    cd /tmp/morsel-286-mutation-qcdw70bm/issue-286-hero/app
    /Applications/Xcode.app/Contents/Developer/usr/bin/copypng -compress -strip-PNG-text /tmp/morsel-286-mutation-qcdw70bm/issue-286-hero/app/Resources/FoodArt/noodle-soup-paper-64.png /tmp/morsel-286-dd/Build/Products/Debug-iphonesimulator/Morsel.app/noodle-soup-paper-64.png

CopyPNGFile /tmp/morsel-286-dd/Build/Products/Debug-iphonesimulator/Morsel.app/noodle-soup-night-64.png /tmp/morsel-286-mutation-qcdw70bm/issue-286-hero/app/Resources/FoodArt/noodle-soup-night-64.png (in target 'Morsel' from project 'Morsel')
    cd /tmp/morsel-286-mutation-qcdw70bm/issue-286-hero/app
    /Applications/Xcode.app/Contents/Developer/usr/bin/copypng -compress -strip-PNG-text /tmp/morsel-286-mutation-qcdw70bm/issue-286-hero/app/Resources/FoodArt/noodle-soup-night-64.png /tmp/morsel-286-dd/Build/Products/Debug-iphonesimulator/Morsel.app/noodle-soup-night-64.png

CopyPNGFile /tmp/morsel-286-dd/Build/Products/Debug-iphonesimulator/Morsel.app/nam-jim-paper-64.png /tmp/morsel-286-mutation-qcdw70bm/issue-286-hero/app/Resources/FoodArt/nam-jim-paper-64.png (in target 'Morsel' from project 'Morsel')
    cd /tmp/morsel-286-mutation-qcdw70bm/issue-286-hero/app
    /Applications/Xcode.app/Contents/Developer/usr/bin/copypng -compress -strip-PNG-text /tmp/morsel-286-mutation-qcdw70bm/issue-286-hero/app/Resources/FoodArt/nam-jim-paper-64.png /tmp/morsel-286-dd/Build/Products/Debug-iphonesimulator/Morsel.app/nam-jim-paper-64.png

CopyPNGFile /tmp/morsel-286-dd/Build/Products/Debug-iphonesimulator/Morsel.app/nam-jim-night-64.png /tmp/morsel-286-mutation-qcdw70bm/issue-286-hero/app/Resources/FoodArt/nam-jim-night-64.png (in target 'Morsel' from project 'Morsel')
    cd /tmp/morsel-286-mutation-qcdw70bm/issue-286-hero/app
    /Applications/Xcode.app/Contents/Developer/usr/bin/copypng -compress -strip-PNG-text /tmp/morsel-286-mutation-qcdw70bm/issue-286-hero/app/Resources/FoodArt/nam-jim-night-64.png /tmp/morsel-286-dd/Build/Products/Debug-iphonesimulator/Morsel.app/nam-jim-night-64.png

CopyPNGFile /tmp/morsel-286-dd/Build/Products/Debug-iphonesimulator/Morsel.app/mushrooms-paper-64.png /tmp/morsel-286-mutation-qcdw70bm/issue-286-hero/app/Resources/FoodArt/mushrooms-paper-64.png (in target 'Morsel' from project 'Morsel')
    cd /tmp/morsel-286-mutation-qcdw70bm/issue-286-hero/app
    /Applications/Xcode.app/Contents/Developer/usr/bin/copypng -compress -strip-PNG-text /tmp/morsel-286-mutation-qcdw70bm/issue-286-hero/app/Resources/FoodArt/mushrooms-paper-64.png /tmp/morsel-286-dd/Build/Products/Debug-iphonesimulator/Morsel.app/mushrooms-paper-64.png

CopyPNGFile /tmp/morsel-286-dd/Build/Products/Debug-iphonesimulator/Morsel.app/mushrooms-night-64.png /tmp/morsel-286-mutation-qcdw70bm/issue-286-hero/app/Resources/FoodArt/mushrooms-night-64.png (in target 'Morsel' from project 'Morsel')
    cd /tmp/morsel-286-mutation-qcdw70bm/issue-286-hero/app
    /Applications/Xcode.app/Contents/Developer/usr/bin/copypng -compress -strip-PNG-text /tmp/morsel-286-mutation-qcdw70bm/issue-286-hero/app/Resources/FoodArt/mushrooms-night-64.png /tmp/morsel-286-dd/Build/Products/Debug-iphonesimulator/Morsel.app/mushrooms-night-64.png

CopyPNGFile /tmp/morsel-286-dd/Build/Products/Debug-iphonesimulator/Morsel.app/mixed-nuts-paper-64.png /tmp/morsel-286-mutation-qcdw70bm/issue-286-hero/app/Resources/FoodArt/mixed-nuts-paper-64.png (in target 'Morsel' from project 'Morsel')
    cd /tmp/morsel-286-mutation-qcdw70bm/issue-286-hero/app
    /Applications/Xcode.app/Contents/Developer/usr/bin/copypng -compress -strip-PNG-text /tmp/morsel-286-mutation-qcdw70bm/issue-286-hero/app/Resources/FoodArt/mixed-nuts-paper-64.png /tmp/morsel-286-dd/Build/Products/Debug-iphonesimulator/Morsel.app/mixed-nuts-paper-64.png

CopyPNGFile /tmp/morsel-286-dd/Build/Products/Debug-iphonesimulator/Morsel.app/mixed-nuts-night-64.png /tmp/morsel-286-mutation-qcdw70bm/issue-286-hero/app/Resources/FoodArt/mixed-nuts-night-64.png (in target 'Morsel' from project 'Morsel')
    cd /tmp/morsel-286-mutation-qcdw70bm/issue-286-hero/app
    /Applications/Xcode.app/Contents/Developer/usr/bin/copypng -compress -strip-PNG-text /tmp/morsel-286-mutation-qcdw70bm/issue-286-hero/app/Resources/FoodArt/mixed-nuts-night-64.png /tmp/morsel-286-dd/Build/Products/Debug-iphonesimulator/Morsel.app/mixed-nuts-night-64.png

CopyPNGFile /tmp/morsel-286-dd/Build/Products/Debug-iphonesimulator/Morsel.app/miso-soup-paper-64.png /tmp/morsel-286-mutation-qcdw70bm/issue-286-hero/app/Resources/FoodArt/miso-soup-paper-64.png (in target 'Morsel' from project 'Morsel')
    cd /tmp/morsel-286-mutation-qcdw70bm/issue-286-hero/app
    /Applications/Xcode.app/Contents/Developer/usr/bin/copypng -compress -strip-PNG-text /tmp/morsel-286-mutation-qcdw70bm/issue-286-hero/app/Resources/FoodArt/miso-soup-paper-64.png /tmp/morsel-286-dd/Build/Products/Debug-iphonesimulator/Morsel.app/miso-soup-paper-64.png

CopyPNGFile /tmp/morsel-286-dd/Build/Products/Debug-iphonesimulator/Morsel.app/miso-soup-night-64.png /tmp/morsel-286-mutation-qcdw70bm/issue-286-hero/app/Resources/FoodArt/miso-soup-night-64.png (in target 'Morsel' from project 'Morsel')
    cd /tmp/morsel-286-mutation-qcdw70bm/issue-286-hero/app
    /Applications/Xcode.app/Contents/Developer/usr/bin/copypng -compress -strip-PNG-text /tmp/morsel-286-mutation-qcdw70bm/issue-286-hero/app/Resources/FoodArt/miso-soup-night-64.png /tmp/morsel-286-dd/Build/Products/Debug-iphonesimulator/Morsel.app/miso-soup-night-64.png

CopyPNGFile /tmp/morsel-286-dd/Build/Products/Debug-iphonesimulator/Morsel.app/minced-pork-paper-64.png /tmp/morsel-286-mutation-qcdw70bm/issue-286-hero/app/Resources/FoodArt/minced-pork-paper-64.png (in target 'Morsel' from project 'Morsel')
    cd /tmp/morsel-286-mutation-qcdw70bm/issue-286-hero/app
    /Applications/Xcode.app/Contents/Developer/usr/bin/copypng -compress -strip-PNG-text /tmp/morsel-286-mutation-qcdw70bm/issue-286-hero/app/Resources/FoodArt/minced-pork-paper-64.png /tmp/morsel-286-dd/Build/Products/Debug-iphonesimulator/Morsel.app/minced-pork-paper-64.png

CopyPNGFile /tmp/morsel-286-dd/Build/Products/Debug-iphonesimulator/Morsel.app/minced-pork-night-64.png /tmp/morsel-286-mutation-qcdw70bm/issue-286-hero/app/Resources/FoodArt/minced-pork-night-64.png (in target 'Morsel' from project 'Morsel')
    cd /tmp/morsel-286-mutation-qcdw70bm/issue-286-hero/app
    /Applications/Xcode.app/Contents/Developer/usr/bin/copypng -compress -strip-PNG-text /tmp/morsel-286-mutation-qcdw70bm/issue-286-hero/app/Resources/FoodArt/minced-pork-night-64.png /tmp/morsel-286-dd/Build/Products/Debug-iphonesimulator/Morsel.app/minced-pork-night-64.png

CopyPNGFile /tmp/morsel-286-dd/Build/Products/Debug-iphonesimulator/Morsel.app/milk-tea-paper-64.png /tmp/morsel-286-mutation-qcdw70bm/issue-286-hero/app/Resources/FoodArt/milk-tea-paper-64.png (in target 'Morsel' from project 'Morsel')
    cd /tmp/morsel-286-mutation-qcdw70bm/issue-286-hero/app
    /Applications/Xcode.app/Contents/Developer/usr/bin/copypng -compress -strip-PNG-text /tmp/morsel-286-mutation-qcdw70bm/issue-286-hero/app/Resources/FoodArt/milk-tea-paper-64.png /tmp/morsel-286-dd/Build/Products/Debug-iphonesimulator/Morsel.app/milk-tea-paper-64.png

CopyPNGFile /tmp/morsel-286-dd/Build/Products/Debug-iphonesimulator/Morsel.app/milk-tea-night-64.png /tmp/morsel-286-mutation-qcdw70bm/issue-286-hero/app/Resources/FoodArt/milk-tea-night-64.png (in target 'Morsel' from project 'Morsel')
    cd /tmp/morsel-286-mutation-qcdw70bm/issue-286-hero/app
    /Applications/Xcode.app/Contents/Developer/usr/bin/copypng -compress -strip-PNG-text /tmp/morsel-286-mutation-qcdw70bm/issue-286-hero/app/Resources/FoodArt/milk-tea-night-64.png /tmp/morsel-286-dd/Build/Products/Debug-iphonesimulator/Morsel.app/milk-tea-night-64.png

CopyPNGFile /tmp/morsel-286-dd/Build/Products/Debug-iphonesimulator/Morsel.app/milk-paper-64.png /tmp/morsel-286-mutation-qcdw70bm/issue-286-hero/app/Resources/FoodArt/milk-paper-64.png (in target 'Morsel' from project 'Morsel')
    cd /tmp/morsel-286-mutation-qcdw70bm/issue-286-hero/app
    /Applications/Xcode.app/Contents/Developer/usr/bin/copypng -compress -strip-PNG-text /tmp/morsel-286-mutation-qcdw70bm/issue-286-hero/app/Resources/FoodArt/milk-paper-64.png /tmp/morsel-286-dd/Build/Products/Debug-iphonesimulator/Morsel.app/milk-paper-64.png

CopyPNGFile /tmp/morsel-286-dd/Build/Products/Debug-iphonesimulator/Morsel.app/milk-night-64.png /tmp/morsel-286-mutation-qcdw70bm/issue-286-hero/app/Resources/FoodArt/milk-night-64.png (in target 'Morsel' from project 'Morsel')
    cd /tmp/morsel-286-mutation-qcdw70bm/issue-286-hero/app
    /Applications/Xcode.app/Contents/Developer/usr/bin/copypng -compress -strip-PNG-text /tmp/morsel-286-mutation-qcdw70bm/issue-286-hero/app/Resources/FoodArt/milk-night-64.png /tmp/morsel-286-dd/Build/Products/Debug-iphonesimulator/Morsel.app/milk-night-64.png

CopyPNGFile /tmp/morsel-286-dd/Build/Products/Debug-iphonesimulator/Morsel.app/meatballs-paper-64.png /tmp/morsel-286-mutation-qcdw70bm/issue-286-hero/app/Resources/FoodArt/meatballs-paper-64.png (in target 'Morsel' from project 'Morsel')
    cd /tmp/morsel-286-mutation-qcdw70bm/issue-286-hero/app
    /Applications/Xcode.app/Contents/Developer/usr/bin/copypng -compress -strip-PNG-text /tmp/morsel-286-mutation-qcdw70bm/issue-286-hero/app/Resources/FoodArt/meatballs-paper-64.png /tmp/morsel-286-dd/Build/Products/Debug-iphonesimulator/Morsel.app/meatballs-paper-64.png

CopyPNGFile /tmp/morsel-286-dd/Build/Products/Debug-iphonesimulator/Morsel.app/meatballs-night-64.png /tmp/morsel-286-mutation-qcdw70bm/issue-286-hero/app/Resources/FoodArt/meatballs-night-64.png (in target 'Morsel' from project 'Morsel')
    cd /tmp/morsel-286-mutation-qcdw70bm/issue-286-hero/app
    /Applications/Xcode.app/Contents/Developer/usr/bin/copypng -compress -strip-PNG-text /tmp/morsel-286-mutation-qcdw70bm/issue-286-hero/app/Resources/FoodArt/meatballs-night-64.png /tmp/morsel-286-dd/Build/Products/Debug-iphonesimulator/Morsel.app/meatballs-night-64.png

CopyPNGFile /tmp/morsel-286-dd/Build/Products/Debug-iphonesimulator/Morsel.app/matcha-latte-paper-64.png /tmp/morsel-286-mutation-qcdw70bm/issue-286-hero/app/Resources/FoodArt/matcha-latte-paper-64.png (in target 'Morsel' from project 'Morsel')
    cd /tmp/morsel-286-mutation-qcdw70bm/issue-286-hero/app
    /Applications/Xcode.app/Contents/Developer/usr/bin/copypng -compress -strip-PNG-text /tmp/morsel-286-mutation-qcdw70bm/issue-286-hero/app/Resources/FoodArt/matcha-latte-paper-64.png /tmp/morsel-286-dd/Build/Products/Debug-iphonesimulator/Morsel.app/matcha-latte-paper-64.png

CopyPNGFile /tmp/morsel-286-dd/Build/Products/Debug-iphonesimulator/Morsel.app/matcha-latte-night-64.png /tmp/morsel-286-mutation-qcdw70bm/issue-286-hero/app/Resources/FoodArt/matcha-latte-night-64.png (in target 'Morsel' from project 'Morsel')
    cd /tmp/morsel-286-mutation-qcdw70bm/issue-286-hero/app
    /Applications/Xcode.app/Contents/Developer/usr/bin/copypng -compress -strip-PNG-text /tmp/morsel-286-mutation-qcdw70bm/issue-286-hero/app/Resources/FoodArt/matcha-latte-night-64.png /tmp/morsel-286-dd/Build/Products/Debug-iphonesimulator/Morsel.app/matcha-latte-night-64.png

CopyPNGFile /tmp/morsel-286-dd/Build/Products/Debug-iphonesimulator/Morsel.app/mashed-potato-paper-64.png /tmp/morsel-286-mutation-qcdw70bm/issue-286-hero/app/Resources/FoodArt/mashed-potato-paper-64.png (in target 'Morsel' from project 'Morsel')
    cd /tmp/morsel-286-mutation-qcdw70bm/issue-286-hero/app
    /Applications/Xcode.app/Contents/Developer/usr/bin/copypng -compress -strip-PNG-text /tmp/morsel-286-mutation-qcdw70bm/issue-286-hero/app/Resources/FoodArt/mashed-potato-paper-64.png /tmp/morsel-286-dd/Build/Products/Debug-iphonesimulator/Morsel.app/mashed-potato-paper-64.png

CopyPNGFile /tmp/morsel-286-dd/Build/Products/Debug-iphonesimulator/Morsel.app/mashed-potato-night-64.png /tmp/morsel-286-mutation-qcdw70bm/issue-286-hero/app/Resources/FoodArt/mashed-potato-night-64.png (in target 'Morsel' from project 'Morsel')
    cd /tmp/morsel-286-mutation-qcdw70bm/issue-286-hero/app
    /Applications/Xcode.app/Contents/Developer/usr/bin/copypng -compress -strip-PNG-text /tmp/morsel-286-mutation-qcdw70bm/issue-286-hero/app/Resources/FoodArt/mashed-potato-night-64.png /tmp/morsel-286-dd/Build/Products/Debug-iphonesimulator/Morsel.app/mashed-potato-night-64.png

CopyPNGFile /tmp/morsel-286-dd/Build/Products/Debug-iphonesimulator/Morsel.app/mango-sticky-rice-paper-64.png /tmp/morsel-286-mutation-qcdw70bm/issue-286-hero/app/Resources/FoodArt/mango-sticky-rice-paper-64.png (in target 'Morsel' from project 'Morsel')
    cd /tmp/morsel-286-mutation-qcdw70bm/issue-286-hero/app
    /Applications/Xcode.app/Contents/Developer/usr/bin/copypng -compress -strip-PNG-text /tmp/morsel-286-mutation-qcdw70bm/issue-286-hero/app/Resources/FoodArt/mango-sticky-rice-paper-64.png /tmp/morsel-286-dd/Build/Products/Debug-iphonesimulator/Morsel.app/mango-sticky-rice-paper-64.png

CopyPNGFile /tmp/morsel-286-dd/Build/Products/Debug-iphonesimulator/Morsel.app/mango-sticky-rice-night-64.png /tmp/morsel-286-mutation-qcdw70bm/issue-286-hero/app/Resources/FoodArt/mango-sticky-rice-night-64.png (in target 'Morsel' from project 'Morsel')
    cd /tmp/morsel-286-mutation-qcdw70bm/issue-286-hero/app
    /Applications/Xcode.app/Contents/Developer/usr/bin/copypng -compress -strip-PNG-text /tmp/morsel-286-mutation-qcdw70bm/issue-286-hero/app/Resources/FoodArt/mango-sticky-rice-night-64.png /tmp/morsel-286-dd/Build/Products/Debug-iphonesimulator/Morsel.app/mango-sticky-rice-night-64.png

CopyPNGFile /tmp/morsel-286-dd/Build/Products/Debug-iphonesimulator/Morsel.app/mango-paper-64.png /tmp/morsel-286-mutation-qcdw70bm/issue-286-hero/app/Resources/FoodArt/mango-paper-64.png (in target 'Morsel' from project 'Morsel')
    cd /tmp/morsel-286-mutation-qcdw70bm/issue-286-hero/app
    /Applications/Xcode.app/Contents/Developer/usr/bin/copypng -compress -strip-PNG-text /tmp/morsel-286-mutation-qcdw70bm/issue-286-hero/app/Resources/FoodArt/mango-paper-64.png /tmp/morsel-286-dd/Build/Products/Debug-iphonesimulator/Morsel.app/mango-paper-64.png

CopyPNGFile /tmp/morsel-286-dd/Build/Products/Debug-iphonesimulator/Morsel.app/mango-night-64.png /tmp/morsel-286-mutation-qcdw70bm/issue-286-hero/app/Resources/FoodArt/mango-night-64.png (in target 'Morsel' from project 'Morsel')
    cd /tmp/morsel-286-mutation-qcdw70bm/issue-286-hero/app
    /Applications/Xcode.app/Contents/Developer/usr/bin/copypng -compress -strip-PNG-text /tmp/morsel-286-mutation-qcdw70bm/issue-286-hero/app/Resources/FoodArt/mango-night-64.png /tmp/morsel-286-dd/Build/Products/Debug-iphonesimulator/Morsel.app/mango-night-64.png

CopyPNGFile /tmp/morsel-286-dd/Build/Products/Debug-iphonesimulator/Morsel.app/latte-paper-64.png /tmp/morsel-286-mutation-qcdw70bm/issue-286-hero/app/Resources/FoodArt/latte-paper-64.png (in target 'Morsel' from project 'Morsel')
    cd /tmp/morsel-286-mutation-qcdw70bm/issue-286-hero/app
    /Applications/Xcode.app/Contents/Developer/usr/bin/copypng -compress -strip-PNG-text /tmp/morsel-286-mutation-qcdw70bm/issue-286-hero/app/Resources/FoodArt/latte-paper-64.png /tmp/morsel-286-dd/Build/Products/Debug-iphonesimulator/Morsel.app/latte-paper-64.png

CopyPNGFile /tmp/morsel-286-dd/Build/Products/Debug-iphonesimulator/Morsel.app/latte-night-64.png /tmp/morsel-286-mutation-qcdw70bm/issue-286-hero/app/Resources/FoodArt/latte-night-64.png (in target 'Morsel' from project 'Morsel')
    cd /tmp/morsel-286-mutation-qcdw70bm/issue-286-hero/app
    /Applications/Xcode.app/Contents/Developer/usr/bin/copypng -compress -strip-PNG-text /tmp/morsel-286-mutation-qcdw70bm/issue-286-hero/app/Resources/FoodArt/latte-night-64.png /tmp/morsel-286-dd/Build/Products/Debug-iphonesimulator/Morsel.app/latte-night-64.png

CopyPNGFile /tmp/morsel-286-dd/Build/Products/Debug-iphonesimulator/Morsel.app/larb-night-64.png /tmp/morsel-286-mutation-qcdw70bm/issue-286-hero/app/Resources/FoodArt/larb-night-64.png (in target 'Morsel' from project 'Morsel')
    cd /tmp/morsel-286-mutation-qcdw70bm/issue-286-hero/app
    /Applications/Xcode.app/Contents/Developer/usr/bin/copypng -compress -strip-PNG-text /tmp/morsel-286-mutation-qcdw70bm/issue-286-hero/app/Resources/FoodArt/larb-night-64.png /tmp/morsel-286-dd/Build/Products/Debug-iphonesimulator/Morsel.app/larb-night-64.png

CopyPNGFile /tmp/morsel-286-dd/Build/Products/Debug-iphonesimulator/Morsel.app/larb-paper-64.png /tmp/morsel-286-mutation-qcdw70bm/issue-286-hero/app/Resources/FoodArt/larb-paper-64.png (in target 'Morsel' from project 'Morsel')
    cd /tmp/morsel-286-mutation-qcdw70bm/issue-286-hero/app
    /Applications/Xcode.app/Contents/Developer/usr/bin/copypng -compress -strip-PNG-text /tmp/morsel-286-mutation-qcdw70bm/issue-286-hero/app/Resources/FoodArt/larb-paper-64.png /tmp/morsel-286-dd/Build/Products/Debug-iphonesimulator/Morsel.app/larb-paper-64.png

CopyPNGFile /tmp/morsel-286-dd/Build/Products/Debug-iphonesimulator/Morsel.app/kimchi-paper-64.png /tmp/morsel-286-mutation-qcdw70bm/issue-286-hero/app/Resources/FoodArt/kimchi-paper-64.png (in target 'Morsel' from project 'Morsel')
    cd /tmp/morsel-286-mutation-qcdw70bm/issue-286-hero/app
    /Applications/Xcode.app/Contents/Developer/usr/bin/copypng -compress -strip-PNG-text /tmp/morsel-286-mutation-qcdw70bm/issue-286-hero/app/Resources/FoodArt/kimchi-paper-64.png /tmp/morsel-286-dd/Build/Products/Debug-iphonesimulator/Morsel.app/kimchi-paper-64.png

CopyPNGFile /tmp/morsel-286-dd/Build/Products/Debug-iphonesimulator/Morsel.app/kimchi-night-64.png /tmp/morsel-286-mutation-qcdw70bm/issue-286-hero/app/Resources/FoodArt/kimchi-night-64.png (in target 'Morsel' from project 'Morsel')
    cd /tmp/morsel-286-mutation-qcdw70bm/issue-286-hero/app
    /Applications/Xcode.app/Contents/Developer/usr/bin/copypng -compress -strip-PNG-text /tmp/morsel-286-mutation-qcdw70bm/issue-286-hero/app/Resources/FoodArt/kimchi-night-64.png /tmp/morsel-286-dd/Build/Products/Debug-iphonesimulator/Morsel.app/kimchi-night-64.png

CopyPNGFile /tmp/morsel-286-dd/Build/Products/Debug-iphonesimulator/Morsel.app/khanom-jeen-paper-64.png /tmp/morsel-286-mutation-qcdw70bm/issue-286-hero/app/Resources/FoodArt/khanom-jeen-paper-64.png (in target 'Morsel' from project 'Morsel')
    cd /tmp/morsel-286-mutation-qcdw70bm/issue-286-hero/app
    /Applications/Xcode.app/Contents/Developer/usr/bin/copypng -compress -strip-PNG-text /tmp/morsel-286-mutation-qcdw70bm/issue-286-hero/app/Resources/FoodArt/khanom-jeen-paper-64.png /tmp/morsel-286-dd/Build/Products/Debug-iphonesimulator/Morsel.app/khanom-jeen-paper-64.png

CopyPNGFile /tmp/morsel-286-dd/Build/Products/Debug-iphonesimulator/Morsel.app/khanom-jeen-night-64.png /tmp/morsel-286-mutation-qcdw70bm/issue-286-hero/app/Resources/FoodArt/khanom-jeen-night-64.png (in target 'Morsel' from project 'Morsel')
    cd /tmp/morsel-286-mutation-qcdw70bm/issue-286-hero/app
    /Applications/Xcode.app/Contents/Developer/usr/bin/copypng -compress -strip-PNG-text /tmp/morsel-286-mutation-qcdw70bm/issue-286-hero/app/Resources/FoodArt/khanom-jeen-night-64.png /tmp/morsel-286-dd/Build/Products/Debug-iphonesimulator/Morsel.app/khanom-jeen-night-64.png

CopyPNGFile /tmp/morsel-286-dd/Build/Products/Debug-iphonesimulator/Morsel.app/jasmine-rice-paper-64.png /tmp/morsel-286-mutation-qcdw70bm/issue-286-hero/app/Resources/FoodArt/jasmine-rice-paper-64.png (in target 'Morsel' from project 'Morsel')
    cd /tmp/morsel-286-mutation-qcdw70bm/issue-286-hero/app
    /Applications/Xcode.app/Contents/Developer/usr/bin/copypng -compress -strip-PNG-text /tmp/morsel-286-mutation-qcdw70bm/issue-286-hero/app/Resources/FoodArt/jasmine-rice-paper-64.png /tmp/morsel-286-dd/Build/Products/Debug-iphonesimulator/Morsel.app/jasmine-rice-paper-64.png

CopyPNGFile /tmp/morsel-286-dd/Build/Products/Debug-iphonesimulator/Morsel.app/jasmine-rice-night-64.png /tmp/morsel-286-mutation-qcdw70bm/issue-286-hero/app/Resources/FoodArt/jasmine-rice-night-64.png (in target 'Morsel' from project 'Morsel')
    cd /tmp/morsel-286-mutation-qcdw70bm/issue-286-hero/app
    /Applications/Xcode.app/Contents/Developer/usr/bin/copypng -compress -strip-PNG-text /tmp/morsel-286-mutation-qcdw70bm/issue-286-hero/app/Resources/FoodArt/jasmine-rice-night-64.png /tmp/morsel-286-dd/Build/Products/Debug-iphonesimulator/Morsel.app/jasmine-rice-night-64.png

CopyPNGFile /tmp/morsel-286-dd/Build/Products/Debug-iphonesimulator/Morsel.app/instant-noodles-paper-64.png /tmp/morsel-286-mutation-qcdw70bm/issue-286-hero/app/Resources/FoodArt/instant-noodles-paper-64.png (in target 'Morsel' from project 'Morsel')
    cd /tmp/morsel-286-mutation-qcdw70bm/issue-286-hero/app
    /Applications/Xcode.app/Contents/Developer/usr/bin/copypng -compress -strip-PNG-text /tmp/morsel-286-mutation-qcdw70bm/issue-286-hero/app/Resources/FoodArt/instant-noodles-paper-64.png /tmp/morsel-286-dd/Build/Products/Debug-iphonesimulator/Morsel.app/instant-noodles-paper-64.png

CopyPNGFile /tmp/morsel-286-dd/Build/Products/Debug-iphonesimulator/Morsel.app/instant-noodles-night-64.png /tmp/morsel-286-mutation-qcdw70bm/issue-286-hero/app/Resources/FoodArt/instant-noodles-night-64.png (in target 'Morsel' from project 'Morsel')
    cd /tmp/morsel-286-mutation-qcdw70bm/issue-286-hero/app
    /Applications/Xcode.app/Contents/Developer/usr/bin/copypng -compress -strip-PNG-text /tmp/morsel-286-mutation-qcdw70bm/issue-286-hero/app/Resources/FoodArt/instant-noodles-night-64.png /tmp/morsel-286-dd/Build/Products/Debug-iphonesimulator/Morsel.app/instant-noodles-night-64.png

CopyPNGFile /tmp/morsel-286-dd/Build/Products/Debug-iphonesimulator/Morsel.app/iced-coffee-paper-64.png /tmp/morsel-286-mutation-qcdw70bm/issue-286-hero/app/Resources/FoodArt/iced-coffee-paper-64.png (in target 'Morsel' from project 'Morsel')
    cd /tmp/morsel-286-mutation-qcdw70bm/issue-286-hero/app
    /Applications/Xcode.app/Contents/Developer/usr/bin/copypng -compress -strip-PNG-text /tmp/morsel-286-mutation-qcdw70bm/issue-286-hero/app/Resources/FoodArt/iced-coffee-paper-64.png /tmp/morsel-286-dd/Build/Products/Debug-iphonesimulator/Morsel.app/iced-coffee-paper-64.png

CopyPNGFile /tmp/morsel-286-dd/Build/Products/Debug-iphonesimulator/Morsel.app/iced-coffee-night-64.png /tmp/morsel-286-mutation-qcdw70bm/issue-286-hero/app/Resources/FoodArt/iced-coffee-night-64.png (in target 'Morsel' from project 'Morsel')
    cd /tmp/morsel-286-mutation-qcdw70bm/issue-286-hero/app
    /Applications/Xcode.app/Contents/Developer/usr/bin/copypng -compress -strip-PNG-text /tmp/morsel-286-mutation-qcdw70bm/issue-286-hero/app/Resources/FoodArt/iced-coffee-night-64.png /tmp/morsel-286-dd/Build/Products/Debug-iphonesimulator/Morsel.app/iced-coffee-night-64.png

CopyPNGFile /tmp/morsel-286-dd/Build/Products/Debug-iphonesimulator/Morsel.app/ice-cream-paper-64.png /tmp/morsel-286-mutation-qcdw70bm/issue-286-hero/app/Resources/FoodArt/ice-cream-paper-64.png (in target 'Morsel' from project 'Morsel')
    cd /tmp/morsel-286-mutation-qcdw70bm/issue-286-hero/app
    /Applications/Xcode.app/Contents/Developer/usr/bin/copypng -compress -strip-PNG-text /tmp/morsel-286-mutation-qcdw70bm/issue-286-hero/app/Resources/FoodArt/ice-cream-paper-64.png /tmp/morsel-286-dd/Build/Products/Debug-iphonesimulator/Morsel.app/ice-cream-paper-64.png

CopyPNGFile /tmp/morsel-286-dd/Build/Products/Debug-iphonesimulator/Morsel.app/ice-cream-night-64.png /tmp/morsel-286-mutation-qcdw70bm/issue-286-hero/app/Resources/FoodArt/ice-cream-night-64.png (in target 'Morsel' from project 'Morsel')
    cd /tmp/morsel-286-mutation-qcdw70bm/issue-286-hero/app
    /Applications/Xcode.app/Contents/Developer/usr/bin/copypng -compress -strip-PNG-text /tmp/morsel-286-mutation-qcdw70bm/issue-286-hero/app/Resources/FoodArt/ice-cream-night-64.png /tmp/morsel-286-dd/Build/Products/Debug-iphonesimulator/Morsel.app/ice-cream-night-64.png

CopyPNGFile /tmp/morsel-286-dd/Build/Products/Debug-iphonesimulator/Morsel.app/hot-pot-paper-64.png /tmp/morsel-286-mutation-qcdw70bm/issue-286-hero/app/Resources/FoodArt/hot-pot-paper-64.png (in target 'Morsel' from project 'Morsel')
    cd /tmp/morsel-286-mutation-qcdw70bm/issue-286-hero/app
    /Applications/Xcode.app/Contents/Developer/usr/bin/copypng -compress -strip-PNG-text /tmp/morsel-286-mutation-qcdw70bm/issue-286-hero/app/Resources/FoodArt/hot-pot-paper-64.png /tmp/morsel-286-dd/Build/Products/Debug-iphonesimulator/Morsel.app/hot-pot-paper-64.png

CopyPNGFile /tmp/morsel-286-dd/Build/Products/Debug-iphonesimulator/Morsel.app/hot-pot-night-64.png /tmp/morsel-286-mutation-qcdw70bm/issue-286-hero/app/Resources/FoodArt/hot-pot-night-64.png (in target 'Morsel' from project 'Morsel')
    cd /tmp/morsel-286-mutation-qcdw70bm/issue-286-hero/app
    /Applications/Xcode.app/Contents/Developer/usr/bin/copypng -compress -strip-PNG-text /tmp/morsel-286-mutation-qcdw70bm/issue-286-hero/app/Resources/FoodArt/hot-pot-night-64.png /tmp/morsel-286-dd/Build/Products/Debug-iphonesimulator/Morsel.app/hot-pot-night-64.png

CopyPNGFile /tmp/morsel-286-dd/Build/Products/Debug-iphonesimulator/Morsel.app/guava-paper-64.png /tmp/morsel-286-mutation-qcdw70bm/issue-286-hero/app/Resources/FoodArt/guava-paper-64.png (in target 'Morsel' from project 'Morsel')
    cd /tmp/morsel-286-mutation-qcdw70bm/issue-286-hero/app
    /Applications/Xcode.app/Contents/Developer/usr/bin/copypng -compress -strip-PNG-text /tmp/morsel-286-mutation-qcdw70bm/issue-286-hero/app/Resources/FoodArt/guava-paper-64.png /tmp/morsel-286-dd/Build/Products/Debug-iphonesimulator/Morsel.app/guava-paper-64.png

CopyPNGFile /tmp/morsel-286-dd/Build/Products/Debug-iphonesimulator/Morsel.app/guava-night-64.png /tmp/morsel-286-mutation-qcdw70bm/issue-286-hero/app/Resources/FoodArt/guava-night-64.png (in target 'Morsel' from project 'Morsel')
    cd /tmp/morsel-286-mutation-qcdw70bm/issue-286-hero/app
    /Applications/Xcode.app/Contents/Developer/usr/bin/copypng -compress -strip-PNG-text /tmp/morsel-286-mutation-qcdw70bm/issue-286-hero/app/Resources/FoodArt/guava-night-64.png /tmp/morsel-286-dd/Build/Products/Debug-iphonesimulator/Morsel.app/guava-night-64.png

CopyPNGFile /tmp/morsel-286-dd/Build/Products/Debug-iphonesimulator/Morsel.app/grilled-squid-paper-64.png /tmp/morsel-286-mutation-qcdw70bm/issue-286-hero/app/Resources/FoodArt/grilled-squid-paper-64.png (in target 'Morsel' from project 'Morsel')
    cd /tmp/morsel-286-mutation-qcdw70bm/issue-286-hero/app
    /Applications/Xcode.app/Contents/Developer/usr/bin/copypng -compress -strip-PNG-text /tmp/morsel-286-mutation-qcdw70bm/issue-286-hero/app/Resources/FoodArt/grilled-squid-paper-64.png /tmp/morsel-286-dd/Build/Products/Debug-iphonesimulator/Morsel.app/grilled-squid-paper-64.png

CopyPNGFile /tmp/morsel-286-dd/Build/Products/Debug-iphonesimulator/Morsel.app/grilled-squid-night-64.png /tmp/morsel-286-mutation-qcdw70bm/issue-286-hero/app/Resources/FoodArt/grilled-squid-night-64.png (in target 'Morsel' from project 'Morsel')
    cd /tmp/morsel-286-mutation-qcdw70bm/issue-286-hero/app
    /Applications/Xcode.app/Contents/Developer/usr/bin/copypng -compress -strip-PNG-text /tmp/morsel-286-mutation-qcdw70bm/issue-286-hero/app/Resources/FoodArt/grilled-squid-night-64.png /tmp/morsel-286-dd/Build/Products/Debug-iphonesimulator/Morsel.app/grilled-squid-night-64.png

CopyPNGFile /tmp/morsel-286-dd/Build/Products/Debug-iphonesimulator/Morsel.app/grilled-pork-paper-64.png /tmp/morsel-286-mutation-qcdw70bm/issue-286-hero/app/Resources/FoodArt/grilled-pork-paper-64.png (in target 'Morsel' from project 'Morsel')
    cd /tmp/morsel-286-mutation-qcdw70bm/issue-286-hero/app
    /Applications/Xcode.app/Contents/Developer/usr/bin/copypng -compress -strip-PNG-text /tmp/morsel-286-mutation-qcdw70bm/issue-286-hero/app/Resources/FoodArt/grilled-pork-paper-64.png /tmp/morsel-286-dd/Build/Products/Debug-iphonesimulator/Morsel.app/grilled-pork-paper-64.png

CopyPNGFile /tmp/morsel-286-dd/Build/Products/Debug-iphonesimulator/Morsel.app/grilled-pork-night-64.png /tmp/morsel-286-mutation-qcdw70bm/issue-286-hero/app/Resources/FoodArt/grilled-pork-night-64.png (in target 'Morsel' from project 'Morsel')
    cd /tmp/morsel-286-mutation-qcdw70bm/issue-286-hero/app
    /Applications/Xcode.app/Contents/Developer/usr/bin/copypng -compress -strip-PNG-text /tmp/morsel-286-mutation-qcdw70bm/issue-286-hero/app/Resources/FoodArt/grilled-pork-night-64.png /tmp/morsel-286-dd/Build/Products/Debug-iphonesimulator/Morsel.app/grilled-pork-night-64.png

CopyPNGFile /tmp/morsel-286-dd/Build/Products/Debug-iphonesimulator/Morsel.app/grilled-chicken-paper-64.png /tmp/morsel-286-mutation-qcdw70bm/issue-286-hero/app/Resources/FoodArt/grilled-chicken-paper-64.png (in target 'Morsel' from project 'Morsel')
    cd /tmp/morsel-286-mutation-qcdw70bm/issue-286-hero/app
    /Applications/Xcode.app/Contents/Developer/usr/bin/copypng -compress -strip-PNG-text /tmp/morsel-286-mutation-qcdw70bm/issue-286-hero/app/Resources/FoodArt/grilled-chicken-paper-64.png /tmp/morsel-286-dd/Build/Products/Debug-iphonesimulator/Morsel.app/grilled-chicken-paper-64.png

CopyPNGFile /tmp/morsel-286-dd/Build/Products/Debug-iphonesimulator/Morsel.app/grilled-chicken-night-64.png /tmp/morsel-286-mutation-qcdw70bm/issue-286-hero/app/Resources/FoodArt/grilled-chicken-night-64.png (in target 'Morsel' from project 'Morsel')
    cd /tmp/morsel-286-mutation-qcdw70bm/issue-286-hero/app
    /Applications/Xcode.app/Contents/Developer/usr/bin/copypng -compress -strip-PNG-text /tmp/morsel-286-mutation-qcdw70bm/issue-286-hero/app/Resources/FoodArt/grilled-chicken-night-64.png /tmp/morsel-286-dd/Build/Products/Debug-iphonesimulator/Morsel.app/grilled-chicken-night-64.png

CopyPNGFile /tmp/morsel-286-dd/Build/Products/Debug-iphonesimulator/Morsel.app/grilled-beef-paper-64.png /tmp/morsel-286-mutation-qcdw70bm/issue-286-hero/app/Resources/FoodArt/grilled-beef-paper-64.png (in target 'Morsel' from project 'Morsel')
    cd /tmp/morsel-286-mutation-qcdw70bm/issue-286-hero/app
    /Applications/Xcode.app/Contents/Developer/usr/bin/copypng -compress -strip-PNG-text /tmp/morsel-286-mutation-qcdw70bm/issue-286-hero/app/Resources/FoodArt/grilled-beef-paper-64.png /tmp/morsel-286-dd/Build/Products/Debug-iphonesimulator/Morsel.app/grilled-beef-paper-64.png

CopyPNGFile /tmp/morsel-286-dd/Build/Products/Debug-iphonesimulator/Morsel.app/grilled-beef-night-64.png /tmp/morsel-286-mutation-qcdw70bm/issue-286-hero/app/Resources/FoodArt/grilled-beef-night-64.png (in target 'Morsel' from project 'Morsel')
    cd /tmp/morsel-286-mutation-qcdw70bm/issue-286-hero/app
    /Applications/Xcode.app/Contents/Developer/usr/bin/copypng -compress -strip-PNG-text /tmp/morsel-286-mutation-qcdw70bm/issue-286-hero/app/Resources/FoodArt/grilled-beef-night-64.png /tmp/morsel-286-dd/Build/Products/Debug-iphonesimulator/Morsel.app/grilled-beef-night-64.png

CopyPNGFile /tmp/morsel-286-dd/Build/Products/Debug-iphonesimulator/Morsel.app/green-salad-paper-64.png /tmp/morsel-286-mutation-qcdw70bm/issue-286-hero/app/Resources/FoodArt/green-salad-paper-64.png (in target 'Morsel' from project 'Morsel')
    cd /tmp/morsel-286-mutation-qcdw70bm/issue-286-hero/app
    /Applications/Xcode.app/Contents/Developer/usr/bin/copypng -compress -strip-PNG-text /tmp/morsel-286-mutation-qcdw70bm/issue-286-hero/app/Resources/FoodArt/green-salad-paper-64.png /tmp/morsel-286-dd/Build/Products/Debug-iphonesimulator/Morsel.app/green-salad-paper-64.png

CopyPNGFile /tmp/morsel-286-dd/Build/Products/Debug-iphonesimulator/Morsel.app/green-salad-night-64.png /tmp/morsel-286-mutation-qcdw70bm/issue-286-hero/app/Resources/FoodArt/green-salad-night-64.png (in target 'Morsel' from project 'Morsel')
    cd /tmp/morsel-286-mutation-qcdw70bm/issue-286-hero/app
    /Applications/Xcode.app/Contents/Developer/usr/bin/copypng -compress -strip-PNG-text /tmp/morsel-286-mutation-qcdw70bm/issue-286-hero/app/Resources/FoodArt/green-salad-night-64.png /tmp/morsel-286-dd/Build/Products/Debug-iphonesimulator/Morsel.app/green-salad-night-64.png

CopyPNGFile /tmp/morsel-286-dd/Build/Products/Debug-iphonesimulator/Morsel.app/gravy-paper-64.png /tmp/morsel-286-mutation-qcdw70bm/issue-286-hero/app/Resources/FoodArt/gravy-paper-64.png (in target 'Morsel' from project 'Morsel')
    cd /tmp/morsel-286-mutation-qcdw70bm/issue-286-hero/app
    /Applications/Xcode.app/Contents/Developer/usr/bin/copypng -compress -strip-PNG-text /tmp/morsel-286-mutation-qcdw70bm/issue-286-hero/app/Resources/FoodArt/gravy-paper-64.png /tmp/morsel-286-dd/Build/Products/Debug-iphonesimulator/Morsel.app/gravy-paper-64.png

CopyPNGFile /tmp/morsel-286-dd/Build/Products/Debug-iphonesimulator/Morsel.app/gravy-night-64.png /tmp/morsel-286-mutation-qcdw70bm/issue-286-hero/app/Resources/FoodArt/gravy-night-64.png (in target 'Morsel' from project 'Morsel')
    cd /tmp/morsel-286-mutation-qcdw70bm/issue-286-hero/app
    /Applications/Xcode.app/Contents/Developer/usr/bin/copypng -compress -strip-PNG-text /tmp/morsel-286-mutation-qcdw70bm/issue-286-hero/app/Resources/FoodArt/gravy-night-64.png /tmp/morsel-286-dd/Build/Products/Debug-iphonesimulator/Morsel.app/gravy-night-64.png

CopyPNGFile /tmp/morsel-286-dd/Build/Products/Debug-iphonesimulator/Morsel.app/grapes-paper-64.png /tmp/morsel-286-mutation-qcdw70bm/issue-286-hero/app/Resources/FoodArt/grapes-paper-64.png (in target 'Morsel' from project 'Morsel')
    cd /tmp/morsel-286-mutation-qcdw70bm/issue-286-hero/app
    /Applications/Xcode.app/Contents/Developer/usr/bin/copypng -compress -strip-PNG-text /tmp/morsel-286-mutation-qcdw70bm/issue-286-hero/app/Resources/FoodArt/grapes-paper-64.png /tmp/morsel-286-dd/Build/Products/Debug-iphonesimulator/Morsel.app/grapes-paper-64.png

CopyPNGFile /tmp/morsel-286-dd/Build/Products/Debug-iphonesimulator/Morsel.app/grapes-night-64.png /tmp/morsel-286-mutation-qcdw70bm/issue-286-hero/app/Resources/FoodArt/grapes-night-64.png (in target 'Morsel' from project 'Morsel')
    cd /tmp/morsel-286-mutation-qcdw70bm/issue-286-hero/app
    /Applications/Xcode.app/Contents/Developer/usr/bin/copypng -compress -strip-PNG-text /tmp/morsel-286-mutation-qcdw70bm/issue-286-hero/app/Resources/FoodArt/grapes-night-64.png /tmp/morsel-286-dd/Build/Products/Debug-iphonesimulator/Morsel.app/grapes-night-64.png

CopyPNGFile /tmp/morsel-286-dd/Build/Products/Debug-iphonesimulator/Morsel.app/fried-rice-paper-64.png /tmp/morsel-286-mutation-qcdw70bm/issue-286-hero/app/Resources/FoodArt/fried-rice-paper-64.png (in target 'Morsel' from project 'Morsel')
    cd /tmp/morsel-286-mutation-qcdw70bm/issue-286-hero/app
    /Applications/Xcode.app/Contents/Developer/usr/bin/copypng -compress -strip-PNG-text /tmp/morsel-286-mutation-qcdw70bm/issue-286-hero/app/Resources/FoodArt/fried-rice-paper-64.png /tmp/morsel-286-dd/Build/Products/Debug-iphonesimulator/Morsel.app/fried-rice-paper-64.png

CopyPNGFile /tmp/morsel-286-dd/Build/Products/Debug-iphonesimulator/Morsel.app/fried-rice-night-64.png /tmp/morsel-286-mutation-qcdw70bm/issue-286-hero/app/Resources/FoodArt/fried-rice-night-64.png (in target 'Morsel' from project 'Morsel')
    cd /tmp/morsel-286-mutation-qcdw70bm/issue-286-hero/app
    /Applications/Xcode.app/Contents/Developer/usr/bin/copypng -compress -strip-PNG-text /tmp/morsel-286-mutation-qcdw70bm/issue-286-hero/app/Resources/FoodArt/fried-rice-night-64.png /tmp/morsel-286-dd/Build/Products/Debug-iphonesimulator/Morsel.app/fried-rice-night-64.png

CopyPNGFile /tmp/morsel-286-dd/Build/Products/Debug-iphonesimulator/Morsel.app/fried-egg-paper-64.png /tmp/morsel-286-mutation-qcdw70bm/issue-286-hero/app/Resources/FoodArt/fried-egg-paper-64.png (in target 'Morsel' from project 'Morsel')
    cd /tmp/morsel-286-mutation-qcdw70bm/issue-286-hero/app
    /Applications/Xcode.app/Contents/Developer/usr/bin/copypng -compress -strip-PNG-text /tmp/morsel-286-mutation-qcdw70bm/issue-286-hero/app/Resources/FoodArt/fried-egg-paper-64.png /tmp/morsel-286-dd/Build/Products/Debug-iphonesimulator/Morsel.app/fried-egg-paper-64.png

CopyPNGFile /tmp/morsel-286-dd/Build/Products/Debug-iphonesimulator/Morsel.app/fried-egg-night-64.png /tmp/morsel-286-mutation-qcdw70bm/issue-286-hero/app/Resources/FoodArt/fried-egg-night-64.png (in target 'Morsel' from project 'Morsel')
    cd /tmp/morsel-286-mutation-qcdw70bm/issue-286-hero/app
    /Applications/Xcode.app/Contents/Developer/usr/bin/copypng -compress -strip-PNG-text /tmp/morsel-286-mutation-qcdw70bm/issue-286-hero/app/Resources/FoodArt/fried-egg-night-64.png /tmp/morsel-286-dd/Build/Products/Debug-iphonesimulator/Morsel.app/fried-egg-night-64.png

CopyPNGFile /tmp/morsel-286-dd/Build/Products/Debug-iphonesimulator/Morsel.app/fried-chicken-paper-64.png /tmp/morsel-286-mutation-qcdw70bm/issue-286-hero/app/Resources/FoodArt/fried-chicken-paper-64.png (in target 'Morsel' from project 'Morsel')
    cd /tmp/morsel-286-mutation-qcdw70bm/issue-286-hero/app
    /Applications/Xcode.app/Contents/Developer/usr/bin/copypng -compress -strip-PNG-text /tmp/morsel-286-mutation-qcdw70bm/issue-286-hero/app/Resources/FoodArt/fried-chicken-paper-64.png /tmp/morsel-286-dd/Build/Products/Debug-iphonesimulator/Morsel.app/fried-chicken-paper-64.png

CopyPNGFile /tmp/morsel-286-dd/Build/Products/Debug-iphonesimulator/Morsel.app/fried-chicken-night-64.png /tmp/morsel-286-mutation-qcdw70bm/issue-286-hero/app/Resources/FoodArt/fried-chicken-night-64.png (in target 'Morsel' from project 'Morsel')
    cd /tmp/morsel-286-mutation-qcdw70bm/issue-286-hero/app
    /Applications/Xcode.app/Contents/Developer/usr/bin/copypng -compress -strip-PNG-text /tmp/morsel-286-mutation-qcdw70bm/issue-286-hero/app/Resources/FoodArt/fried-chicken-night-64.png /tmp/morsel-286-dd/Build/Products/Debug-iphonesimulator/Morsel.app/fried-chicken-night-64.png

CopyPNGFile /tmp/morsel-286-dd/Build/Products/Debug-iphonesimulator/Morsel.app/french-fries-paper-64.png /tmp/morsel-286-mutation-qcdw70bm/issue-286-hero/app/Resources/FoodArt/french-fries-paper-64.png (in target 'Morsel' from project 'Morsel')
    cd /tmp/morsel-286-mutation-qcdw70bm/issue-286-hero/app
    /Applications/Xcode.app/Contents/Developer/usr/bin/copypng -compress -strip-PNG-text /tmp/morsel-286-mutation-qcdw70bm/issue-286-hero/app/Resources/FoodArt/french-fries-paper-64.png /tmp/morsel-286-dd/Build/Products/Debug-iphonesimulator/Morsel.app/french-fries-paper-64.png

CopyPNGFile /tmp/morsel-286-dd/Build/Products/Debug-iphonesimulator/Morsel.app/french-fries-night-64.png /tmp/morsel-286-mutation-qcdw70bm/issue-286-hero/app/Resources/FoodArt/french-fries-night-64.png (in target 'Morsel' from project 'Morsel')
    cd /tmp/morsel-286-mutation-qcdw70bm/issue-286-hero/app
    /Applications/Xcode.app/Contents/Developer/usr/bin/copypng -compress -strip-PNG-text /tmp/morsel-286-mutation-qcdw70bm/issue-286-hero/app/Resources/FoodArt/french-fries-night-64.png /tmp/morsel-286-dd/Build/Products/Debug-iphonesimulator/Morsel.app/french-fries-night-64.png

CopyPNGFile /tmp/morsel-286-dd/Build/Products/Debug-iphonesimulator/Morsel.app/focaccia-paper-64.png /tmp/morsel-286-mutation-qcdw70bm/issue-286-hero/app/Resources/FoodArt/focaccia-paper-64.png (in target 'Morsel' from project 'Morsel')
    cd /tmp/morsel-286-mutation-qcdw70bm/issue-286-hero/app
    /Applications/Xcode.app/Contents/Developer/usr/bin/copypng -compress -strip-PNG-text /tmp/morsel-286-mutation-qcdw70bm/issue-286-hero/app/Resources/FoodArt/focaccia-paper-64.png /tmp/morsel-286-dd/Build/Products/Debug-iphonesimulator/Morsel.app/focaccia-paper-64.png

CopyPNGFile /tmp/morsel-286-dd/Build/Products/Debug-iphonesimulator/Morsel.app/focaccia-night-64.png /tmp/morsel-286-mutation-qcdw70bm/issue-286-hero/app/Resources/FoodArt/focaccia-night-64.png (in target 'Morsel' from project 'Morsel')
    cd /tmp/morsel-286-mutation-qcdw70bm/issue-286-hero/app
    /Applications/Xcode.app/Contents/Developer/usr/bin/copypng -compress -strip-PNG-text /tmp/morsel-286-mutation-qcdw70bm/issue-286-hero/app/Resources/FoodArt/focaccia-night-64.png /tmp/morsel-286-dd/Build/Products/Debug-iphonesimulator/Morsel.app/focaccia-night-64.png

CopyPNGFile /tmp/morsel-286-dd/Build/Products/Debug-iphonesimulator/Morsel.app/fallback-sweets-paper-64.png /tmp/morsel-286-mutation-qcdw70bm/issue-286-hero/app/Resources/FoodArt/fallback-sweets-paper-64.png (in target 'Morsel' from project 'Morsel')
    cd /tmp/morsel-286-mutation-qcdw70bm/issue-286-hero/app
    /Applications/Xcode.app/Contents/Developer/usr/bin/copypng -compress -strip-PNG-text /tmp/morsel-286-mutation-qcdw70bm/issue-286-hero/app/Resources/FoodArt/fallback-sweets-paper-64.png /tmp/morsel-286-dd/Build/Products/Debug-iphonesimulator/Morsel.app/fallback-sweets-paper-64.png

CopyPNGFile /tmp/morsel-286-dd/Build/Products/Debug-iphonesimulator/Morsel.app/fallback-sweets-night-64.png /tmp/morsel-286-mutation-qcdw70bm/issue-286-hero/app/Resources/FoodArt/fallback-sweets-night-64.png (in target 'Morsel' from project 'Morsel')
    cd /tmp/morsel-286-mutation-qcdw70bm/issue-286-hero/app
    /Applications/Xcode.app/Contents/Developer/usr/bin/copypng -compress -strip-PNG-text /tmp/morsel-286-mutation-qcdw70bm/issue-286-hero/app/Resources/FoodArt/fallback-sweets-night-64.png /tmp/morsel-286-dd/Build/Products/Debug-iphonesimulator/Morsel.app/fallback-sweets-night-64.png

CopyPNGFile /tmp/morsel-286-dd/Build/Products/Debug-iphonesimulator/Morsel.app/fallback-soup-paper-64.png /tmp/morsel-286-mutation-qcdw70bm/issue-286-hero/app/Resources/FoodArt/fallback-soup-paper-64.png (in target 'Morsel' from project 'Morsel')
    cd /tmp/morsel-286-mutation-qcdw70bm/issue-286-hero/app
    /Applications/Xcode.app/Contents/Developer/usr/bin/copypng -compress -strip-PNG-text /tmp/morsel-286-mutation-qcdw70bm/issue-286-hero/app/Resources/FoodArt/fallback-soup-paper-64.png /tmp/morsel-286-dd/Build/Products/Debug-iphonesimulator/Morsel.app/fallback-soup-paper-64.png

CopyPNGFile /tmp/morsel-286-dd/Build/Products/Debug-iphonesimulator/Morsel.app/fallback-soup-night-64.png /tmp/morsel-286-mutation-qcdw70bm/issue-286-hero/app/Resources/FoodArt/fallback-soup-night-64.png (in target 'Morsel' from project 'Morsel')
    cd /tmp/morsel-286-mutation-qcdw70bm/issue-286-hero/app
    /Applications/Xcode.app/Contents/Developer/usr/bin/copypng -compress -strip-PNG-text /tmp/morsel-286-mutation-qcdw70bm/issue-286-hero/app/Resources/FoodArt/fallback-soup-night-64.png /tmp/morsel-286-dd/Build/Products/Debug-iphonesimulator/Morsel.app/fallback-soup-night-64.png

CopyPNGFile /tmp/morsel-286-dd/Build/Products/Debug-iphonesimulator/Morsel.app/fallback-protein-paper-64.png /tmp/morsel-286-mutation-qcdw70bm/issue-286-hero/app/Resources/FoodArt/fallback-protein-paper-64.png (in target 'Morsel' from project 'Morsel')
    cd /tmp/morsel-286-mutation-qcdw70bm/issue-286-hero/app
    /Applications/Xcode.app/Contents/Developer/usr/bin/copypng -compress -strip-PNG-text /tmp/morsel-286-mutation-qcdw70bm/issue-286-hero/app/Resources/FoodArt/fallback-protein-paper-64.png /tmp/morsel-286-dd/Build/Products/Debug-iphonesimulator/Morsel.app/fallback-protein-paper-64.png

CopyPNGFile /tmp/morsel-286-dd/Build/Products/Debug-iphonesimulator/Morsel.app/fallback-protein-night-64.png /tmp/morsel-286-mutation-qcdw70bm/issue-286-hero/app/Resources/FoodArt/fallback-protein-night-64.png (in target 'Morsel' from project 'Morsel')
    cd /tmp/morsel-286-mutation-qcdw70bm/issue-286-hero/app
    /Applications/Xcode.app/Contents/Developer/usr/bin/copypng -compress -strip-PNG-text /tmp/morsel-286-mutation-qcdw70bm/issue-286-hero/app/Resources/FoodArt/fallback-protein-night-64.png /tmp/morsel-286-dd/Build/Products/Debug-iphonesimulator/Morsel.app/fallback-protein-night-64.png

CopyPNGFile /tmp/morsel-286-dd/Build/Products/Debug-iphonesimulator/Morsel.app/fallback-produce-paper-64.png /tmp/morsel-286-mutation-qcdw70bm/issue-286-hero/app/Resources/FoodArt/fallback-produce-paper-64.png (in target 'Morsel' from project 'Morsel')
    cd /tmp/morsel-286-mutation-qcdw70bm/issue-286-hero/app
    /Applications/Xcode.app/Contents/Developer/usr/bin/copypng -compress -strip-PNG-text /tmp/morsel-286-mutation-qcdw70bm/issue-286-hero/app/Resources/FoodArt/fallback-produce-paper-64.png /tmp/morsel-286-dd/Build/Products/Debug-iphonesimulator/Morsel.app/fallback-produce-paper-64.png

CopyPNGFile /tmp/morsel-286-dd/Build/Products/Debug-iphonesimulator/Morsel.app/fallback-produce-night-64.png /tmp/morsel-286-mutation-qcdw70bm/issue-286-hero/app/Resources/FoodArt/fallback-produce-night-64.png (in target 'Morsel' from project 'Morsel')
    cd /tmp/morsel-286-mutation-qcdw70bm/issue-286-hero/app
    /Applications/Xcode.app/Contents/Developer/usr/bin/copypng -compress -strip-PNG-text /tmp/morsel-286-mutation-qcdw70bm/issue-286-hero/app/Resources/FoodArt/fallback-produce-night-64.png /tmp/morsel-286-dd/Build/Products/Debug-iphonesimulator/Morsel.app/fallback-produce-night-64.png

CopyPNGFile /tmp/morsel-286-dd/Build/Products/Debug-iphonesimulator/Morsel.app/fallback-prepared-paper-64.png /tmp/morsel-286-mutation-qcdw70bm/issue-286-hero/app/Resources/FoodArt/fallback-prepared-paper-64.png (in target 'Morsel' from project 'Morsel')
    cd /tmp/morsel-286-mutation-qcdw70bm/issue-286-hero/app
    /Applications/Xcode.app/Contents/Developer/usr/bin/copypng -compress -strip-PNG-text /tmp/morsel-286-mutation-qcdw70bm/issue-286-hero/app/Resources/FoodArt/fallback-prepared-paper-64.png /tmp/morsel-286-dd/Build/Products/Debug-iphonesimulator/Morsel.app/fallback-prepared-paper-64.png

CopyPNGFile /tmp/morsel-286-dd/Build/Products/Debug-iphonesimulator/Morsel.app/fallback-prepared-night-64.png /tmp/morsel-286-mutation-qcdw70bm/issue-286-hero/app/Resources/FoodArt/fallback-prepared-night-64.png (in target 'Morsel' from project 'Morsel')
    cd /tmp/morsel-286-mutation-qcdw70bm/issue-286-hero/app
    /Applications/Xcode.app/Contents/Developer/usr/bin/copypng -compress -strip-PNG-text /tmp/morsel-286-mutation-qcdw70bm/issue-286-hero/app/Resources/FoodArt/fallback-prepared-night-64.png /tmp/morsel-286-dd/Build/Products/Debug-iphonesimulator/Morsel.app/fallback-prepared-night-64.png

CopyPNGFile /tmp/morsel-286-dd/Build/Products/Debug-iphonesimulator/Morsel.app/fallback-neutral-paper-64.png /tmp/morsel-286-mutation-qcdw70bm/issue-286-hero/app/Resources/FoodArt/fallback-neutral-paper-64.png (in target 'Morsel' from project 'Morsel')
    cd /tmp/morsel-286-mutation-qcdw70bm/issue-286-hero/app
    /Applications/Xcode.app/Contents/Developer/usr/bin/copypng -compress -strip-PNG-text /tmp/morsel-286-mutation-qcdw70bm/issue-286-hero/app/Resources/FoodArt/fallback-neutral-paper-64.png /tmp/morsel-286-dd/Build/Products/Debug-iphonesimulator/Morsel.app/fallback-neutral-paper-64.png

CopyPNGFile /tmp/morsel-286-dd/Build/Products/Debug-iphonesimulator/Morsel.app/fallback-neutral-night-64.png /tmp/morsel-286-mutation-qcdw70bm/issue-286-hero/app/Resources/FoodArt/fallback-neutral-night-64.png (in target 'Morsel' from project 'Morsel')
    cd /tmp/morsel-286-mutation-qcdw70bm/issue-286-hero/app
    /Applications/Xcode.app/Contents/Developer/usr/bin/copypng -compress -strip-PNG-text /tmp/morsel-286-mutation-qcdw70bm/issue-286-hero/app/Resources/FoodArt/fallback-neutral-night-64.png /tmp/morsel-286-dd/Build/Products/Debug-iphonesimulator/Morsel.app/fallback-neutral-night-64.png

CopyPNGFile /tmp/morsel-286-dd/Build/Products/Debug-iphonesimulator/Morsel.app/fallback-grains-paper-64.png /tmp/morsel-286-mutation-qcdw70bm/issue-286-hero/app/Resources/FoodArt/fallback-grains-paper-64.png (in target 'Morsel' from project 'Morsel')
    cd /tmp/morsel-286-mutation-qcdw70bm/issue-286-hero/app
    /Applications/Xcode.app/Contents/Developer/usr/bin/copypng -compress -strip-PNG-text /tmp/morsel-286-mutation-qcdw70bm/issue-286-hero/app/Resources/FoodArt/fallback-grains-paper-64.png /tmp/morsel-286-dd/Build/Products/Debug-iphonesimulator/Morsel.app/fallback-grains-paper-64.png

CopyPNGFile /tmp/morsel-286-dd/Build/Products/Debug-iphonesimulator/Morsel.app/fallback-grains-night-64.png /tmp/morsel-286-mutation-qcdw70bm/issue-286-hero/app/Resources/FoodArt/fallback-grains-night-64.png (in target 'Morsel' from project 'Morsel')
    cd /tmp/morsel-286-mutation-qcdw70bm/issue-286-hero/app
    /Applications/Xcode.app/Contents/Developer/usr/bin/copypng -compress -strip-PNG-text /tmp/morsel-286-mutation-qcdw70bm/issue-286-hero/app/Resources/FoodArt/fallback-grains-night-64.png /tmp/morsel-286-dd/Build/Products/Debug-iphonesimulator/Morsel.app/fallback-grains-night-64.png

CopyPNGFile /tmp/morsel-286-dd/Build/Products/Debug-iphonesimulator/Morsel.app/fallback-drinks-paper-64.png /tmp/morsel-286-mutation-qcdw70bm/issue-286-hero/app/Resources/FoodArt/fallback-drinks-paper-64.png (in target 'Morsel' from project 'Morsel')
    cd /tmp/morsel-286-mutation-qcdw70bm/issue-286-hero/app
    /Applications/Xcode.app/Contents/Developer/usr/bin/copypng -compress -strip-PNG-text /tmp/morsel-286-mutation-qcdw70bm/issue-286-hero/app/Resources/FoodArt/fallback-drinks-paper-64.png /tmp/morsel-286-dd/Build/Products/Debug-iphonesimulator/Morsel.app/fallback-drinks-paper-64.png

CopyPNGFile /tmp/morsel-286-dd/Build/Products/Debug-iphonesimulator/Morsel.app/fallback-drinks-night-64.png /tmp/morsel-286-mutation-qcdw70bm/issue-286-hero/app/Resources/FoodArt/fallback-drinks-night-64.png (in target 'Morsel' from project 'Morsel')
    cd /tmp/morsel-286-mutation-qcdw70bm/issue-286-hero/app
    /Applications/Xcode.app/Contents/Developer/usr/bin/copypng -compress -strip-PNG-text /tmp/morsel-286-mutation-qcdw70bm/issue-286-hero/app/Resources/FoodArt/fallback-drinks-night-64.png /tmp/morsel-286-dd/Build/Products/Debug-iphonesimulator/Morsel.app/fallback-drinks-night-64.png

CopyPNGFile /tmp/morsel-286-dd/Build/Products/Debug-iphonesimulator/Morsel.app/fallback-dairy-paper-64.png /tmp/morsel-286-mutation-qcdw70bm/issue-286-hero/app/Resources/FoodArt/fallback-dairy-paper-64.png (in target 'Morsel' from project 'Morsel')
    cd /tmp/morsel-286-mutation-qcdw70bm/issue-286-hero/app
    /Applications/Xcode.app/Contents/Developer/usr/bin/copypng -compress -strip-PNG-text /tmp/morsel-286-mutation-qcdw70bm/issue-286-hero/app/Resources/FoodArt/fallback-dairy-paper-64.png /tmp/morsel-286-dd/Build/Products/Debug-iphonesimulator/Morsel.app/fallback-dairy-paper-64.png

CopyPNGFile /tmp/morsel-286-dd/Build/Products/Debug-iphonesimulator/Morsel.app/fallback-dairy-night-64.png /tmp/morsel-286-mutation-qcdw70bm/issue-286-hero/app/Resources/FoodArt/fallback-dairy-night-64.png (in target 'Morsel' from project 'Morsel')
    cd /tmp/morsel-286-mutation-qcdw70bm/issue-286-hero/app
    /Applications/Xcode.app/Contents/Developer/usr/bin/copypng -compress -strip-PNG-text /tmp/morsel-286-mutation-qcdw70bm/issue-286-hero/app/Resources/FoodArt/fallback-dairy-night-64.png /tmp/morsel-286-dd/Build/Products/Debug-iphonesimulator/Morsel.app/fallback-dairy-night-64.png

CopyPNGFile /tmp/morsel-286-dd/Build/Products/Debug-iphonesimulator/Morsel.app/fallback-condiments-paper-64.png /tmp/morsel-286-mutation-qcdw70bm/issue-286-hero/app/Resources/FoodArt/fallback-condiments-paper-64.png (in target 'Morsel' from project 'Morsel')
    cd /tmp/morsel-286-mutation-qcdw70bm/issue-286-hero/app
    /Applications/Xcode.app/Contents/Developer/usr/bin/copypng -compress -strip-PNG-text /tmp/morsel-286-mutation-qcdw70bm/issue-286-hero/app/Resources/FoodArt/fallback-condiments-paper-64.png /tmp/morsel-286-dd/Build/Products/Debug-iphonesimulator/Morsel.app/fallback-condiments-paper-64.png

CopyPNGFile /tmp/morsel-286-dd/Build/Products/Debug-iphonesimulator/Morsel.app/fallback-condiments-night-64.png /tmp/morsel-286-mutation-qcdw70bm/issue-286-hero/app/Resources/FoodArt/fallback-condiments-night-64.png (in target 'Morsel' from project 'Morsel')
    cd /tmp/morsel-286-mutation-qcdw70bm/issue-286-hero/app
    /Applications/Xcode.app/Contents/Developer/usr/bin/copypng -compress -strip-PNG-text /tmp/morsel-286-mutation-qcdw70bm/issue-286-hero/app/Resources/FoodArt/fallback-condiments-night-64.png /tmp/morsel-286-dd/Build/Products/Debug-iphonesimulator/Morsel.app/fallback-condiments-night-64.png

CopyPNGFile /tmp/morsel-286-dd/Build/Products/Debug-iphonesimulator/Morsel.app/eggplant-paper-64.png /tmp/morsel-286-mutation-qcdw70bm/issue-286-hero/app/Resources/FoodArt/eggplant-paper-64.png (in target 'Morsel' from project 'Morsel')
    cd /tmp/morsel-286-mutation-qcdw70bm/issue-286-hero/app
    /Applications/Xcode.app/Contents/Developer/usr/bin/copypng -compress -strip-PNG-text /tmp/morsel-286-mutation-qcdw70bm/issue-286-hero/app/Resources/FoodArt/eggplant-paper-64.png /tmp/morsel-286-dd/Build/Products/Debug-iphonesimulator/Morsel.app/eggplant-paper-64.png

CopyPNGFile /tmp/morsel-286-dd/Build/Products/Debug-iphonesimulator/Morsel.app/eggplant-night-64.png /tmp/morsel-286-mutation-qcdw70bm/issue-286-hero/app/Resources/FoodArt/eggplant-night-64.png (in target 'Morsel' from project 'Morsel')
    cd /tmp/morsel-286-mutation-qcdw70bm/issue-286-hero/app
    /Applications/Xcode.app/Contents/Developer/usr/bin/copypng -compress -strip-PNG-text /tmp/morsel-286-mutation-qcdw70bm/issue-286-hero/app/Resources/FoodArt/eggplant-night-64.png /tmp/morsel-286-dd/Build/Products/Debug-iphonesimulator/Morsel.app/eggplant-night-64.png

CopyPNGFile /tmp/morsel-286-dd/Build/Products/Debug-iphonesimulator/Morsel.app/egg-paper-64.png /tmp/morsel-286-mutation-qcdw70bm/issue-286-hero/app/Resources/FoodArt/egg-paper-64.png (in target 'Morsel' from project 'Morsel')
    cd /tmp/morsel-286-mutation-qcdw70bm/issue-286-hero/app
    /Applications/Xcode.app/Contents/Developer/usr/bin/copypng -compress -strip-PNG-text /tmp/morsel-286-mutation-qcdw70bm/issue-286-hero/app/Resources/FoodArt/egg-paper-64.png /tmp/morsel-286-dd/Build/Products/Debug-iphonesimulator/Morsel.app/egg-paper-64.png

CopyPNGFile /tmp/morsel-286-dd/Build/Products/Debug-iphonesimulator/Morsel.app/egg-night-64.png /tmp/morsel-286-mutation-qcdw70bm/issue-286-hero/app/Resources/FoodArt/egg-night-64.png (in target 'Morsel' from project 'Morsel')
    cd /tmp/morsel-286-mutation-qcdw70bm/issue-286-hero/app
    /Applications/Xcode.app/Contents/Developer/usr/bin/copypng -compress -strip-PNG-text /tmp/morsel-286-mutation-qcdw70bm/issue-286-hero/app/Resources/FoodArt/egg-night-64.png /tmp/morsel-286-dd/Build/Products/Debug-iphonesimulator/Morsel.app/egg-night-64.png

CopyPNGFile /tmp/morsel-286-dd/Build/Products/Debug-iphonesimulator/Morsel.app/dumplings-paper-64.png /tmp/morsel-286-mutation-qcdw70bm/issue-286-hero/app/Resources/FoodArt/dumplings-paper-64.png (in target 'Morsel' from project 'Morsel')
    cd /tmp/morsel-286-mutation-qcdw70bm/issue-286-hero/app
    /Applications/Xcode.app/Contents/Developer/usr/bin/copypng -compress -strip-PNG-text /tmp/morsel-286-mutation-qcdw70bm/issue-286-hero/app/Resources/FoodArt/dumplings-paper-64.png /tmp/morsel-286-dd/Build/Products/Debug-iphonesimulator/Morsel.app/dumplings-paper-64.png

CopyPNGFile /tmp/morsel-286-dd/Build/Products/Debug-iphonesimulator/Morsel.app/dumplings-night-64.png /tmp/morsel-286-mutation-qcdw70bm/issue-286-hero/app/Resources/FoodArt/dumplings-night-64.png (in target 'Morsel' from project 'Morsel')
    cd /tmp/morsel-286-mutation-qcdw70bm/issue-286-hero/app
    /Applications/Xcode.app/Contents/Developer/usr/bin/copypng -compress -strip-PNG-text /tmp/morsel-286-mutation-qcdw70bm/issue-286-hero/app/Resources/FoodArt/dumplings-night-64.png /tmp/morsel-286-dd/Build/Products/Debug-iphonesimulator/Morsel.app/dumplings-night-64.png

CopyPNGFile /tmp/morsel-286-dd/Build/Products/Debug-iphonesimulator/Morsel.app/dragon-fruit-paper-64.png /tmp/morsel-286-mutation-qcdw70bm/issue-286-hero/app/Resources/FoodArt/dragon-fruit-paper-64.png (in target 'Morsel' from project 'Morsel')
    cd /tmp/morsel-286-mutation-qcdw70bm/issue-286-hero/app
    /Applications/Xcode.app/Contents/Developer/usr/bin/copypng -compress -strip-PNG-text /tmp/morsel-286-mutation-qcdw70bm/issue-286-hero/app/Resources/FoodArt/dragon-fruit-paper-64.png /tmp/morsel-286-dd/Build/Products/Debug-iphonesimulator/Morsel.app/dragon-fruit-paper-64.png

CopyPNGFile /tmp/morsel-286-dd/Build/Products/Debug-iphonesimulator/Morsel.app/dragon-fruit-night-64.png /tmp/morsel-286-mutation-qcdw70bm/issue-286-hero/app/Resources/FoodArt/dragon-fruit-night-64.png (in target 'Morsel' from project 'Morsel')
    cd /tmp/morsel-286-mutation-qcdw70bm/issue-286-hero/app
    /Applications/Xcode.app/Contents/Developer/usr/bin/copypng -compress -strip-PNG-text /tmp/morsel-286-mutation-qcdw70bm/issue-286-hero/app/Resources/FoodArt/dragon-fruit-night-64.png /tmp/morsel-286-dd/Build/Products/Debug-iphonesimulator/Morsel.app/dragon-fruit-night-64.png

CopyPNGFile /tmp/morsel-286-dd/Build/Products/Debug-iphonesimulator/Morsel.app/donut-paper-64.png /tmp/morsel-286-mutation-qcdw70bm/issue-286-hero/app/Resources/FoodArt/donut-paper-64.png (in target 'Morsel' from project 'Morsel')
    cd /tmp/morsel-286-mutation-qcdw70bm/issue-286-hero/app
    /Applications/Xcode.app/Contents/Developer/usr/bin/copypng -compress -strip-PNG-text /tmp/morsel-286-mutation-qcdw70bm/issue-286-hero/app/Resources/FoodArt/donut-paper-64.png /tmp/morsel-286-dd/Build/Products/Debug-iphonesimulator/Morsel.app/donut-paper-64.png

CopyPNGFile /tmp/morsel-286-dd/Build/Products/Debug-iphonesimulator/Morsel.app/donut-night-64.png /tmp/morsel-286-mutation-qcdw70bm/issue-286-hero/app/Resources/FoodArt/donut-night-64.png (in target 'Morsel' from project 'Morsel')
    cd /tmp/morsel-286-mutation-qcdw70bm/issue-286-hero/app
    /Applications/Xcode.app/Contents/Developer/usr/bin/copypng -compress -strip-PNG-text /tmp/morsel-286-mutation-qcdw70bm/issue-286-hero/app/Resources/FoodArt/donut-night-64.png /tmp/morsel-286-dd/Build/Products/Debug-iphonesimulator/Morsel.app/donut-night-64.png

CopyPNGFile /tmp/morsel-286-dd/Build/Products/Debug-iphonesimulator/Morsel.app/curry-paper-64.png /tmp/morsel-286-mutation-qcdw70bm/issue-286-hero/app/Resources/FoodArt/curry-paper-64.png (in target 'Morsel' from project 'Morsel')
    cd /tmp/morsel-286-mutation-qcdw70bm/issue-286-hero/app
    /Applications/Xcode.app/Contents/Developer/usr/bin/copypng -compress -strip-PNG-text /tmp/morsel-286-mutation-qcdw70bm/issue-286-hero/app/Resources/FoodArt/curry-paper-64.png /tmp/morsel-286-dd/Build/Products/Debug-iphonesimulator/Morsel.app/curry-paper-64.png

CopyPNGFile /tmp/morsel-286-dd/Build/Products/Debug-iphonesimulator/Morsel.app/curry-night-64.png /tmp/morsel-286-mutation-qcdw70bm/issue-286-hero/app/Resources/FoodArt/curry-night-64.png (in target 'Morsel' from project 'Morsel')
    cd /tmp/morsel-286-mutation-qcdw70bm/issue-286-hero/app
    /Applications/Xcode.app/Contents/Developer/usr/bin/copypng -compress -strip-PNG-text /tmp/morsel-286-mutation-qcdw70bm/issue-286-hero/app/Resources/FoodArt/curry-night-64.png /tmp/morsel-286-dd/Build/Products/Debug-iphonesimulator/Morsel.app/curry-night-64.png

CopyPNGFile /tmp/morsel-286-dd/Build/Products/Debug-iphonesimulator/Morsel.app/cucumber-paper-64.png /tmp/morsel-286-mutation-qcdw70bm/issue-286-hero/app/Resources/FoodArt/cucumber-paper-64.png (in target 'Morsel' from project 'Morsel')
    cd /tmp/morsel-286-mutation-qcdw70bm/issue-286-hero/app
    /Applications/Xcode.app/Contents/Developer/usr/bin/copypng -compress -strip-PNG-text /tmp/morsel-286-mutation-qcdw70bm/issue-286-hero/app/Resources/FoodArt/cucumber-paper-64.png /tmp/morsel-286-dd/Build/Products/Debug-iphonesimulator/Morsel.app/cucumber-paper-64.png

CopyPNGFile /tmp/morsel-286-dd/Build/Products/Debug-iphonesimulator/Morsel.app/cucumber-night-64.png /tmp/morsel-286-mutation-qcdw70bm/issue-286-hero/app/Resources/FoodArt/cucumber-night-64.png (in target 'Morsel' from project 'Morsel')
    cd /tmp/morsel-286-mutation-qcdw70bm/issue-286-hero/app
    /Applications/Xcode.app/Contents/Developer/usr/bin/copypng -compress -strip-PNG-text /tmp/morsel-286-mutation-qcdw70bm/issue-286-hero/app/Resources/FoodArt/cucumber-night-64.png /tmp/morsel-286-dd/Build/Products/Debug-iphonesimulator/Morsel.app/cucumber-night-64.png

CopyPNGFile /tmp/morsel-286-dd/Build/Products/Debug-iphonesimulator/Morsel.app/croissant-paper-64.png /tmp/morsel-286-mutation-qcdw70bm/issue-286-hero/app/Resources/FoodArt/croissant-paper-64.png (in target 'Morsel' from project 'Morsel')
    cd /tmp/morsel-286-mutation-qcdw70bm/issue-286-hero/app
    /Applications/Xcode.app/Contents/Developer/usr/bin/copypng -compress -strip-PNG-text /tmp/morsel-286-mutation-qcdw70bm/issue-286-hero/app/Resources/FoodArt/croissant-paper-64.png /tmp/morsel-286-dd/Build/Products/Debug-iphonesimulator/Morsel.app/croissant-paper-64.png

CopyPNGFile /tmp/morsel-286-dd/Build/Products/Debug-iphonesimulator/Morsel.app/croissant-night-64.png /tmp/morsel-286-mutation-qcdw70bm/issue-286-hero/app/Resources/FoodArt/croissant-night-64.png (in target 'Morsel' from project 'Morsel')
    cd /tmp/morsel-286-mutation-qcdw70bm/issue-286-hero/app
    /Applications/Xcode.app/Contents/Developer/usr/bin/copypng -compress -strip-PNG-text /tmp/morsel-286-mutation-qcdw70bm/issue-286-hero/app/Resources/FoodArt/croissant-night-64.png /tmp/morsel-286-dd/Build/Products/Debug-iphonesimulator/Morsel.app/croissant-night-64.png

CopyPNGFile /tmp/morsel-286-dd/Build/Products/Debug-iphonesimulator/Morsel.app/corn-paper-64.png /tmp/morsel-286-mutation-qcdw70bm/issue-286-hero/app/Resources/FoodArt/corn-paper-64.png (in target 'Morsel' from project 'Morsel')
    cd /tmp/morsel-286-mutation-qcdw70bm/issue-286-hero/app
    /Applications/Xcode.app/Contents/Developer/usr/bin/copypng -compress -strip-PNG-text /tmp/morsel-286-mutation-qcdw70bm/issue-286-hero/app/Resources/FoodArt/corn-paper-64.png /tmp/morsel-286-dd/Build/Products/Debug-iphonesimulator/Morsel.app/corn-paper-64.png

CopyPNGFile /tmp/morsel-286-dd/Build/Products/Debug-iphonesimulator/Morsel.app/corn-night-64.png /tmp/morsel-286-mutation-qcdw70bm/issue-286-hero/app/Resources/FoodArt/corn-night-64.png (in target 'Morsel' from project 'Morsel')
    cd /tmp/morsel-286-mutation-qcdw70bm/issue-286-hero/app
    /Applications/Xcode.app/Contents/Developer/usr/bin/copypng -compress -strip-PNG-text /tmp/morsel-286-mutation-qcdw70bm/issue-286-hero/app/Resources/FoodArt/corn-night-64.png /tmp/morsel-286-dd/Build/Products/Debug-iphonesimulator/Morsel.app/corn-night-64.png

CopyPNGFile /tmp/morsel-286-dd/Build/Products/Debug-iphonesimulator/Morsel.app/cooking-oil-paper-64.png /tmp/morsel-286-mutation-qcdw70bm/issue-286-hero/app/Resources/FoodArt/cooking-oil-paper-64.png (in target 'Morsel' from project 'Morsel')
    cd /tmp/morsel-286-mutation-qcdw70bm/issue-286-hero/app
    /Applications/Xcode.app/Contents/Developer/usr/bin/copypng -compress -strip-PNG-text /tmp/morsel-286-mutation-qcdw70bm/issue-286-hero/app/Resources/FoodArt/cooking-oil-paper-64.png /tmp/morsel-286-dd/Build/Products/Debug-iphonesimulator/Morsel.app/cooking-oil-paper-64.png

CopyPNGFile /tmp/morsel-286-dd/Build/Products/Debug-iphonesimulator/Morsel.app/cooking-oil-night-64.png /tmp/morsel-286-mutation-qcdw70bm/issue-286-hero/app/Resources/FoodArt/cooking-oil-night-64.png (in target 'Morsel' from project 'Morsel')
    cd /tmp/morsel-286-mutation-qcdw70bm/issue-286-hero/app
    /Applications/Xcode.app/Contents/Developer/usr/bin/copypng -compress -strip-PNG-text /tmp/morsel-286-mutation-qcdw70bm/issue-286-hero/app/Resources/FoodArt/cooking-oil-night-64.png /tmp/morsel-286-dd/Build/Products/Debug-iphonesimulator/Morsel.app/cooking-oil-night-64.png

CopyPNGFile /tmp/morsel-286-dd/Build/Products/Debug-iphonesimulator/Morsel.app/cookie-paper-64.png /tmp/morsel-286-mutation-qcdw70bm/issue-286-hero/app/Resources/FoodArt/cookie-paper-64.png (in target 'Morsel' from project 'Morsel')
    cd /tmp/morsel-286-mutation-qcdw70bm/issue-286-hero/app
    /Applications/Xcode.app/Contents/Developer/usr/bin/copypng -compress -strip-PNG-text /tmp/morsel-286-mutation-qcdw70bm/issue-286-hero/app/Resources/FoodArt/cookie-paper-64.png /tmp/morsel-286-dd/Build/Products/Debug-iphonesimulator/Morsel.app/cookie-paper-64.png

CopyPNGFile /tmp/morsel-286-dd/Build/Products/Debug-iphonesimulator/Morsel.app/cookie-night-64.png /tmp/morsel-286-mutation-qcdw70bm/issue-286-hero/app/Resources/FoodArt/cookie-night-64.png (in target 'Morsel' from project 'Morsel')
    cd /tmp/morsel-286-mutation-qcdw70bm/issue-286-hero/app
    /Applications/Xcode.app/Contents/Developer/usr/bin/copypng -compress -strip-PNG-text /tmp/morsel-286-mutation-qcdw70bm/issue-286-hero/app/Resources/FoodArt/cookie-night-64.png /tmp/morsel-286-dd/Build/Products/Debug-iphonesimulator/Morsel.app/cookie-night-64.png

CopyPNGFile /tmp/morsel-286-dd/Build/Products/Debug-iphonesimulator/Morsel.app/cold-cuts-paper-64.png /tmp/morsel-286-mutation-qcdw70bm/issue-286-hero/app/Resources/FoodArt/cold-cuts-paper-64.png (in target 'Morsel' from project 'Morsel')
    cd /tmp/morsel-286-mutation-qcdw70bm/issue-286-hero/app
    /Applications/Xcode.app/Contents/Developer/usr/bin/copypng -compress -strip-PNG-text /tmp/morsel-286-mutation-qcdw70bm/issue-286-hero/app/Resources/FoodArt/cold-cuts-paper-64.png /tmp/morsel-286-dd/Build/Products/Debug-iphonesimulator/Morsel.app/cold-cuts-paper-64.png

CopyPNGFile /tmp/morsel-286-dd/Build/Products/Debug-iphonesimulator/Morsel.app/cold-cuts-night-64.png /tmp/morsel-286-mutation-qcdw70bm/issue-286-hero/app/Resources/FoodArt/cold-cuts-night-64.png (in target 'Morsel' from project 'Morsel')
    cd /tmp/morsel-286-mutation-qcdw70bm/issue-286-hero/app
    /Applications/Xcode.app/Contents/Developer/usr/bin/copypng -compress -strip-PNG-text /tmp/morsel-286-mutation-qcdw70bm/issue-286-hero/app/Resources/FoodArt/cold-cuts-night-64.png /tmp/morsel-286-dd/Build/Products/Debug-iphonesimulator/Morsel.app/cold-cuts-night-64.png

CopyPNGFile /tmp/morsel-286-dd/Build/Products/Debug-iphonesimulator/Morsel.app/coffee-paper-64.png /tmp/morsel-286-mutation-qcdw70bm/issue-286-hero/app/Resources/FoodArt/coffee-paper-64.png (in target 'Morsel' from project 'Morsel')
    cd /tmp/morsel-286-mutation-qcdw70bm/issue-286-hero/app
    /Applications/Xcode.app/Contents/Developer/usr/bin/copypng -compress -strip-PNG-text /tmp/morsel-286-mutation-qcdw70bm/issue-286-hero/app/Resources/FoodArt/coffee-paper-64.png /tmp/morsel-286-dd/Build/Products/Debug-iphonesimulator/Morsel.app/coffee-paper-64.png

CopyPNGFile /tmp/morsel-286-dd/Build/Products/Debug-iphonesimulator/Morsel.app/coffee-night-64.png /tmp/morsel-286-mutation-qcdw70bm/issue-286-hero/app/Resources/FoodArt/coffee-night-64.png (in target 'Morsel' from project 'Morsel')
    cd /tmp/morsel-286-mutation-qcdw70bm/issue-286-hero/app
    /Applications/Xcode.app/Contents/Developer/usr/bin/copypng -compress -strip-PNG-text /tmp/morsel-286-mutation-qcdw70bm/issue-286-hero/app/Resources/FoodArt/coffee-night-64.png /tmp/morsel-286-dd/Build/Products/Debug-iphonesimulator/Morsel.app/coffee-night-64.png

CopyPNGFile /tmp/morsel-286-dd/Build/Products/Debug-iphonesimulator/Morsel.app/coconut-water-paper-64.png /tmp/morsel-286-mutation-qcdw70bm/issue-286-hero/app/Resources/FoodArt/coconut-water-paper-64.png (in target 'Morsel' from project 'Morsel')
    cd /tmp/morsel-286-mutation-qcdw70bm/issue-286-hero/app
    /Applications/Xcode.app/Contents/Developer/usr/bin/copypng -compress -strip-PNG-text /tmp/morsel-286-mutation-qcdw70bm/issue-286-hero/app/Resources/FoodArt/coconut-water-paper-64.png /tmp/morsel-286-dd/Build/Products/Debug-iphonesimulator/Morsel.app/coconut-water-paper-64.png

CopyPNGFile /tmp/morsel-286-dd/Build/Products/Debug-iphonesimulator/Morsel.app/coconut-water-night-64.png /tmp/morsel-286-mutation-qcdw70bm/issue-286-hero/app/Resources/FoodArt/coconut-water-night-64.png (in target 'Morsel' from project 'Morsel')
    cd /tmp/morsel-286-mutation-qcdw70bm/issue-286-hero/app
    /Applications/Xcode.app/Contents/Developer/usr/bin/copypng -compress -strip-PNG-text /tmp/morsel-286-mutation-qcdw70bm/issue-286-hero/app/Resources/FoodArt/coconut-water-night-64.png /tmp/morsel-286-dd/Build/Products/Debug-iphonesimulator/Morsel.app/coconut-water-night-64.png

CopyPNGFile /tmp/morsel-286-dd/Build/Products/Debug-iphonesimulator/Morsel.app/chocolate-paper-64.png /tmp/morsel-286-mutation-qcdw70bm/issue-286-hero/app/Resources/FoodArt/chocolate-paper-64.png (in target 'Morsel' from project 'Morsel')
    cd /tmp/morsel-286-mutation-qcdw70bm/issue-286-hero/app
    /Applications/Xcode.app/Contents/Developer/usr/bin/copypng -compress -strip-PNG-text /tmp/morsel-286-mutation-qcdw70bm/issue-286-hero/app/Resources/FoodArt/chocolate-paper-64.png /tmp/morsel-286-dd/Build/Products/Debug-iphonesimulator/Morsel.app/chocolate-paper-64.png

CopyPNGFile /tmp/morsel-286-dd/Build/Products/Debug-iphonesimulator/Morsel.app/chocolate-night-64.png /tmp/morsel-286-mutation-qcdw70bm/issue-286-hero/app/Resources/FoodArt/chocolate-night-64.png (in target 'Morsel' from project 'Morsel')
    cd /tmp/morsel-286-mutation-qcdw70bm/issue-286-hero/app
    /Applications/Xcode.app/Contents/Developer/usr/bin/copypng -compress -strip-PNG-text /tmp/morsel-286-mutation-qcdw70bm/issue-286-hero/app/Resources/FoodArt/chocolate-night-64.png /tmp/morsel-286-dd/Build/Products/Debug-iphonesimulator/Morsel.app/chocolate-night-64.png

CopyPNGFile /tmp/morsel-286-dd/Build/Products/Debug-iphonesimulator/Morsel.app/chili-oil-paper-64.png /tmp/morsel-286-mutation-qcdw70bm/issue-286-hero/app/Resources/FoodArt/chili-oil-paper-64.png (in target 'Morsel' from project 'Morsel')
    cd /tmp/morsel-286-mutation-qcdw70bm/issue-286-hero/app
    /Applications/Xcode.app/Contents/Developer/usr/bin/copypng -compress -strip-PNG-text /tmp/morsel-286-mutation-qcdw70bm/issue-286-hero/app/Resources/FoodArt/chili-oil-paper-64.png /tmp/morsel-286-dd/Build/Products/Debug-iphonesimulator/Morsel.app/chili-oil-paper-64.png

CopyPNGFile /tmp/morsel-286-dd/Build/Products/Debug-iphonesimulator/Morsel.app/chili-oil-night-64.png /tmp/morsel-286-mutation-qcdw70bm/issue-286-hero/app/Resources/FoodArt/chili-oil-night-64.png (in target 'Morsel' from project 'Morsel')
    cd /tmp/morsel-286-mutation-qcdw70bm/issue-286-hero/app
    /Applications/Xcode.app/Contents/Developer/usr/bin/copypng -compress -strip-PNG-text /tmp/morsel-286-mutation-qcdw70bm/issue-286-hero/app/Resources/FoodArt/chili-oil-night-64.png /tmp/morsel-286-dd/Build/Products/Debug-iphonesimulator/Morsel.app/chili-oil-night-64.png

CopyPNGFile /tmp/morsel-286-dd/Build/Products/Debug-iphonesimulator/Morsel.app/chicken-wings-paper-64.png /tmp/morsel-286-mutation-qcdw70bm/issue-286-hero/app/Resources/FoodArt/chicken-wings-paper-64.png (in target 'Morsel' from project 'Morsel')
    cd /tmp/morsel-286-mutation-qcdw70bm/issue-286-hero/app
    /Applications/Xcode.app/Contents/Developer/usr/bin/copypng -compress -strip-PNG-text /tmp/morsel-286-mutation-qcdw70bm/issue-286-hero/app/Resources/FoodArt/chicken-wings-paper-64.png /tmp/morsel-286-dd/Build/Products/Debug-iphonesimulator/Morsel.app/chicken-wings-paper-64.png

CopyPNGFile /tmp/morsel-286-dd/Build/Products/Debug-iphonesimulator/Morsel.app/chicken-wings-night-64.png /tmp/morsel-286-mutation-qcdw70bm/issue-286-hero/app/Resources/FoodArt/chicken-wings-night-64.png (in target 'Morsel' from project 'Morsel')
    cd /tmp/morsel-286-mutation-qcdw70bm/issue-286-hero/app
    /Applications/Xcode.app/Contents/Developer/usr/bin/copypng -compress -strip-PNG-text /tmp/morsel-286-mutation-qcdw70bm/issue-286-hero/app/Resources/FoodArt/chicken-wings-night-64.png /tmp/morsel-286-dd/Build/Products/Debug-iphonesimulator/Morsel.app/chicken-wings-night-64.png

CopyPNGFile /tmp/morsel-286-dd/Build/Products/Debug-iphonesimulator/Morsel.app/chicken-rice-paper-64.png /tmp/morsel-286-mutation-qcdw70bm/issue-286-hero/app/Resources/FoodArt/chicken-rice-paper-64.png (in target 'Morsel' from project 'Morsel')
    cd /tmp/morsel-286-mutation-qcdw70bm/issue-286-hero/app
    /Applications/Xcode.app/Contents/Developer/usr/bin/copypng -compress -strip-PNG-text /tmp/morsel-286-mutation-qcdw70bm/issue-286-hero/app/Resources/FoodArt/chicken-rice-paper-64.png /tmp/morsel-286-dd/Build/Products/Debug-iphonesimulator/Morsel.app/chicken-rice-paper-64.png

CopyPNGFile /tmp/morsel-286-dd/Build/Products/Debug-iphonesimulator/Morsel.app/chicken-rice-night-64.png /tmp/morsel-286-mutation-qcdw70bm/issue-286-hero/app/Resources/FoodArt/chicken-rice-night-64.png (in target 'Morsel' from project 'Morsel')
    cd /tmp/morsel-286-mutation-qcdw70bm/issue-286-hero/app
    /Applications/Xcode.app/Contents/Developer/usr/bin/copypng -compress -strip-PNG-text /tmp/morsel-286-mutation-qcdw70bm/issue-286-hero/app/Resources/FoodArt/chicken-rice-night-64.png /tmp/morsel-286-dd/Build/Products/Debug-iphonesimulator/Morsel.app/chicken-rice-night-64.png

CopyPNGFile /tmp/morsel-286-dd/Build/Products/Debug-iphonesimulator/Morsel.app/cheese-paper-64.png /tmp/morsel-286-mutation-qcdw70bm/issue-286-hero/app/Resources/FoodArt/cheese-paper-64.png (in target 'Morsel' from project 'Morsel')
    cd /tmp/morsel-286-mutation-qcdw70bm/issue-286-hero/app
    /Applications/Xcode.app/Contents/Developer/usr/bin/copypng -compress -strip-PNG-text /tmp/morsel-286-mutation-qcdw70bm/issue-286-hero/app/Resources/FoodArt/cheese-paper-64.png /tmp/morsel-286-dd/Build/Products/Debug-iphonesimulator/Morsel.app/cheese-paper-64.png

CopyPNGFile /tmp/morsel-286-dd/Build/Products/Debug-iphonesimulator/Morsel.app/cheese-night-64.png /tmp/morsel-286-mutation-qcdw70bm/issue-286-hero/app/Resources/FoodArt/cheese-night-64.png (in target 'Morsel' from project 'Morsel')
    cd /tmp/morsel-286-mutation-qcdw70bm/issue-286-hero/app
    /Applications/Xcode.app/Contents/Developer/usr/bin/copypng -compress -strip-PNG-text /tmp/morsel-286-mutation-qcdw70bm/issue-286-hero/app/Resources/FoodArt/cheese-night-64.png /tmp/morsel-286-dd/Build/Products/Debug-iphonesimulator/Morsel.app/cheese-night-64.png

CopyPNGFile /tmp/morsel-286-dd/Build/Products/Debug-iphonesimulator/Morsel.app/cereal-flakes-paper-64.png /tmp/morsel-286-mutation-qcdw70bm/issue-286-hero/app/Resources/FoodArt/cereal-flakes-paper-64.png (in target 'Morsel' from project 'Morsel')
    cd /tmp/morsel-286-mutation-qcdw70bm/issue-286-hero/app
    /Applications/Xcode.app/Contents/Developer/usr/bin/copypng -compress -strip-PNG-text /tmp/morsel-286-mutation-qcdw70bm/issue-286-hero/app/Resources/FoodArt/cereal-flakes-paper-64.png /tmp/morsel-286-dd/Build/Products/Debug-iphonesimulator/Morsel.app/cereal-flakes-paper-64.png

CopyPNGFile /tmp/morsel-286-dd/Build/Products/Debug-iphonesimulator/Morsel.app/cereal-flakes-night-64.png /tmp/morsel-286-mutation-qcdw70bm/issue-286-hero/app/Resources/FoodArt/cereal-flakes-night-64.png (in target 'Morsel' from project 'Morsel')
    cd /tmp/morsel-286-mutation-qcdw70bm/issue-286-hero/app
    /Applications/Xcode.app/Contents/Developer/usr/bin/copypng -compress -strip-PNG-text /tmp/morsel-286-mutation-qcdw70bm/issue-286-hero/app/Resources/FoodArt/cereal-flakes-night-64.png /tmp/morsel-286-dd/Build/Products/Debug-iphonesimulator/Morsel.app/cereal-flakes-night-64.png

CopyPNGFile /tmp/morsel-286-dd/Build/Products/Debug-iphonesimulator/Morsel.app/cake-paper-64.png /tmp/morsel-286-mutation-qcdw70bm/issue-286-hero/app/Resources/FoodArt/cake-paper-64.png (in target 'Morsel' from project 'Morsel')
    cd /tmp/morsel-286-mutation-qcdw70bm/issue-286-hero/app
    /Applications/Xcode.app/Contents/Developer/usr/bin/copypng -compress -strip-PNG-text /tmp/morsel-286-mutation-qcdw70bm/issue-286-hero/app/Resources/FoodArt/cake-paper-64.png /tmp/morsel-286-dd/Build/Products/Debug-iphonesimulator/Morsel.app/cake-paper-64.png

CopyPNGFile /tmp/morsel-286-dd/Build/Products/Debug-iphonesimulator/Morsel.app/cake-night-64.png /tmp/morsel-286-mutation-qcdw70bm/issue-286-hero/app/Resources/FoodArt/cake-night-64.png (in target 'Morsel' from project 'Morsel')
    cd /tmp/morsel-286-mutation-qcdw70bm/issue-286-hero/app
    /Applications/Xcode.app/Contents/Developer/usr/bin/copypng -compress -strip-PNG-text /tmp/morsel-286-mutation-qcdw70bm/issue-286-hero/app/Resources/FoodArt/cake-night-64.png /tmp/morsel-286-dd/Build/Products/Debug-iphonesimulator/Morsel.app/cake-night-64.png

CopyPNGFile /tmp/morsel-286-dd/Build/Products/Debug-iphonesimulator/Morsel.app/burger-paper-64.png /tmp/morsel-286-mutation-qcdw70bm/issue-286-hero/app/Resources/FoodArt/burger-paper-64.png (in target 'Morsel' from project 'Morsel')
    cd /tmp/morsel-286-mutation-qcdw70bm/issue-286-hero/app
    /Applications/Xcode.app/Contents/Developer/usr/bin/copypng -compress -strip-PNG-text /tmp/morsel-286-mutation-qcdw70bm/issue-286-hero/app/Resources/FoodArt/burger-paper-64.png /tmp/morsel-286-dd/Build/Products/Debug-iphonesimulator/Morsel.app/burger-paper-64.png

CopyPNGFile /tmp/morsel-286-dd/Build/Products/Debug-iphonesimulator/Morsel.app/burger-night-64.png /tmp/morsel-286-mutation-qcdw70bm/issue-286-hero/app/Resources/FoodArt/burger-night-64.png (in target 'Morsel' from project 'Morsel')
    cd /tmp/morsel-286-mutation-qcdw70bm/issue-286-hero/app
    /Applications/Xcode.app/Contents/Developer/usr/bin/copypng -compress -strip-PNG-text /tmp/morsel-286-mutation-qcdw70bm/issue-286-hero/app/Resources/FoodArt/burger-night-64.png /tmp/morsel-286-dd/Build/Products/Debug-iphonesimulator/Morsel.app/burger-night-64.png

CopyPNGFile /tmp/morsel-286-dd/Build/Products/Debug-iphonesimulator/Morsel.app/broccoli-paper-64.png /tmp/morsel-286-mutation-qcdw70bm/issue-286-hero/app/Resources/FoodArt/broccoli-paper-64.png (in target 'Morsel' from project 'Morsel')
    cd /tmp/morsel-286-mutation-qcdw70bm/issue-286-hero/app
    /Applications/Xcode.app/Contents/Developer/usr/bin/copypng -compress -strip-PNG-text /tmp/morsel-286-mutation-qcdw70bm/issue-286-hero/app/Resources/FoodArt/broccoli-paper-64.png /tmp/morsel-286-dd/Build/Products/Debug-iphonesimulator/Morsel.app/broccoli-paper-64.png

CopyPNGFile /tmp/morsel-286-dd/Build/Products/Debug-iphonesimulator/Morsel.app/broccoli-night-64.png /tmp/morsel-286-mutation-qcdw70bm/issue-286-hero/app/Resources/FoodArt/broccoli-night-64.png (in target 'Morsel' from project 'Morsel')
    cd /tmp/morsel-286-mutation-qcdw70bm/issue-286-hero/app
    /Applications/Xcode.app/Contents/Developer/usr/bin/copypng -compress -strip-PNG-text /tmp/morsel-286-mutation-qcdw70bm/issue-286-hero/app/Resources/FoodArt/broccoli-night-64.png /tmp/morsel-286-dd/Build/Products/Debug-iphonesimulator/Morsel.app/broccoli-night-64.png

CopyPNGFile /tmp/morsel-286-dd/Build/Products/Debug-iphonesimulator/Morsel.app/braised-pork-paper-64.png /tmp/morsel-286-mutation-qcdw70bm/issue-286-hero/app/Resources/FoodArt/braised-pork-paper-64.png (in target 'Morsel' from project 'Morsel')
    cd /tmp/morsel-286-mutation-qcdw70bm/issue-286-hero/app
    /Applications/Xcode.app/Contents/Developer/usr/bin/copypng -compress -strip-PNG-text /tmp/morsel-286-mutation-qcdw70bm/issue-286-hero/app/Resources/FoodArt/braised-pork-paper-64.png /tmp/morsel-286-dd/Build/Products/Debug-iphonesimulator/Morsel.app/braised-pork-paper-64.png

CopyPNGFile /tmp/morsel-286-dd/Build/Products/Debug-iphonesimulator/Morsel.app/braised-pork-night-64.png /tmp/morsel-286-mutation-qcdw70bm/issue-286-hero/app/Resources/FoodArt/braised-pork-night-64.png (in target 'Morsel' from project 'Morsel')
    cd /tmp/morsel-286-mutation-qcdw70bm/issue-286-hero/app
    /Applications/Xcode.app/Contents/Developer/usr/bin/copypng -compress -strip-PNG-text /tmp/morsel-286-mutation-qcdw70bm/issue-286-hero/app/Resources/FoodArt/braised-pork-night-64.png /tmp/morsel-286-dd/Build/Products/Debug-iphonesimulator/Morsel.app/braised-pork-night-64.png

CopyPNGFile /tmp/morsel-286-dd/Build/Products/Debug-iphonesimulator/Morsel.app/boiled-pork-paper-64.png /tmp/morsel-286-mutation-qcdw70bm/issue-286-hero/app/Resources/FoodArt/boiled-pork-paper-64.png (in target 'Morsel' from project 'Morsel')
    cd /tmp/morsel-286-mutation-qcdw70bm/issue-286-hero/app
    /Applications/Xcode.app/Contents/Developer/usr/bin/copypng -compress -strip-PNG-text /tmp/morsel-286-mutation-qcdw70bm/issue-286-hero/app/Resources/FoodArt/boiled-pork-paper-64.png /tmp/morsel-286-dd/Build/Products/Debug-iphonesimulator/Morsel.app/boiled-pork-paper-64.png

CopyPNGFile /tmp/morsel-286-dd/Build/Products/Debug-iphonesimulator/Morsel.app/boiled-pork-night-64.png /tmp/morsel-286-mutation-qcdw70bm/issue-286-hero/app/Resources/FoodArt/boiled-pork-night-64.png (in target 'Morsel' from project 'Morsel')
    cd /tmp/morsel-286-mutation-qcdw70bm/issue-286-hero/app
    /Applications/Xcode.app/Contents/Developer/usr/bin/copypng -compress -strip-PNG-text /tmp/morsel-286-mutation-qcdw70bm/issue-286-hero/app/Resources/FoodArt/boiled-pork-night-64.png /tmp/morsel-286-dd/Build/Products/Debug-iphonesimulator/Morsel.app/boiled-pork-night-64.png

CopyPNGFile /tmp/morsel-286-dd/Build/Products/Debug-iphonesimulator/Morsel.app/boiled-egg-paper-64.png /tmp/morsel-286-mutation-qcdw70bm/issue-286-hero/app/Resources/FoodArt/boiled-egg-paper-64.png (in target 'Morsel' from project 'Morsel')
    cd /tmp/morsel-286-mutation-qcdw70bm/issue-286-hero/app
    /Applications/Xcode.app/Contents/Developer/usr/bin/copypng -compress -strip-PNG-text /tmp/morsel-286-mutation-qcdw70bm/issue-286-hero/app/Resources/FoodArt/boiled-egg-paper-64.png /tmp/morsel-286-dd/Build/Products/Debug-iphonesimulator/Morsel.app/boiled-egg-paper-64.png

CopyPNGFile /tmp/morsel-286-dd/Build/Products/Debug-iphonesimulator/Morsel.app/boiled-egg-night-64.png /tmp/morsel-286-mutation-qcdw70bm/issue-286-hero/app/Resources/FoodArt/boiled-egg-night-64.png (in target 'Morsel' from project 'Morsel')
    cd /tmp/morsel-286-mutation-qcdw70bm/issue-286-hero/app
    /Applications/Xcode.app/Contents/Developer/usr/bin/copypng -compress -strip-PNG-text /tmp/morsel-286-mutation-qcdw70bm/issue-286-hero/app/Resources/FoodArt/boiled-egg-night-64.png /tmp/morsel-286-dd/Build/Products/Debug-iphonesimulator/Morsel.app/boiled-egg-night-64.png

CopyPNGFile /tmp/morsel-286-dd/Build/Products/Debug-iphonesimulator/Morsel.app/boba-tea-paper-64.png /tmp/morsel-286-mutation-qcdw70bm/issue-286-hero/app/Resources/FoodArt/boba-tea-paper-64.png (in target 'Morsel' from project 'Morsel')
    cd /tmp/morsel-286-mutation-qcdw70bm/issue-286-hero/app
    /Applications/Xcode.app/Contents/Developer/usr/bin/copypng -compress -strip-PNG-text /tmp/morsel-286-mutation-qcdw70bm/issue-286-hero/app/Resources/FoodArt/boba-tea-paper-64.png /tmp/morsel-286-dd/Build/Products/Debug-iphonesimulator/Morsel.app/boba-tea-paper-64.png

CopyPNGFile /tmp/morsel-286-dd/Build/Products/Debug-iphonesimulator/Morsel.app/boba-tea-night-64.png /tmp/morsel-286-mutation-qcdw70bm/issue-286-hero/app/Resources/FoodArt/boba-tea-night-64.png (in target 'Morsel' from project 'Morsel')
    cd /tmp/morsel-286-mutation-qcdw70bm/issue-286-hero/app
    /Applications/Xcode.app/Contents/Developer/usr/bin/copypng -compress -strip-PNG-text /tmp/morsel-286-mutation-qcdw70bm/issue-286-hero/app/Resources/FoodArt/boba-tea-night-64.png /tmp/morsel-286-dd/Build/Products/Debug-iphonesimulator/Morsel.app/boba-tea-night-64.png

CopyPNGFile /tmp/morsel-286-dd/Build/Products/Debug-iphonesimulator/Morsel.app/berries-paper-64.png /tmp/morsel-286-mutation-qcdw70bm/issue-286-hero/app/Resources/FoodArt/berries-paper-64.png (in target 'Morsel' from project 'Morsel')
    cd /tmp/morsel-286-mutation-qcdw70bm/issue-286-hero/app
    /Applications/Xcode.app/Contents/Developer/usr/bin/copypng -compress -strip-PNG-text /tmp/morsel-286-mutation-qcdw70bm/issue-286-hero/app/Resources/FoodArt/berries-paper-64.png /tmp/morsel-286-dd/Build/Products/Debug-iphonesimulator/Morsel.app/berries-paper-64.png

CopyPNGFile /tmp/morsel-286-dd/Build/Products/Debug-iphonesimulator/Morsel.app/berries-night-64.png /tmp/morsel-286-mutation-qcdw70bm/issue-286-hero/app/Resources/FoodArt/berries-night-64.png (in target 'Morsel' from project 'Morsel')
    cd /tmp/morsel-286-mutation-qcdw70bm/issue-286-hero/app
    /Applications/Xcode.app/Contents/Developer/usr/bin/copypng -compress -strip-PNG-text /tmp/morsel-286-mutation-qcdw70bm/issue-286-hero/app/Resources/FoodArt/berries-night-64.png /tmp/morsel-286-dd/Build/Products/Debug-iphonesimulator/Morsel.app/berries-night-64.png

CopyPNGFile /tmp/morsel-286-dd/Build/Products/Debug-iphonesimulator/Morsel.app/beer-paper-64.png /tmp/morsel-286-mutation-qcdw70bm/issue-286-hero/app/Resources/FoodArt/beer-paper-64.png (in target 'Morsel' from project 'Morsel')
    cd /tmp/morsel-286-mutation-qcdw70bm/issue-286-hero/app
    /Applications/Xcode.app/Contents/Developer/usr/bin/copypng -compress -strip-PNG-text /tmp/morsel-286-mutation-qcdw70bm/issue-286-hero/app/Resources/FoodArt/beer-paper-64.png /tmp/morsel-286-dd/Build/Products/Debug-iphonesimulator/Morsel.app/beer-paper-64.png

ConstructStubExecutorLinkFileList /tmp/morsel-286-dd/Build/Intermediates.noindex/Morsel.build/Debug-iphonesimulator/Morsel.build/Morsel-ExecutorLinkFileList-normal-arm64.txt (in target 'Morsel' from project 'Morsel')
    cd /tmp/morsel-286-mutation-qcdw70bm/issue-286-hero/app
    construct-stub-executor-link-file-list /tmp/morsel-286-dd/Build/Products/Debug-iphonesimulator/Morsel.app/Morsel.debug.dylib /Applications/Xcode.app/Contents/Developer/Platforms/iPhoneSimulator.platform/Developer/usr/lib/libPreviewsJITStubExecutor_no_swift_entry_point.a /Applications/Xcode.app/Contents/Developer/Platforms/iPhoneSimulator.platform/Developer/usr/lib/libPreviewsJITStubExecutor.a --output /tmp/morsel-286-dd/Build/Intermediates.noindex/Morsel.build/Debug-iphonesimulator/Morsel.build/Morsel-ExecutorLinkFileList-normal-arm64.txt
note: Using stub executor library with Swift entry point. (in target 'Morsel' from project 'Morsel')

CopyPNGFile /tmp/morsel-286-dd/Build/Products/Debug-iphonesimulator/Morsel.app/beer-night-64.png /tmp/morsel-286-mutation-qcdw70bm/issue-286-hero/app/Resources/FoodArt/beer-night-64.png (in target 'Morsel' from project 'Morsel')
    cd /tmp/morsel-286-mutation-qcdw70bm/issue-286-hero/app
    /Applications/Xcode.app/Contents/Developer/usr/bin/copypng -compress -strip-PNG-text /tmp/morsel-286-mutation-qcdw70bm/issue-286-hero/app/Resources/FoodArt/beer-night-64.png /tmp/morsel-286-dd/Build/Products/Debug-iphonesimulator/Morsel.app/beer-night-64.png

CopyPNGFile /tmp/morsel-286-dd/Build/Products/Debug-iphonesimulator/Morsel.app/beef-rice-bowl-paper-64.png /tmp/morsel-286-mutation-qcdw70bm/issue-286-hero/app/Resources/FoodArt/beef-rice-bowl-paper-64.png (in target 'Morsel' from project 'Morsel')
    cd /tmp/morsel-286-mutation-qcdw70bm/issue-286-hero/app
    /Applications/Xcode.app/Contents/Developer/usr/bin/copypng -compress -strip-PNG-text /tmp/morsel-286-mutation-qcdw70bm/issue-286-hero/app/Resources/FoodArt/beef-rice-bowl-paper-64.png /tmp/morsel-286-dd/Build/Products/Debug-iphonesimulator/Morsel.app/beef-rice-bowl-paper-64.png

CopyPNGFile /tmp/morsel-286-dd/Build/Products/Debug-iphonesimulator/Morsel.app/beef-rice-bowl-night-64.png /tmp/morsel-286-mutation-qcdw70bm/issue-286-hero/app/Resources/FoodArt/beef-rice-bowl-night-64.png (in target 'Morsel' from project 'Morsel')
    cd /tmp/morsel-286-mutation-qcdw70bm/issue-286-hero/app
    /Applications/Xcode.app/Contents/Developer/usr/bin/copypng -compress -strip-PNG-text /tmp/morsel-286-mutation-qcdw70bm/issue-286-hero/app/Resources/FoodArt/beef-rice-bowl-night-64.png /tmp/morsel-286-dd/Build/Products/Debug-iphonesimulator/Morsel.app/beef-rice-bowl-night-64.png

CopyPNGFile /tmp/morsel-286-dd/Build/Products/Debug-iphonesimulator/Morsel.app/basil-stir-fry-paper-64.png /tmp/morsel-286-mutation-qcdw70bm/issue-286-hero/app/Resources/FoodArt/basil-stir-fry-paper-64.png (in target 'Morsel' from project 'Morsel')
    cd /tmp/morsel-286-mutation-qcdw70bm/issue-286-hero/app
    /Applications/Xcode.app/Contents/Developer/usr/bin/copypng -compress -strip-PNG-text /tmp/morsel-286-mutation-qcdw70bm/issue-286-hero/app/Resources/FoodArt/basil-stir-fry-paper-64.png /tmp/morsel-286-dd/Build/Products/Debug-iphonesimulator/Morsel.app/basil-stir-fry-paper-64.png

CopyPNGFile /tmp/morsel-286-dd/Build/Products/Debug-iphonesimulator/Morsel.app/basil-stir-fry-night-64.png /tmp/morsel-286-mutation-qcdw70bm/issue-286-hero/app/Resources/FoodArt/basil-stir-fry-night-64.png (in target 'Morsel' from project 'Morsel')
    cd /tmp/morsel-286-mutation-qcdw70bm/issue-286-hero/app
    /Applications/Xcode.app/Contents/Developer/usr/bin/copypng -compress -strip-PNG-text /tmp/morsel-286-mutation-qcdw70bm/issue-286-hero/app/Resources/FoodArt/basil-stir-fry-night-64.png /tmp/morsel-286-dd/Build/Products/Debug-iphonesimulator/Morsel.app/basil-stir-fry-night-64.png

CopyPNGFile /tmp/morsel-286-dd/Build/Products/Debug-iphonesimulator/Morsel.app/banana-paper-64.png /tmp/morsel-286-mutation-qcdw70bm/issue-286-hero/app/Resources/FoodArt/banana-paper-64.png (in target 'Morsel' from project 'Morsel')
    cd /tmp/morsel-286-mutation-qcdw70bm/issue-286-hero/app
    /Applications/Xcode.app/Contents/Developer/usr/bin/copypng -compress -strip-PNG-text /tmp/morsel-286-mutation-qcdw70bm/issue-286-hero/app/Resources/FoodArt/banana-paper-64.png /tmp/morsel-286-dd/Build/Products/Debug-iphonesimulator/Morsel.app/banana-paper-64.png

CopyPNGFile /tmp/morsel-286-dd/Build/Products/Debug-iphonesimulator/Morsel.app/banana-night-64.png /tmp/morsel-286-mutation-qcdw70bm/issue-286-hero/app/Resources/FoodArt/banana-night-64.png (in target 'Morsel' from project 'Morsel')
    cd /tmp/morsel-286-mutation-qcdw70bm/issue-286-hero/app
    /Applications/Xcode.app/Contents/Developer/usr/bin/copypng -compress -strip-PNG-text /tmp/morsel-286-mutation-qcdw70bm/issue-286-hero/app/Resources/FoodArt/banana-night-64.png /tmp/morsel-286-dd/Build/Products/Debug-iphonesimulator/Morsel.app/banana-night-64.png

Ld /tmp/morsel-286-dd/Build/Products/Debug-iphonesimulator/Morsel.app/Morsel normal (in target 'Morsel' from project 'Morsel')
    cd /tmp/morsel-286-mutation-qcdw70bm/issue-286-hero/app
    /Applications/Xcode.app/Contents/Developer/Toolchains/XcodeDefault.xctoolchain/usr/bin/clang -Xlinker -reproducible -target arm64-apple-ios17.0-simulator -isysroot /Applications/Xcode.app/Contents/Developer/Platforms/iPhoneSimulator.platform/Developer/SDKs/iPhoneSimulator26.5.sdk -O0 -L/tmp/morsel-286-dd/Build/Products/Debug-iphonesimulator -F/tmp/morsel-286-dd/Build/Products/Debug-iphonesimulator/PackageFrameworks -F/tmp/morsel-286-dd/Build/Products/Debug-iphonesimulator/PackageFrameworks -F/tmp/morsel-286-dd/Build/Products/Debug-iphonesimulator/PackageFrameworks -F/tmp/morsel-286-dd/Build/Products/Debug-iphonesimulator/PackageFrameworks -F/tmp/morsel-286-dd/Build/Products/Debug-iphonesimulator/PackageFrameworks -F/tmp/morsel-286-dd/Build/Products/Debug-iphonesimulator/PackageFrameworks -F/tmp/morsel-286-dd/Build/Products/Debug-iphonesimulator/PackageFrameworks -F/tmp/morsel-286-dd/Build/Products/Debug-iphonesimulator/PackageFrameworks -F/tmp/morsel-286-dd/Build/Products/Debug-iphonesimulator/PackageFrameworks -F/tmp/morsel-286-dd/Build/Products/Debug-iphonesimulator/PackageFrameworks -F/tmp/morsel-286-dd/Build/Products/Debug-iphonesimulator/PackageFrameworks -F/tmp/morsel-286-dd/Build/Products/Debug-iphonesimulator/PackageFrameworks -F/tmp/morsel-286-dd/Build/Products/Debug-iphonesimulator/PackageFrameworks -F/tmp/morsel-286-dd/Build/Products/Debug-iphonesimulator/PackageFrameworks -F/tmp/morsel-286-dd/Build/Products/Debug-iphonesimulator -Xlinker -rpath -Xlinker @executable_path -Xlinker -rpath -Xlinker /tmp/morsel-286-dd/Build/Products/Debug-iphonesimulator/PackageFrameworks -Xlinker -rpath -Xlinker @executable_path/Frameworks -rdynamic -Xlinker -no_deduplicate -Xlinker -objc_abi_version -Xlinker 2 -e ___debug_blank_executor_main -Xlinker -sectcreate -Xlinker __TEXT -Xlinker __debug_dylib -Xlinker /tmp/morsel-286-dd/Build/Intermediates.noindex/Morsel.build/Debug-iphonesimulator/Morsel.build/Morsel-DebugDylibPath-normal-arm64.txt -Xlinker -sectcreate -Xlinker __TEXT -Xlinker __debug_instlnm -Xlinker /tmp/morsel-286-dd/Build/Intermediates.noindex/Morsel.build/Debug-iphonesimulator/Morsel.build/Morsel-DebugDylibInstallName-normal-arm64.txt -Xlinker -filelist -Xlinker /tmp/morsel-286-dd/Build/Intermediates.noindex/Morsel.build/Debug-iphonesimulator/Morsel.build/Morsel-ExecutorLinkFileList-normal-arm64.txt /tmp/morsel-286-dd/Build/Products/Debug-iphonesimulator/Morsel.app/Morsel.debug.dylib -o /tmp/morsel-286-dd/Build/Products/Debug-iphonesimulator/Morsel.app/Morsel

CopyPNGFile /tmp/morsel-286-dd/Build/Products/Debug-iphonesimulator/Morsel.app/bacon-paper-64.png /tmp/morsel-286-mutation-qcdw70bm/issue-286-hero/app/Resources/FoodArt/bacon-paper-64.png (in target 'Morsel' from project 'Morsel')
    cd /tmp/morsel-286-mutation-qcdw70bm/issue-286-hero/app
    /Applications/Xcode.app/Contents/Developer/usr/bin/copypng -compress -strip-PNG-text /tmp/morsel-286-mutation-qcdw70bm/issue-286-hero/app/Resources/FoodArt/bacon-paper-64.png /tmp/morsel-286-dd/Build/Products/Debug-iphonesimulator/Morsel.app/bacon-paper-64.png

CopyPNGFile /tmp/morsel-286-dd/Build/Products/Debug-iphonesimulator/Morsel.app/bacon-night-64.png /tmp/morsel-286-mutation-qcdw70bm/issue-286-hero/app/Resources/FoodArt/bacon-night-64.png (in target 'Morsel' from project 'Morsel')
    cd /tmp/morsel-286-mutation-qcdw70bm/issue-286-hero/app
    /Applications/Xcode.app/Contents/Developer/usr/bin/copypng -compress -strip-PNG-text /tmp/morsel-286-mutation-qcdw70bm/issue-286-hero/app/Resources/FoodArt/bacon-night-64.png /tmp/morsel-286-dd/Build/Products/Debug-iphonesimulator/Morsel.app/bacon-night-64.png

CopyPNGFile /tmp/morsel-286-dd/Build/Products/Debug-iphonesimulator/Morsel.app/avocado-paper-64.png /tmp/morsel-286-mutation-qcdw70bm/issue-286-hero/app/Resources/FoodArt/avocado-paper-64.png (in target 'Morsel' from project 'Morsel')
    cd /tmp/morsel-286-mutation-qcdw70bm/issue-286-hero/app
    /Applications/Xcode.app/Contents/Developer/usr/bin/copypng -compress -strip-PNG-text /tmp/morsel-286-mutation-qcdw70bm/issue-286-hero/app/Resources/FoodArt/avocado-paper-64.png /tmp/morsel-286-dd/Build/Products/Debug-iphonesimulator/Morsel.app/avocado-paper-64.png

CopyPNGFile /tmp/morsel-286-dd/Build/Products/Debug-iphonesimulator/Morsel.app/avocado-night-64.png /tmp/morsel-286-mutation-qcdw70bm/issue-286-hero/app/Resources/FoodArt/avocado-night-64.png (in target 'Morsel' from project 'Morsel')
    cd /tmp/morsel-286-mutation-qcdw70bm/issue-286-hero/app
    /Applications/Xcode.app/Contents/Developer/usr/bin/copypng -compress -strip-PNG-text /tmp/morsel-286-mutation-qcdw70bm/issue-286-hero/app/Resources/FoodArt/avocado-night-64.png /tmp/morsel-286-dd/Build/Products/Debug-iphonesimulator/Morsel.app/avocado-night-64.png

CopyPNGFile /tmp/morsel-286-dd/Build/Products/Debug-iphonesimulator/Morsel.app/apple-paper-64.png /tmp/morsel-286-mutation-qcdw70bm/issue-286-hero/app/Resources/FoodArt/apple-paper-64.png (in target 'Morsel' from project 'Morsel')
    cd /tmp/morsel-286-mutation-qcdw70bm/issue-286-hero/app
    /Applications/Xcode.app/Contents/Developer/usr/bin/copypng -compress -strip-PNG-text /tmp/morsel-286-mutation-qcdw70bm/issue-286-hero/app/Resources/FoodArt/apple-paper-64.png /tmp/morsel-286-dd/Build/Products/Debug-iphonesimulator/Morsel.app/apple-paper-64.png

CopyPNGFile /tmp/morsel-286-dd/Build/Products/Debug-iphonesimulator/Morsel.app/apple-night-64.png /tmp/morsel-286-mutation-qcdw70bm/issue-286-hero/app/Resources/FoodArt/apple-night-64.png (in target 'Morsel' from project 'Morsel')
    cd /tmp/morsel-286-mutation-qcdw70bm/issue-286-hero/app
    /Applications/Xcode.app/Contents/Developer/usr/bin/copypng -compress -strip-PNG-text /tmp/morsel-286-mutation-qcdw70bm/issue-286-hero/app/Resources/FoodArt/apple-night-64.png /tmp/morsel-286-dd/Build/Products/Debug-iphonesimulator/Morsel.app/apple-night-64.png

CopyPNGFile /tmp/morsel-286-dd/Build/Products/Debug-iphonesimulator/Morsel.app/a-paper-vegetables.png /tmp/morsel-286-mutation-qcdw70bm/issue-286-hero/app/Resources/JournalArt/a-paper-vegetables.png (in target 'Morsel' from project 'Morsel')
    cd /tmp/morsel-286-mutation-qcdw70bm/issue-286-hero/app
    /Applications/Xcode.app/Contents/Developer/usr/bin/copypng -compress -strip-PNG-text /tmp/morsel-286-mutation-qcdw70bm/issue-286-hero/app/Resources/JournalArt/a-paper-vegetables.png /tmp/morsel-286-dd/Build/Products/Debug-iphonesimulator/Morsel.app/a-paper-vegetables.png

CopyPNGFile /tmp/morsel-286-dd/Build/Products/Debug-iphonesimulator/Morsel.app/a-paper-unknown.png /tmp/morsel-286-mutation-qcdw70bm/issue-286-hero/app/Resources/JournalArt/a-paper-unknown.png (in target 'Morsel' from project 'Morsel')
    cd /tmp/morsel-286-mutation-qcdw70bm/issue-286-hero/app
    /Applications/Xcode.app/Contents/Developer/usr/bin/copypng -compress -strip-PNG-text /tmp/morsel-286-mutation-qcdw70bm/issue-286-hero/app/Resources/JournalArt/a-paper-unknown.png /tmp/morsel-286-dd/Build/Products/Debug-iphonesimulator/Morsel.app/a-paper-unknown.png

CopyPNGFile /tmp/morsel-286-dd/Build/Products/Debug-iphonesimulator/Morsel.app/a-paper-stracciatella.png /tmp/morsel-286-mutation-qcdw70bm/issue-286-hero/app/Resources/JournalArt/a-paper-stracciatella.png (in target 'Morsel' from project 'Morsel')
    cd /tmp/morsel-286-mutation-qcdw70bm/issue-286-hero/app
    /Applications/Xcode.app/Contents/Developer/usr/bin/copypng -compress -strip-PNG-text /tmp/morsel-286-mutation-qcdw70bm/issue-286-hero/app/Resources/JournalArt/a-paper-stracciatella.png /tmp/morsel-286-dd/Build/Products/Debug-iphonesimulator/Morsel.app/a-paper-stracciatella.png

CopyPNGFile /tmp/morsel-286-dd/Build/Products/Debug-iphonesimulator/Morsel.app/a-paper-mortadella.png /tmp/morsel-286-mutation-qcdw70bm/issue-286-hero/app/Resources/JournalArt/a-paper-mortadella.png (in target 'Morsel' from project 'Morsel')
    cd /tmp/morsel-286-mutation-qcdw70bm/issue-286-hero/app
    /Applications/Xcode.app/Contents/Developer/usr/bin/copypng -compress -strip-PNG-text /tmp/morsel-286-mutation-qcdw70bm/issue-286-hero/app/Resources/JournalArt/a-paper-mortadella.png /tmp/morsel-286-dd/Build/Products/Debug-iphonesimulator/Morsel.app/a-paper-mortadella.png

CopyPNGFile /tmp/morsel-286-dd/Build/Products/Debug-iphonesimulator/Morsel.app/a-paper-focaccia.png /tmp/morsel-286-mutation-qcdw70bm/issue-286-hero/app/Resources/JournalArt/a-paper-focaccia.png (in target 'Morsel' from project 'Morsel')
    cd /tmp/morsel-286-mutation-qcdw70bm/issue-286-hero/app
    /Applications/Xcode.app/Contents/Developer/usr/bin/copypng -compress -strip-PNG-text /tmp/morsel-286-mutation-qcdw70bm/issue-286-hero/app/Resources/JournalArt/a-paper-focaccia.png /tmp/morsel-286-dd/Build/Products/Debug-iphonesimulator/Morsel.app/a-paper-focaccia.png

CopyPNGFile /tmp/morsel-286-dd/Build/Products/Debug-iphonesimulator/Morsel.app/a-night-vegetables.png /tmp/morsel-286-mutation-qcdw70bm/issue-286-hero/app/Resources/JournalArt/a-night-vegetables.png (in target 'Morsel' from project 'Morsel')
    cd /tmp/morsel-286-mutation-qcdw70bm/issue-286-hero/app
    /Applications/Xcode.app/Contents/Developer/usr/bin/copypng -compress -strip-PNG-text /tmp/morsel-286-mutation-qcdw70bm/issue-286-hero/app/Resources/JournalArt/a-night-vegetables.png /tmp/morsel-286-dd/Build/Products/Debug-iphonesimulator/Morsel.app/a-night-vegetables.png

CopyPNGFile /tmp/morsel-286-dd/Build/Products/Debug-iphonesimulator/Morsel.app/a-night-unknown.png /tmp/morsel-286-mutation-qcdw70bm/issue-286-hero/app/Resources/JournalArt/a-night-unknown.png (in target 'Morsel' from project 'Morsel')
    cd /tmp/morsel-286-mutation-qcdw70bm/issue-286-hero/app
    /Applications/Xcode.app/Contents/Developer/usr/bin/copypng -compress -strip-PNG-text /tmp/morsel-286-mutation-qcdw70bm/issue-286-hero/app/Resources/JournalArt/a-night-unknown.png /tmp/morsel-286-dd/Build/Products/Debug-iphonesimulator/Morsel.app/a-night-unknown.png

CopyPNGFile /tmp/morsel-286-dd/Build/Products/Debug-iphonesimulator/Morsel.app/a-night-stracciatella.png /tmp/morsel-286-mutation-qcdw70bm/issue-286-hero/app/Resources/JournalArt/a-night-stracciatella.png (in target 'Morsel' from project 'Morsel')
    cd /tmp/morsel-286-mutation-qcdw70bm/issue-286-hero/app
    /Applications/Xcode.app/Contents/Developer/usr/bin/copypng -compress -strip-PNG-text /tmp/morsel-286-mutation-qcdw70bm/issue-286-hero/app/Resources/JournalArt/a-night-stracciatella.png /tmp/morsel-286-dd/Build/Products/Debug-iphonesimulator/Morsel.app/a-night-stracciatella.png

CopyPNGFile /tmp/morsel-286-dd/Build/Products/Debug-iphonesimulator/Morsel.app/a-night-mortadella.png /tmp/morsel-286-mutation-qcdw70bm/issue-286-hero/app/Resources/JournalArt/a-night-mortadella.png (in target 'Morsel' from project 'Morsel')
    cd /tmp/morsel-286-mutation-qcdw70bm/issue-286-hero/app
    /Applications/Xcode.app/Contents/Developer/usr/bin/copypng -compress -strip-PNG-text /tmp/morsel-286-mutation-qcdw70bm/issue-286-hero/app/Resources/JournalArt/a-night-mortadella.png /tmp/morsel-286-dd/Build/Products/Debug-iphonesimulator/Morsel.app/a-night-mortadella.png

CopyPNGFile /tmp/morsel-286-dd/Build/Products/Debug-iphonesimulator/Morsel.app/a-night-focaccia.png /tmp/morsel-286-mutation-qcdw70bm/issue-286-hero/app/Resources/JournalArt/a-night-focaccia.png (in target 'Morsel' from project 'Morsel')
    cd /tmp/morsel-286-mutation-qcdw70bm/issue-286-hero/app
    /Applications/Xcode.app/Contents/Developer/usr/bin/copypng -compress -strip-PNG-text /tmp/morsel-286-mutation-qcdw70bm/issue-286-hero/app/Resources/JournalArt/a-night-focaccia.png /tmp/morsel-286-dd/Build/Products/Debug-iphonesimulator/Morsel.app/a-night-focaccia.png

PhaseScriptExecution Validate\ food-art\ completeness /tmp/morsel-286-dd/Build/Intermediates.noindex/Morsel.build/Debug-iphonesimulator/Morsel.build/Script-AAEBDFD09C6C89FF4BA7C6EF.sh (in target 'Morsel' from project 'Morsel')
    cd /tmp/morsel-286-mutation-qcdw70bm/issue-286-hero/app
    export ACTION\=build
    export AD_HOC_CODE_SIGNING_ALLOWED\=YES
    export AGGREGATE_TRACKED_DOMAINS\=YES
    export ALLOW_BUILD_REQUEST_OVERRIDES\=NO
    export ALLOW_TARGET_PLATFORM_SPECIALIZATION\=NO
    export ALTERNATE_GROUP\=staff
    export ALTERNATE_MODE\=u+w,go-w,a+rX
    export ALTERNATE_OWNER\=jirathip
    export ALTERNATIVE_DISTRIBUTION_WEB\=NO
    export ALWAYS_EMBED_SWIFT_STANDARD_LIBRARIES\=NO
    export ALWAYS_SEARCH_USER_PATHS\=NO
    export ALWAYS_USE_SEPARATE_HEADERMAPS\=NO
    export APPLICATION_EXTENSION_API_ONLY\=NO
    export APPLY_RULES_IN_COPY_FILES\=NO
    export APPLY_RULES_IN_COPY_HEADERS\=NO
    export APP_SHORTCUTS_ENABLE_FLEXIBLE_MATCHING\=YES
    export ARCHS\=arm64
    export ARCHS_BASE\=arm64
    export ARCHS_STANDARD\=arm64\ x86_64
    export ARCHS_STANDARD_32_64_BIT\=arm64\ x86_64
    export ARCHS_STANDARD_64_BIT\=arm64\ x86_64
    export ARCHS_STANDARD_INCLUDING_64_BIT\=arm64\ x86_64
    export ARCHS_UNIVERSAL_IPHONE_OS\=arm64\ x86_64
    export ASSETCATALOG_COMPILER_APPICON_NAME\=AppIcon
    export ASSETCATALOG_FILTER_FOR_DEVICE_MODEL\=iPhone18,1
    export ASSETCATALOG_FILTER_FOR_DEVICE_OS_VERSION\=26.5
    export ASSETCATALOG_FILTER_FOR_THINNING_DEVICE_CONFIGURATION\=iPhone18,1
    export AUTOMATICALLY_MERGE_DEPENDENCIES\=NO
    export AUTOMATION_APPLE_EVENTS\=NO
    export AVAILABLE_PLATFORMS\=android\ appletvos\ appletvsimulator\ driverkit\ freebsd\ iphoneos\ iphonesimulator\ linux\ macosx\ none\ openbsd\ qnx\ watchos\ watchsimulator\ webassembly\ xros\ xrsimulator
    export BUILD_ACTIVE_RESOURCES_ONLY\=YES
    export BUILD_COMPONENTS\=headers\ build
    export BUILD_DIR\=/tmp/morsel-286-dd/Build/Products
    export BUILD_LIBRARY_FOR_DISTRIBUTION\=NO
    export BUILD_ONLY_KNOWN_LOCALIZATIONS\=NO
    export BUILD_ROOT\=/tmp/morsel-286-dd/Build/Products
    export BUILD_STYLE\=
    export BUILD_VARIANTS\=normal
    export BUILT_PRODUCTS_DIR\=/tmp/morsel-286-dd/Build/Products/Debug-iphonesimulator
    export BUNDLE_CONTENTS_FOLDER_PATH_deep\=Contents/
    export BUNDLE_EXECUTABLE_FOLDER_NAME_deep\=MacOS
    export BUNDLE_EXTENSIONS_FOLDER_PATH\=Extensions
    export BUNDLE_FORMAT\=shallow
    export BUNDLE_FRAMEWORKS_FOLDER_PATH\=Frameworks
    export BUNDLE_PLUGINS_FOLDER_PATH\=PlugIns
    export BUNDLE_PRIVATE_HEADERS_FOLDER_PATH\=PrivateHeaders
    export BUNDLE_PUBLIC_HEADERS_FOLDER_PATH\=Headers
    export CACHE_ROOT\=/var/folders/4k/fbv06j2j5bbd3h4wgbwk1ccm0000gn/C/com.apple.DeveloperTools/26.6-17F113/Xcode
    export CCHROOT\=/var/folders/4k/fbv06j2j5bbd3h4wgbwk1ccm0000gn/C/com.apple.DeveloperTools/26.6-17F113/Xcode
    export CHMOD\=/bin/chmod
    export CHOWN\=chown
    export CLANG_ANALYZER_NONNULL\=YES
    export CLANG_ANALYZER_NUMBER_OBJECT_CONVERSION\=YES_AGGRESSIVE
    export CLANG_CACHE_FINE_GRAINED_OUTPUTS\=YES
    export CLANG_CXX_LANGUAGE_STANDARD\=gnu++14
    export CLANG_CXX_LIBRARY\=libc++
    export CLANG_ENABLE_EXPLICIT_MODULES\=YES
    export CLANG_ENABLE_MODULES\=YES
    export CLANG_ENABLE_OBJC_ARC\=YES
    export CLANG_ENABLE_OBJC_WEAK\=YES
    export CLANG_MODULES_BUILD_SESSION_FILE\=/tmp/morsel-286-dd/ModuleCache.noindex/Session.modulevalidation
    export CLANG_WARN_BLOCK_CAPTURE_AUTORELEASING\=YES
    export CLANG_WARN_BOOL_CONVERSION\=YES
    export CLANG_WARN_COMMA\=YES
    export CLANG_WARN_CONSTANT_CONVERSION\=YES
    export CLANG_WARN_DEPRECATED_OBJC_IMPLEMENTATIONS\=YES
    export CLANG_WARN_DIRECT_OBJC_ISA_USAGE\=YES_ERROR
    export CLANG_WARN_DOCUMENTATION_COMMENTS\=YES
    export CLANG_WARN_EMPTY_BODY\=YES
    export CLANG_WARN_ENUM_CONVERSION\=YES
    export CLANG_WARN_INFINITE_RECURSION\=YES
    export CLANG_WARN_INT_CONVERSION\=YES
    export CLANG_WARN_NON_LITERAL_NULL_CONVERSION\=YES
    export CLANG_WARN_OBJC_IMPLICIT_RETAIN_SELF\=YES
    export CLANG_WARN_OBJC_LITERAL_CONVERSION\=YES
    export CLANG_WARN_OBJC_ROOT_CLASS\=YES_ERROR
    export CLANG_WARN_QUOTED_INCLUDE_IN_FRAMEWORK_HEADER\=YES
    export CLANG_WARN_RANGE_LOOP_ANALYSIS\=YES
    export CLANG_WARN_STRICT_PROTOTYPES\=YES
    export CLANG_WARN_SUSPICIOUS_MOVE\=YES
    export CLANG_WARN_UNGUARDED_AVAILABILITY\=YES_AGGRESSIVE
    export CLANG_WARN_UNREACHABLE_CODE\=YES
    export CLANG_WARN__DUPLICATE_METHOD_MATCH\=YES
    export CLASS_FILE_DIR\=/tmp/morsel-286-dd/Build/Intermediates.noindex/Morsel.build/Debug-iphonesimulator/Morsel.build/JavaClasses
    export CLEAN_PRECOMPS\=YES
    export CLONE_HEADERS\=NO
    export CODESIGNING_FOLDER_PATH\=/tmp/morsel-286-dd/Build/Products/Debug-iphonesimulator/Morsel.app
    export CODE_SIGNING_ALLOWED\=NO
    export CODE_SIGNING_REQUIRED\=YES
    export CODE_SIGN_CONTEXT_CLASS\=XCiPhoneSimulatorCodeSignContext
    export CODE_SIGN_ENTITLEMENTS\=Morsel.entitlements
    export CODE_SIGN_IDENTITY\=iPhone\ Developer
    export CODE_SIGN_INJECT_BASE_ENTITLEMENTS\=YES
    export COLOR_DIAGNOSTICS\=NO
    export COMBINE_HIDPI_IMAGES\=NO
    export COMPILATION_CACHE_CAS_PATH\=/tmp/morsel-286-dd/CompilationCache.noindex
    export COMPILATION_CACHE_KEEP_CAS_DIRECTORY\=YES
    export COMPILER_INDEX_STORE_ENABLE\=Default
    export COMPOSITE_SDK_DIRS\=/tmp/morsel-286-dd/Build/Intermediates.noindex/CompositeSDKs
    export COMPRESS_PNG_FILES\=YES
    export CONFIGURATION\=Debug
    export CONFIGURATION_BUILD_DIR\=/tmp/morsel-286-dd/Build/Products/Debug-iphonesimulator
    export CONFIGURATION_TEMP_DIR\=/tmp/morsel-286-dd/Build/Intermediates.noindex/Morsel.build/Debug-iphonesimulator
    export CONTENTS_FOLDER_PATH\=Morsel.app
    export CONTENTS_FOLDER_PATH_SHALLOW_BUNDLE_NO\=Morsel.app/Contents
    export CONTENTS_FOLDER_PATH_SHALLOW_BUNDLE_YES\=Morsel.app
    export COPYING_PRESERVES_HFS_DATA\=NO
    export COPY_HEADERS_RUN_UNIFDEF\=NO
    export COPY_PHASE_STRIP\=NO
    export CORRESPONDING_DEVICE_PLATFORM_DIR\=/Applications/Xcode.app/Contents/Developer/Platforms/iPhoneOS.platform
    export CORRESPONDING_DEVICE_PLATFORM_NAME\=iphoneos
    export CORRESPONDING_DEVICE_SDK_DIR\=/Applications/Xcode.app/Contents/Developer/Platforms/iPhoneOS.platform/Developer/SDKs/iPhoneOS26.5.sdk
    export CORRESPONDING_DEVICE_SDK_NAME\=iphoneos26.5
    export CP\=/bin/cp
    export CREATE_INFOPLIST_SECTION_IN_BINARY\=NO
    export CURRENT_ARCH\=undefined_arch
    export CURRENT_PROJECT_VERSION\=1
    export CURRENT_VARIANT\=normal
    export DEAD_CODE_STRIPPING\=YES
    export DEBUGGING_SYMBOLS\=YES
    export DEBUG_INFORMATION_FORMAT\=dwarf
    export DEBUG_INFORMATION_VERSION\=compiler-default
    export DEFAULT_COMPILER\=com.apple.compilers.llvm.clang.1_0
    export DEFAULT_DEXT_INSTALL_PATH\=/System/Library/DriverExtensions
    export DEFAULT_KEXT_INSTALL_PATH\=/System/Library/Extensions
    export DEFINES_MODULE\=NO
    export DEPLOYMENT_LOCATION\=NO
    export DEPLOYMENT_POSTPROCESSING\=NO
    export DEPLOYMENT_TARGET_SETTING_NAME\=IPHONEOS_DEPLOYMENT_TARGET
    export DEPLOYMENT_TARGET_SUGGESTED_VALUES\=12.0\ 12.1\ 12.2\ 12.3\ 12.4\ 13.0\ 13.1\ 13.2\ 13.3\ 13.4\ 13.5\ 13.6\ 14.0\ 14.1\ 14.2\ 14.3\ 14.4\ 14.5\ 14.6\ 14.7\ 15.0\ 15.1\ 15.2\ 15.3\ 15.4\ 15.5\ 15.6\ 16.0\ 16.1\ 16.2\ 16.3\ 16.4\ 16.5\ 16.6\ 17.0\ 17.1\ 17.2\ 17.3\ 17.4\ 17.5\ 17.6\ 18.0\ 18.1\ 18.2\ 18.3\ 18.4\ 18.5\ 18.6\ 26.0\ 26.2\ 26.3\ 26.4\ 26.5
    export DERIVED_FILES_DIR\=/tmp/morsel-286-dd/Build/Intermediates.noindex/Morsel.build/Debug-iphonesimulator/Morsel.build/DerivedSources
    export DERIVED_FILE_DIR\=/tmp/morsel-286-dd/Build/Intermediates.noindex/Morsel.build/Debug-iphonesimulator/Morsel.build/DerivedSources
    export DERIVED_SOURCES_DIR\=/tmp/morsel-286-dd/Build/Intermediates.noindex/Morsel.build/Debug-iphonesimulator/Morsel.build/DerivedSources
    export DEVELOPER_APPLICATIONS_DIR\=/Applications/Xcode.app/Contents/Developer/Applications
    export DEVELOPER_BIN_DIR\=/Applications/Xcode.app/Contents/Developer/usr/bin
    export DEVELOPER_DIR\=/Applications/Xcode.app/Contents/Developer
    export DEVELOPER_FRAMEWORKS_DIR\=/Applications/Xcode.app/Contents/Developer/Library/Frameworks
    export DEVELOPER_FRAMEWORKS_DIR_QUOTED\=/Applications/Xcode.app/Contents/Developer/Library/Frameworks
    export DEVELOPER_LIBRARY_DIR\=/Applications/Xcode.app/Contents/Developer/Library
    export DEVELOPER_SDK_DIR\=/Applications/Xcode.app/Contents/Developer/Platforms/MacOSX.platform/Developer/SDKs
    export DEVELOPER_TOOLS_DIR\=/Applications/Xcode.app/Contents/Developer/Tools
    export DEVELOPER_USR_DIR\=/Applications/Xcode.app/Contents/Developer/usr
    export DEVELOPMENT_LANGUAGE\=en
    export DIAGNOSE_MISSING_TARGET_DEPENDENCIES\=YES
    export DIFF\=/usr/bin/diff
    export DOCUMENTATION_FOLDER_PATH\=Morsel.app/en.lproj/Documentation
    export DONT_GENERATE_INFOPLIST_FILE\=NO
    export DSTROOT\=/tmp/Morsel.dst
    export DT_TOOLCHAIN_DIR\=/Applications/Xcode.app/Contents/Developer/Toolchains/XcodeDefault.xctoolchain
    export DUMP_DEPENDENCIES\=NO
    export DUMP_DEPENDENCIES_OUTPUT_PATH\=/tmp/morsel-286-dd/Build/Intermediates.noindex/Morsel.build/Debug-iphonesimulator/Morsel.build/Morsel-BuildDependencyInfo.json
    export DWARF_DSYM_FILE_NAME\=Morsel.app.dSYM
    export DWARF_DSYM_FILE_SHOULD_ACCOMPANY_PRODUCT\=NO
    export DWARF_DSYM_FOLDER_PATH\=/tmp/morsel-286-dd/Build/Products/Debug-iphonesimulator
    export DYNAMIC_LIBRARY_EXTENSION\=dylib
    export EAGER_COMPILATION_ALLOW_SCRIPTS\=NO
    export EAGER_LINKING\=NO
    export EFFECTIVE_PLATFORM_NAME\=-iphonesimulator
    export EFFECTIVE_SWIFT_VERSION\=5
    export EMBEDDED_CONTENT_CONTAINS_SWIFT\=NO
    export EMBED_ASSET_PACKS_IN_PRODUCT_BUNDLE\=NO
    export EMBED_PACKAGE_RESOURCE_BUNDLE_NAMES\=\ swift-crypto_Crypto
    export ENABLE_APP_SANDBOX\=NO
    export ENABLE_CODE_COVERAGE\=YES
    export ENABLE_COHORT_ARCHS\=NO
    export ENABLE_CPLUSPLUS_BOUNDS_SAFE_BUFFERS\=NO
    export ENABLE_C_BOUNDS_SAFETY\=NO
    export ENABLE_DEBUG_DYLIB\=YES
    export ENABLE_DEFAULT_HEADER_SEARCH_PATHS\=YES
    export ENABLE_DEFAULT_SEARCH_PATHS\=YES
    export ENABLE_ENHANCED_SECURITY\=NO
    export ENABLE_HARDENED_RUNTIME\=NO
    export ENABLE_HEADER_DEPENDENCIES\=YES
    export ENABLE_INCOMING_NETWORK_CONNECTIONS\=NO
    export ENABLE_ON_DEMAND_RESOURCES\=YES
    export ENABLE_OUTGOING_NETWORK_CONNECTIONS\=NO
    export ENABLE_POINTER_AUTHENTICATION\=NO
    export ENABLE_PREVIEWS\=NO
    export ENABLE_RESOURCE_ACCESS_AUDIO_INPUT\=NO
    export ENABLE_RESOURCE_ACCESS_BLUETOOTH\=NO
    export ENABLE_RESOURCE_ACCESS_CALENDARS\=NO
    export ENABLE_RESOURCE_ACCESS_CAMERA\=NO
    export ENABLE_RESOURCE_ACCESS_CONTACTS\=NO
    export ENABLE_RESOURCE_ACCESS_LOCATION\=NO
    export ENABLE_RESOURCE_ACCESS_PHOTO_LIBRARY\=NO
    export ENABLE_RESOURCE_ACCESS_PRINTING\=NO
    export ENABLE_RESOURCE_ACCESS_USB\=NO
    export ENABLE_SDK_IMPORTS\=NO
    export ENABLE_SECURITY_COMPILER_WARNINGS\=NO
    export ENABLE_STRICT_OBJC_MSGSEND\=YES
    export ENABLE_TESTABILITY\=YES
    export ENABLE_TESTING_SEARCH_PATHS\=NO
    export ENABLE_USER_SCRIPT_SANDBOXING\=NO
    export ENABLE_XOJIT_PREVIEWS\=YES
    export ENFORCE_VALID_ARCHS\=YES
    export ENTITLEMENTS_ALLOWED\=NO
    export ENTITLEMENTS_DESTINATION\=__entitlements
    export ENTITLEMENTS_REQUIRED\=NO
    export EXCLUDED_INSTALLSRC_SUBDIRECTORY_PATTERNS\=.DS_Store\ .svn\ .git\ .hg\ CVS
    export EXCLUDED_RECURSIVE_SEARCH_PATH_SUBDIRECTORIES\=\*.nib\ \*.lproj\ \*.framework\ \*.gch\ \*.xcode\*\ \*.xcassets\ \*.icon\ \(\*\)\ .DS_Store\ CVS\ .svn\ .git\ .hg\ \*.pbproj\ \*.pbxproj
    export EXECUTABLES_FOLDER_PATH\=Morsel.app/Executables
    export EXECUTABLE_BLANK_INJECTION_DYLIB_PATH\=Morsel.app/__preview.dylib
    export EXECUTABLE_DEBUG_DYLIB_INSTALL_NAME\=@rpath/Morsel.debug.dylib
    export EXECUTABLE_DEBUG_DYLIB_PATH\=Morsel.app/Morsel.debug.dylib
    export EXECUTABLE_FOLDER_PATH\=Morsel.app
    export EXECUTABLE_FOLDER_PATH_SHALLOW_BUNDLE_NO\=Morsel.app/MacOS
    export EXECUTABLE_FOLDER_PATH_SHALLOW_BUNDLE_YES\=Morsel.app
    export EXECUTABLE_NAME\=Morsel
    export EXECUTABLE_PATH\=Morsel.app/Morsel
    export EXTENSIONS_FOLDER_PATH\=Morsel.app/Extensions
    export FILE_LIST\=/tmp/morsel-286-dd/Build/Intermediates.noindex/Morsel.build/Debug-iphonesimulator/Morsel.build/Objects/LinkFileList
    export FIXED_FILES_DIR\=/tmp/morsel-286-dd/Build/Intermediates.noindex/Morsel.build/Debug-iphonesimulator/Morsel.build/FixedFiles
    export FRAMEWORKS_FOLDER_PATH\=Morsel.app/Frameworks
    export FRAMEWORK_FLAG_PREFIX\=-framework
    export FRAMEWORK_SEARCH_PATHS\=/tmp/morsel-286-dd/Build/Products/Debug-iphonesimulator/PackageFrameworks\ /tmp/morsel-286-dd/Build/Products/Debug-iphonesimulator/PackageFrameworks\ /tmp/morsel-286-dd/Build/Products/Debug-iphonesimulator/PackageFrameworks\ /tmp/morsel-286-dd/Build/Products/Debug-iphonesimulator/PackageFrameworks\ /tmp/morsel-286-dd/Build/Products/Debug-iphonesimulator/PackageFrameworks\ /tmp/morsel-286-dd/Build/Products/Debug-iphonesimulator/PackageFrameworks\ /tmp/morsel-286-dd/Build/Products/Debug-iphonesimulator/PackageFrameworks\ /tmp/morsel-286-dd/Build/Products/Debug-iphonesimulator/PackageFrameworks\ /tmp/morsel-286-dd/Build/Products/Debug-iphonesimulator/PackageFrameworks\ /tmp/morsel-286-dd/Build/Products/Debug-iphonesimulator/PackageFrameworks\ /tmp/morsel-286-dd/Build/Products/Debug-iphonesimulator/PackageFrameworks\ /tmp/morsel-286-dd/Build/Products/Debug-iphonesimulator/PackageFrameworks\ /tmp/morsel-286-dd/Build/Products/Debug-iphonesimulator/PackageFrameworks\ /tmp/morsel-286-dd/Build/Products/Debug-iphonesimulator/PackageFrameworks\ /tmp/morsel-286-dd/Build/Products/Debug-iphonesimulator\
    export FRAMEWORK_VERSION\=A
    export FULL_PRODUCT_NAME\=Morsel.app
    export FUSE_BUILD_PHASES\=YES
    export FUSE_BUILD_SCRIPT_PHASES\=NO
    export GCC3_VERSION\=3.3
    export GCC_C_LANGUAGE_STANDARD\=gnu11
    export GCC_DYNAMIC_NO_PIC\=NO
    export GCC_INLINES_ARE_PRIVATE_EXTERN\=YES
    export GCC_NO_COMMON_BLOCKS\=YES
    export GCC_OBJC_LEGACY_DISPATCH\=YES
    export GCC_OPTIMIZATION_LEVEL\=0
    export GCC_PFE_FILE_C_DIALECTS\=c\ objective-c\ c++\ objective-c++
    export GCC_PREPROCESSOR_DEFINITIONS\=\ DEBUG\=1
    export GCC_SYMBOLS_PRIVATE_EXTERN\=NO
    export GCC_TREAT_WARNINGS_AS_ERRORS\=NO
    export GCC_VERSION\=com.apple.compilers.llvm.clang.1_0
    export GCC_VERSION_IDENTIFIER\=com_apple_compilers_llvm_clang_1_0
    export GCC_WARN_64_TO_32_BIT_CONVERSION\=YES
    export GCC_WARN_ABOUT_RETURN_TYPE\=YES_ERROR
    export GCC_WARN_UNDECLARED_SELECTOR\=YES
    export GCC_WARN_UNINITIALIZED_AUTOS\=YES_AGGRESSIVE
    export GCC_WARN_UNUSED_FUNCTION\=YES
    export GCC_WARN_UNUSED_VARIABLE\=YES
    export GENERATED_MODULEMAP_DIR\=/tmp/morsel-286-dd/Build/Intermediates.noindex/GeneratedModuleMaps-iphonesimulator
    export GENERATE_INFOPLIST_FILE\=NO
    export GENERATE_INTERMEDIATE_TEXT_BASED_STUBS\=YES
    export GENERATE_PKGINFO_FILE\=YES
    export GENERATE_PRELINK_OBJECT_FILE\=NO
    export GENERATE_PROFILING_CODE\=NO
    export GENERATE_TEXT_BASED_STUBS\=NO
    export GID\=20
    export GROUP\=staff
    export HEADERMAP_INCLUDES_FLAT_ENTRIES_FOR_TARGET_BEING_BUILT\=YES
    export HEADERMAP_INCLUDES_FRAMEWORK_ENTRIES_FOR_ALL_PRODUCT_TYPES\=YES
    export HEADERMAP_INCLUDES_FRAMEWORK_ENTRIES_FOR_TARGETS_NOT_BEING_BUILT\=YES
    export HEADERMAP_INCLUDES_NONPUBLIC_NONPRIVATE_HEADERS\=YES
    export HEADERMAP_INCLUDES_PROJECT_HEADERS\=YES
    export HEADERMAP_USES_FRAMEWORK_PREFIX_ENTRIES\=YES
    export HEADERMAP_USES_VFS\=NO
    export HEADER_SEARCH_PATHS\=/tmp/morsel-286-dd/Build/Products/Debug-iphonesimulator/include\
    export HOME\=/Users/jirathip
    export HOST_ARCH\=arm64
    export HOST_PLATFORM\=macosx
    export ICONV\=/usr/bin/iconv
    export IMPLICIT_DEPENDENCY_DOMAIN\=default
    export INDEX_STORE_COMPRESS\=NO
    export INDEX_STORE_ONLY_PROJECT_FILES\=NO
    export INFOPLIST_ENABLE_CFBUNDLEICONS_MERGE\=YES
    export INFOPLIST_EXPAND_BUILD_SETTINGS\=YES
    export INFOPLIST_FILE\=../fastlane/Morsel-Info.plist
    export INFOPLIST_KEY_CFBundleDisplayName\=Morsel
    export INFOPLIST_KEY_ITSAppUsesNonExemptEncryption\=NO
    export INFOPLIST_KEY_NSCameraUsageDescription\=Morsel\ uses\ the\ camera\ to\ attach\ a\ photo\ to\ your\ meal\ log.
    export INFOPLIST_KEY_NSHealthShareUsageDescription\=Morsel\ reads\ weight,\ active\ energy\ and\ workouts\ to\ show\ dated\ Health\ context.\ It\ never\ adds\ movement\ calories\ to\ your\ food\ target.
    export INFOPLIST_KEY_NSHealthUpdateUsageDescription\=Morsel\ reads\ your\ weight,\ active\ energy\ and\ workouts\ from\ Apple\ Health\ and\ does\ not\ write\ health\ data.
    export INFOPLIST_KEY_NSPhotoLibraryUsageDescription\=Morsel\ uses\ your\ photo\ library\ to\ attach\ a\ photo\ to\ your\ meal\ log.
    export INFOPLIST_KEY_UIApplicationSceneManifest_Generation\=YES
    export INFOPLIST_KEY_UIApplicationSupportsIndirectInputEvents\=YES
    export INFOPLIST_KEY_UILaunchScreen_Generation\=YES
    export INFOPLIST_OUTPUT_FORMAT\=binary
    export INFOPLIST_PATH\=Morsel.app/Info.plist
    export INFOPLIST_PREPROCESS\=NO
    export INFOSTRINGS_PATH\=Morsel.app/en.lproj/InfoPlist.strings
    export INLINE_PRIVATE_FRAMEWORKS\=NO
    export INSTALLAPI_IGNORE_SKIP_INSTALL\=YES
    export INSTALLHDRS_COPY_PHASE\=NO
    export INSTALLHDRS_SCRIPT_PHASE\=NO
    export INSTALL_DIR\=/tmp/Morsel.dst/Applications
    export INSTALL_GROUP\=staff
    export INSTALL_MODE_FLAG\=u+w,go-w,a+rX
    export INSTALL_OWNER\=jirathip
    export INSTALL_PATH\=/Applications
    export INSTALL_ROOT\=/tmp/Morsel.dst
    export IPHONEOS_DEPLOYMENT_TARGET\=17.0
    export IS_UNOPTIMIZED_BUILD\=YES
    export JAVAC_DEFAULT_FLAGS\=-J-Xms64m\ -J-XX:NewSize\=4M\ -J-Dfile.encoding\=UTF8
    export JAVA_APP_STUB\=/System/Library/Frameworks/JavaVM.framework/Resources/MacOS/JavaApplicationStub
    export JAVA_ARCHIVE_CLASSES\=YES
    export JAVA_ARCHIVE_TYPE\=JAR
    export JAVA_COMPILER\=/usr/bin/javac
    export JAVA_FOLDER_PATH\=Morsel.app/Java
    export JAVA_FRAMEWORK_RESOURCES_DIRS\=Resources
    export JAVA_JAR_FLAGS\=cv
    export JAVA_SOURCE_SUBDIR\=.
    export JAVA_USE_DEPENDENCIES\=YES
    export JAVA_ZIP_FLAGS\=-urg
    export JIKES_DEFAULT_FLAGS\=+E\ +OLDCSO
    export KEEP_PRIVATE_EXTERNS\=NO
    export LD_DEPENDENCY_INFO_FILE\=/tmp/morsel-286-dd/Build/Intermediates.noindex/Morsel.build/Debug-iphonesimulator/Morsel.build/Objects-normal/undefined_arch/Morsel_dependency_info.dat
    export LD_EXPORT_SYMBOLS\=YES
    export LD_GENERATE_MAP_FILE\=NO
    export LD_MAP_FILE_PATH\=/tmp/morsel-286-dd/Build/Intermediates.noindex/Morsel.build/Debug-iphonesimulator/Morsel.build/Morsel-LinkMap-normal-undefined_arch.txt
    export LD_NO_PIE\=NO
    export LD_QUOTE_LINKER_ARGUMENTS_FOR_COMPILER_DRIVER\=YES
    export LD_RUNPATH_SEARCH_PATHS\=/tmp/morsel-286-dd/Build/Products/Debug-iphonesimulator/PackageFrameworks\ /tmp/morsel-286-dd/Build/Products/Debug-iphonesimulator/PackageFrameworks\ /tmp/morsel-286-dd/Build/Products/Debug-iphonesimulator/PackageFrameworks\ /tmp/morsel-286-dd/Build/Products/Debug-iphonesimulator/PackageFrameworks\ /tmp/morsel-286-dd/Build/Products/Debug-iphonesimulator/PackageFrameworks\ /tmp/morsel-286-dd/Build/Products/Debug-iphonesimulator/PackageFrameworks\ /tmp/morsel-286-dd/Build/Products/Debug-iphonesimulator/PackageFrameworks\ /tmp/morsel-286-dd/Build/Products/Debug-iphonesimulator/PackageFrameworks\ /tmp/morsel-286-dd/Build/Products/Debug-iphonesimulator/PackageFrameworks\ /tmp/morsel-286-dd/Build/Products/Debug-iphonesimulator/PackageFrameworks\ /tmp/morsel-286-dd/Build/Products/Debug-iphonesimulator/PackageFrameworks\ /tmp/morsel-286-dd/Build/Products/Debug-iphonesimulator/PackageFrameworks\ /tmp/morsel-286-dd/Build/Products/Debug-iphonesimulator/PackageFrameworks\ /tmp/morsel-286-dd/Build/Products/Debug-iphonesimulator/PackageFrameworks\ \ @executable_path/Frameworks
    export LD_RUNPATH_SEARCH_PATHS_YES\=@loader_path/../Frameworks
    export LD_SHARED_CACHE_ELIGIBLE\=Automatic
    export LD_WARN_DUPLICATE_LIBRARIES\=NO
    export LD_WARN_UNUSED_DYLIBS\=NO
    export LEGACY_DEVELOPER_DIR\=/Applications/Xcode.app/Contents/PlugIns/Xcode3Core.ideplugin/Contents/SharedSupport/Developer
    export LEX\=lex
    export LIBRARY_DEXT_INSTALL_PATH\=/Library/DriverExtensions
    export LIBRARY_FLAG_NOSPACE\=YES
    export LIBRARY_FLAG_PREFIX\=-l
    export LIBRARY_KEXT_INSTALL_PATH\=/Library/Extensions
    export LIBRARY_SEARCH_PATHS\=/tmp/morsel-286-dd/Build/Products/Debug-iphonesimulator\
    export LINKER_DISPLAYS_MANGLED_NAMES\=NO
    export LINK_FILE_LIST_normal_arm64\=/tmp/morsel-286-dd/Build/Intermediates.noindex/Morsel.build/Debug-iphonesimulator/Morsel.build/Objects-normal/arm64/Morsel.LinkFileList
    export LINK_OBJC_RUNTIME\=YES
    export LINK_WITH_STANDARD_LIBRARIES\=YES
    export LLVM_TARGET_TRIPLE_OS_VERSION\=ios17.0
    export LLVM_TARGET_TRIPLE_SUFFIX\=-simulator
    export LLVM_TARGET_TRIPLE_VENDOR\=apple
    export LM_AUX_CONST_METADATA_LIST_PATH_normal_arm64\=/tmp/morsel-286-dd/Build/Intermediates.noindex/Morsel.build/Debug-iphonesimulator/Morsel.build/Objects-normal/arm64/Morsel.SwiftConstValuesFileList
    export LOCALIZATION_EXPORT_SUPPORTED\=YES
    export LOCALIZATION_PREFERS_STRING_CATALOGS\=NO
    export LOCALIZED_RESOURCES_FOLDER_PATH\=Morsel.app/en.lproj
    export LOCALIZED_STRING_CODE_COMMENTS\=NO
    export LOCALIZED_STRING_MACRO_NAMES\=NSLocalizedString\ CFCopyLocalizedString
    export LOCALIZED_STRING_SWIFTUI_SUPPORT\=YES
    export LOCAL_ADMIN_APPS_DIR\=/Applications/Utilities
    export LOCAL_APPS_DIR\=/Applications
    export LOCAL_DEVELOPER_DIR\=/Library/Developer
    export LOCAL_LIBRARY_DIR\=/Library
    export LOCROOT\=/tmp/morsel-286-mutation-qcdw70bm/issue-286-hero/app
    export LOCSYMROOT\=/tmp/morsel-286-mutation-qcdw70bm/issue-286-hero/app
    export MACH_O_TYPE\=mh_execute
    export MAC_OS_X_PRODUCT_BUILD_VERSION\=25G83
    export MAC_OS_X_VERSION_ACTUAL\=260602
    export MAC_OS_X_VERSION_MAJOR\=260000
    export MAC_OS_X_VERSION_MINOR\=260600
    export MAKE_MERGEABLE\=NO
    export MARKETING_VERSION\=1.0.0
    export MERGEABLE_LIBRARY\=NO
    export MERGED_BINARY_TYPE\=none
    export MERGE_LINKED_LIBRARIES\=NO
    export METAL_LIBRARY_FILE_BASE\=default
    export METAL_LIBRARY_OUTPUT_DIR\=/tmp/morsel-286-dd/Build/Products/Debug-iphonesimulator/Morsel.app
    export MODULES_FOLDER_PATH\=Morsel.app/Modules
    export MODULE_CACHE_DIR\=/tmp/morsel-286-dd/ModuleCache.noindex
    export MTL_ENABLE_DEBUG_INFO\=INCLUDE_SOURCE
    export MTL_FAST_MATH\=YES
    export NATIVE_ARCH\=arm64
    export NATIVE_ARCH_32_BIT\=arm
    export NATIVE_ARCH_64_BIT\=arm64
    export NATIVE_ARCH_ACTUAL\=arm64
    export NO_COMMON\=YES
    export OBJC_ABI_VERSION\=2
    export OBJECT_FILE_DIR\=/tmp/morsel-286-dd/Build/Intermediates.noindex/Morsel.build/Debug-iphonesimulator/Morsel.build/Objects
    export OBJECT_FILE_DIR_normal\=/tmp/morsel-286-dd/Build/Intermediates.noindex/Morsel.build/Debug-iphonesimulator/Morsel.build/Objects-normal
    export OBJROOT\=/tmp/morsel-286-dd/Build/Intermediates.noindex
    export ONLY_ACTIVE_ARCH\=YES
    export OS\=MACOS
    export OSAC\=/usr/bin/osacompile
    export OTHER_CFLAGS\=-fmodule-map-file\=/tmp/morsel-286-dd/Build/Intermediates.noindex/GeneratedModuleMaps-iphonesimulator/ConcurrencyExtras.modulemap\ -fmodule-map-file\=/tmp/morsel-286-dd/Build/Intermediates.noindex/GeneratedModuleMaps-iphonesimulator/HTTPTypes.modulemap\ -fmodule-map-file\=/tmp/morsel-286-dd/Build/Intermediates.noindex/GeneratedModuleMaps-iphonesimulator/Clocks.modulemap\ -fmodule-map-file\=/tmp/morsel-286-dd/Build/Intermediates.noindex/GeneratedModuleMaps-iphonesimulator/XCTestDynamicOverlay.modulemap\ -fmodule-map-file\=/tmp/morsel-286-dd/Build/Intermediates.noindex/GeneratedModuleMaps-iphonesimulator/IssueReporting.modulemap\ -fmodule-map-file\=/tmp/morsel-286-dd/Build/Intermediates.noindex/GeneratedModuleMaps-iphonesimulator/Crypto.modulemap\ -fmodule-map-file\=/tmp/morsel-286-dd/Build/Intermediates.noindex/GeneratedModuleMaps-iphonesimulator/Storage.modulemap\ -fmodule-map-file\=/tmp/morsel-286-dd/Build/Intermediates.noindex/GeneratedModuleMaps-iphonesimulator/Realtime.modulemap\ -fmodule-map-file\=/tmp/morsel-286-dd/Build/Intermediates.noindex/GeneratedModuleMaps-iphonesimulator/RealtimeV2.modulemap\ -fmodule-map-file\=/tmp/morsel-286-dd/Build/Intermediates.noindex/GeneratedModuleMaps-iphonesimulator/PostgREST.modulemap\ -fmodule-map-file\=/tmp/morsel-286-dd/Build/Intermediates.noindex/GeneratedModuleMaps-iphonesimulator/Functions.modulemap\ -fmodule-map-file\=/tmp/morsel-286-dd/Build/Intermediates.noindex/GeneratedModuleMaps-iphonesimulator/Auth.modulemap\ -fmodule-map-file\=/tmp/morsel-286-dd/Build/Intermediates.noindex/GeneratedModuleMaps-iphonesimulator/Helpers.modulemap\ -fmodule-map-file\=/tmp/morsel-286-dd/Build/Intermediates.noindex/GeneratedModuleMaps-iphonesimulator/Supabase.modulemap\
    export OTHER_CPLUSPLUSFLAGS\=-fmodule-map-file\=/tmp/morsel-286-dd/Build/Intermediates.noindex/GeneratedModuleMaps-iphonesimulator/ConcurrencyExtras.modulemap\ -fmodule-map-file\=/tmp/morsel-286-dd/Build/Intermediates.noindex/GeneratedModuleMaps-iphonesimulator/HTTPTypes.modulemap\ -fmodule-map-file\=/tmp/morsel-286-dd/Build/Intermediates.noindex/GeneratedModuleMaps-iphonesimulator/Clocks.modulemap\ -fmodule-map-file\=/tmp/morsel-286-dd/Build/Intermediates.noindex/GeneratedModuleMaps-iphonesimulator/XCTestDynamicOverlay.modulemap\ -fmodule-map-file\=/tmp/morsel-286-dd/Build/Intermediates.noindex/GeneratedModuleMaps-iphonesimulator/IssueReporting.modulemap\ -fmodule-map-file\=/tmp/morsel-286-dd/Build/Intermediates.noindex/GeneratedModuleMaps-iphonesimulator/Crypto.modulemap\ -fmodule-map-file\=/tmp/morsel-286-dd/Build/Intermediates.noindex/GeneratedModuleMaps-iphonesimulator/Storage.modulemap\ -fmodule-map-file\=/tmp/morsel-286-dd/Build/Intermediates.noindex/GeneratedModuleMaps-iphonesimulator/Realtime.modulemap\ -fmodule-map-file\=/tmp/morsel-286-dd/Build/Intermediates.noindex/GeneratedModuleMaps-iphonesimulator/RealtimeV2.modulemap\ -fmodule-map-file\=/tmp/morsel-286-dd/Build/Intermediates.noindex/GeneratedModuleMaps-iphonesimulator/PostgREST.modulemap\ -fmodule-map-file\=/tmp/morsel-286-dd/Build/Intermediates.noindex/GeneratedModuleMaps-iphonesimulator/Functions.modulemap\ -fmodule-map-file\=/tmp/morsel-286-dd/Build/Intermediates.noindex/GeneratedModuleMaps-iphonesimulator/Auth.modulemap\ -fmodule-map-file\=/tmp/morsel-286-dd/Build/Intermediates.noindex/GeneratedModuleMaps-iphonesimulator/Helpers.modulemap\ -fmodule-map-file\=/tmp/morsel-286-dd/Build/Intermediates.noindex/GeneratedModuleMaps-iphonesimulator/Supabase.modulemap\
    export OTHER_LDFLAGS\=-Wl,-no_warn_duplicate_libraries\ -Wl,-no_warn_duplicate_libraries\ -Wl,-no_warn_duplicate_libraries\ -Wl,-no_warn_duplicate_libraries\ -Wl,-no_warn_duplicate_libraries\ -Wl,-no_warn_duplicate_libraries\ -Wl,-no_warn_duplicate_libraries\ -Wl,-no_warn_duplicate_libraries\ -Wl,-no_warn_duplicate_libraries\ -Wl,-no_warn_duplicate_libraries\ -Wl,-no_warn_duplicate_libraries\ -Wl,-no_warn_duplicate_libraries\ -Wl,-no_warn_duplicate_libraries\ -Wl,-no_warn_duplicate_libraries\
    export PACKAGE_TYPE\=com.apple.package-type.wrapper.application
    export PASCAL_STRINGS\=YES
    export PATH\=/Applications/Xcode.app/Contents/SharedFrameworks/SwiftBuild.framework/Versions/A/PlugIns/SWBBuildService.bundle/Contents/PlugIns/SWBUniversalPlatformPlugin.bundle/Contents/Frameworks/SWBUniversalPlatform.framework/Resources:/Applications/Xcode.app/Contents/Developer/Toolchains/XcodeDefault.xctoolchain/usr/bin:/Applications/Xcode.app/Contents/Developer/Toolchains/XcodeDefault.xctoolchain/usr/local/bin:/Applications/Xcode.app/Contents/Developer/Toolchains/XcodeDefault.xctoolchain/usr/libexec:/Applications/Xcode.app/Contents/Developer/Platforms/iPhoneSimulator.platform/usr/bin:/Applications/Xcode.app/Contents/Developer/Platforms/iPhoneSimulator.platform/usr/local/bin:/Applications/Xcode.app/Contents/Developer/Platforms/iPhoneSimulator.platform/Developer/usr/bin:/Applications/Xcode.app/Contents/Developer/Platforms/iPhoneSimulator.platform/Developer/usr/local/bin:/Applications/Xcode.app/Contents/Developer/usr/bin:/Applications/Xcode.app/Contents/Developer/usr/local/bin:/Users/jirathip/.config/nvm/versions/node/v22.23.2/bin:/Users/jirathip/.local/share/mise/installs/node/24.19.0/bin:/Users/jirathip/.local/share/mise/installs/terraform/latest:/Users/jirathip/.local/bin:/opt/homebrew/bin:/opt/homebrew/sbin:/usr/local/bin:/System/Cryptexes/App/usr/bin:/usr/bin:/bin:/usr/sbin:/sbin:/var/run/com.apple.security.cryptexd/codex.system/bootstrap/usr/local/bin:/var/run/com.apple.security.cryptexd/codex.system/bootstrap/usr/bin:/var/run/com.apple.security.cryptexd/codex.system/bootstrap/usr/appleinternal/bin:/pkg/env/global/bin:/Library/Apple/usr/bin:/Users/jirathip/.cargo/bin:/Users/jirathip/.hermes/hermes-agent/venv/bin
    export PATH_PREFIXES_EXCLUDED_FROM_HEADER_DEPENDENCIES\=/usr/include\ /usr/local/include\ /System/Library/Frameworks\ /System/Library/PrivateFrameworks\ /Applications/Xcode.app/Contents/Developer/Headers\ /Applications/Xcode.app/Contents/Developer/SDKs\ /Applications/Xcode.app/Contents/Developer/Platforms
    export PBDEVELOPMENTPLIST_PATH\=Morsel.app/pbdevelopment.plist
    export PER_ARCH_MODULE_FILE_DIR\=/tmp/morsel-286-dd/Build/Intermediates.noindex/Morsel.build/Debug-iphonesimulator/Morsel.build/Objects-normal/undefined_arch
    export PER_ARCH_OBJECT_FILE_DIR\=/tmp/morsel-286-dd/Build/Intermediates.noindex/Morsel.build/Debug-iphonesimulator/Morsel.build/Objects-normal/undefined_arch
    export PER_VARIANT_OBJECT_FILE_DIR\=/tmp/morsel-286-dd/Build/Intermediates.noindex/Morsel.build/Debug-iphonesimulator/Morsel.build/Objects-normal
    export PKGINFO_FILE_PATH\=/tmp/morsel-286-dd/Build/Intermediates.noindex/Morsel.build/Debug-iphonesimulator/Morsel.build/PkgInfo
    export PKGINFO_PATH\=Morsel.app/PkgInfo
    export PLATFORM_DEVELOPER_APPLICATIONS_DIR\=/Applications/Xcode.app/Contents/Developer/Platforms/iPhoneSimulator.platform/Developer/Applications
    export PLATFORM_DEVELOPER_BIN_DIR\=/Applications/Xcode.app/Contents/Developer/Platforms/iPhoneSimulator.platform/Developer/usr/bin
    export PLATFORM_DEVELOPER_LIBRARY_DIR\=/Applications/Xcode.app/Contents/Developer/Platforms/iPhoneSimulator.platform/Developer/Library
    export PLATFORM_DEVELOPER_SDK_DIR\=/Applications/Xcode.app/Contents/Developer/Platforms/iPhoneSimulator.platform/Developer/SDKs
    export PLATFORM_DEVELOPER_TOOLS_DIR\=/Applications/Xcode.app/Contents/Developer/Platforms/iPhoneSimulator.platform/Developer/Tools
    export PLATFORM_DEVELOPER_USR_DIR\=/Applications/Xcode.app/Contents/Developer/Platforms/iPhoneSimulator.platform/Developer/usr
    export PLATFORM_DIR\=/Applications/Xcode.app/Contents/Developer/Platforms/iPhoneSimulator.platform
    export PLATFORM_DISPLAY_NAME\=iOS\ Simulator
    export PLATFORM_FAMILY_NAME\=iOS
    export PLATFORM_NAME\=iphonesimulator
    export PLATFORM_PREFERRED_ARCH\=x86_64
    export PLATFORM_PRODUCT_BUILD_VERSION\=23F81a
    export PLATFORM_REQUIRES_SWIFT_AUTOLINK_EXTRACT\=NO
    export PLATFORM_REQUIRES_SWIFT_MODULEWRAP\=NO
    export PLATFORM_USES_DSYMS\=YES
    export PLIST_FILE_OUTPUT_FORMAT\=binary
    export PLUGINS_FOLDER_PATH\=Morsel.app/PlugIns
    export PRECOMPS_INCLUDE_HEADERS_FROM_BUILT_PRODUCTS_DIR\=YES
    export PRECOMP_DESTINATION_DIR\=/tmp/morsel-286-dd/Build/Intermediates.noindex/Morsel.build/Debug-iphonesimulator/Morsel.build/PrefixHeaders
    export PRIVATE_HEADERS_FOLDER_PATH\=Morsel.app/PrivateHeaders
    export PROCESSED_INFOPLIST_PATH\=/tmp/morsel-286-dd/Build/Intermediates.noindex/Morsel.build/Debug-iphonesimulator/Morsel.build/Objects-normal/undefined_arch/Processed-Info.plist
    export PRODUCT_BUNDLE_IDENTIFIER\=com.jirathip.morsel
    export PRODUCT_BUNDLE_PACKAGE_TYPE\=APPL
    export PRODUCT_MODULE_NAME\=Morsel
    export PRODUCT_NAME\=Morsel
    export PRODUCT_SETTINGS_PATH\=/tmp/morsel-286-mutation-qcdw70bm/issue-286-hero/app/../fastlane/Morsel-Info.plist
    export PRODUCT_TYPE\=com.apple.product-type.application
    export PROFILING_CODE\=NO
    export PROJECT\=Morsel
    export PROJECT_DERIVED_FILE_DIR\=/tmp/morsel-286-dd/Build/Intermediates.noindex/Morsel.build/DerivedSources
    export PROJECT_DIR\=/tmp/morsel-286-mutation-qcdw70bm/issue-286-hero/app
    export PROJECT_FILE_PATH\=/tmp/morsel-286-mutation-qcdw70bm/issue-286-hero/app/Morsel.xcodeproj
    export PROJECT_GUID\=17248c3624f98dc6f156c39ec7fad702
    export PROJECT_NAME\=Morsel
    export PROJECT_TEMP_DIR\=/tmp/morsel-286-dd/Build/Intermediates.noindex/Morsel.build
    export PROJECT_TEMP_ROOT\=/tmp/morsel-286-dd/Build/Intermediates.noindex
    export PROVISIONING_PROFILE_REQUIRED\=NO
    export PROVISIONING_PROFILE_REQUIRED_YES_YES\=YES
    export PROVISIONING_PROFILE_SUPPORTED\=YES
    export PUBLIC_HEADERS_FOLDER_PATH\=Morsel.app/Headers
    export RECOMMENDED_IPHONEOS_DEPLOYMENT_TARGET\=15.0
    export RECURSIVE_SEARCH_PATHS_FOLLOW_SYMLINKS\=YES
    export REMOVE_CVS_FROM_RESOURCES\=YES
    export REMOVE_GIT_FROM_RESOURCES\=YES
    export REMOVE_HEADERS_FROM_EMBEDDED_BUNDLES\=YES
    export REMOVE_HG_FROM_RESOURCES\=YES
    export REMOVE_STATIC_EXECUTABLES_FROM_EMBEDDED_BUNDLES\=YES
    export REMOVE_SVN_FROM_RESOURCES\=YES
    export RESCHEDULE_INDEPENDENT_HEADERS_PHASES\=YES
    export REZ_COLLECTOR_DIR\=/tmp/morsel-286-dd/Build/Intermediates.noindex/Morsel.build/Debug-iphonesimulator/Morsel.build/ResourceManagerResources
    export REZ_OBJECTS_DIR\=/tmp/morsel-286-dd/Build/Intermediates.noindex/Morsel.build/Debug-iphonesimulator/Morsel.build/ResourceManagerResources/Objects
    export REZ_SEARCH_PATHS\=/tmp/morsel-286-dd/Build/Products/Debug-iphonesimulator\
    export RPATH_ORIGIN\=@loader_path
    export RUNTIME_EXCEPTION_ALLOW_DYLD_ENVIRONMENT_VARIABLES\=NO
    export RUNTIME_EXCEPTION_ALLOW_JIT\=NO
    export RUNTIME_EXCEPTION_ALLOW_UNSIGNED_EXECUTABLE_MEMORY\=NO
    export RUNTIME_EXCEPTION_DEBUGGING_TOOL\=NO
    export RUNTIME_EXCEPTION_DISABLE_EXECUTABLE_PAGE_PROTECTION\=NO
    export RUNTIME_EXCEPTION_DISABLE_LIBRARY_VALIDATION\=NO
    export SCANNING_PCM_KEEP_CACHE_DIRECTORY\=YES
    export SCAN_ALL_SOURCE_FILES_FOR_INCLUDES\=NO
    export SCRIPTS_FOLDER_PATH\=Morsel.app/Scripts
    export SCRIPT_INPUT_FILE_COUNT\=0
    export SCRIPT_INPUT_FILE_LIST_COUNT\=0
    export SCRIPT_OUTPUT_FILE_COUNT\=0
    export SCRIPT_OUTPUT_FILE_LIST_COUNT\=0
    export SDKROOT\=/Applications/Xcode.app/Contents/Developer/Platforms/iPhoneSimulator.platform/Developer/SDKs/iPhoneSimulator26.5.sdk
    export SDK_DIR\=/Applications/Xcode.app/Contents/Developer/Platforms/iPhoneSimulator.platform/Developer/SDKs/iPhoneSimulator26.5.sdk
    export SDK_DIR_iphonesimulator\=/Applications/Xcode.app/Contents/Developer/Platforms/iPhoneSimulator.platform/Developer/SDKs/iPhoneSimulator26.5.sdk
    export SDK_DIR_iphonesimulator26_5\=/Applications/Xcode.app/Contents/Developer/Platforms/iPhoneSimulator.platform/Developer/SDKs/iPhoneSimulator26.5.sdk
    export SDK_NAME\=iphonesimulator26.5
    export SDK_NAMES\=iphonesimulator26.5
    export SDK_PRODUCT_BUILD_VERSION\=23F81a
    export SDK_STAT_CACHE_DIR\=/tmp/morsel-286-dd
    export SDK_STAT_CACHE_ENABLE\=YES
    export SDK_STAT_CACHE_PATH\=/tmp/morsel-286-dd/SDKStatCaches.noindex/iphonesimulator26.5-23F81a-6cfe768891a92b912361537c460fe42b.sdkstatcache
    export SDK_VERSION\=26.5
    export SDK_VERSION_ACTUAL\=260500
    export SDK_VERSION_MAJOR\=260000
    export SDK_VERSION_MINOR\=260500
    export SED\=/usr/bin/sed
    export SEPARATE_STRIP\=NO
    export SEPARATE_SYMBOL_EDIT\=NO
    export SET_DIR_MODE_OWNER_GROUP\=YES
    export SET_FILE_MODE_OWNER_GROUP\=NO
    export SHALLOW_BUNDLE\=YES
    export SHALLOW_BUNDLE_TRIPLE\=ios-simulator
    export SHALLOW_BUNDLE_ios_macabi\=NO
    export SHALLOW_BUNDLE_macos\=NO
    export SHARED_DERIVED_FILE_DIR\=/tmp/morsel-286-dd/Build/Products/Debug-iphonesimulator/DerivedSources
    export SHARED_FRAMEWORKS_FOLDER_PATH\=Morsel.app/SharedFrameworks
    export SHARED_PRECOMPS_DIR\=/tmp/morsel-286-dd/Build/Intermediates.noindex/PrecompiledHeaders
    export SHARED_SUPPORT_FOLDER_PATH\=Morsel.app/SharedSupport
    export SKIP_INSTALL\=NO
    export SKIP_MERGEABLE_LIBRARY_BUNDLE_HOOK\=NO
    export SOURCE_ROOT\=/tmp/morsel-286-mutation-qcdw70bm/issue-286-hero/app
    export SRCROOT\=/tmp/morsel-286-mutation-qcdw70bm/issue-286-hero/app
    export STRINGSDATA_DIR\=/tmp/morsel-286-dd/Build/Intermediates.noindex/Morsel.build/Debug-iphonesimulator/Morsel.build/Objects-normal/undefined_arch
    export STRINGSDATA_ROOT\=/tmp/morsel-286-dd/Build/Intermediates.noindex/Morsel.build/Debug-iphonesimulator/Morsel.build
    export STRINGS_FILE_INFOPLIST_RENAME\=YES
    export STRINGS_FILE_OUTPUT_ENCODING\=binary
    export STRING_CATALOG_GENERATE_SYMBOLS\=NO
    export STRIP_BITCODE_FROM_COPIED_FILES\=NO
    export STRIP_INSTALLED_PRODUCT\=NO
    export STRIP_STYLE\=all
    export STRIP_SWIFT_SYMBOLS\=YES
    export SUPPORTED_DEVICE_FAMILIES\=1,2
    export SUPPORTED_PLATFORMS\=iphoneos\ iphonesimulator
    export SUPPORTS_MACCATALYST\=NO
    export SUPPORTS_ON_DEMAND_RESOURCES\=YES
    export SUPPORTS_TEXT_BASED_API\=NO
    export SUPPRESS_WARNINGS\=NO
    export SWIFT_ACTIVE_COMPILATION_CONDITIONS\=DEBUG
    export SWIFT_EMIT_CONST_VALUE_PROTOCOLS\=AnyResolverProviding\ AppEntity\ AppEnum\ AppExtension\ AppIntent\ AppIntentsPackage\ AppShortcutProviding\ AppShortcutsProvider\ AppUnionValue\ AppUnionValueCasesProviding\ DynamicOptionsProvider\ EntityQuery\ ExtensionPointDefining\ IntentValueQuery\ Resolver\ TransientEntity\ _AssistantIntentsProvider\ _GenerativeFunctionExtractable\ _IntentValueRepresentable
    export SWIFT_EMIT_LOC_STRINGS\=NO
    export SWIFT_ENABLE_EXPLICIT_MODULES\=YES
    export SWIFT_OPTIMIZATION_LEVEL\=-Onone
    export SWIFT_PLATFORM_TARGET_PREFIX\=ios
    export SWIFT_RESPONSE_FILE_PATH_normal_arm64\=/tmp/morsel-286-dd/Build/Intermediates.noindex/Morsel.build/Debug-iphonesimulator/Morsel.build/Objects-normal/arm64/Morsel.SwiftFileList
    export SWIFT_VERSION\=5.0
    export SYMROOT\=/tmp/morsel-286-dd/Build/Products
    export SYSTEM_ADMIN_APPS_DIR\=/Applications/Utilities
    export SYSTEM_APPS_DIR\=/Applications
    export SYSTEM_CORE_SERVICES_DIR\=/System/Library/CoreServices
    export SYSTEM_DEMOS_DIR\=/Applications/Extras
    export SYSTEM_DEVELOPER_APPS_DIR\=/Applications/Xcode.app/Contents/Developer/Applications
    export SYSTEM_DEVELOPER_BIN_DIR\=/Applications/Xcode.app/Contents/Developer/usr/bin
    export SYSTEM_DEVELOPER_DEMOS_DIR\=/Applications/Xcode.app/Contents/Developer/Applications/Utilities/Built\ Examples
    export SYSTEM_DEVELOPER_DIR\=/Applications/Xcode.app/Contents/Developer
    export SYSTEM_DEVELOPER_DOC_DIR\=/Applications/Xcode.app/Contents/Developer/ADC\ Reference\ Library
    export SYSTEM_DEVELOPER_GRAPHICS_TOOLS_DIR\=/Applications/Xcode.app/Contents/Developer/Applications/Graphics\ Tools
    export SYSTEM_DEVELOPER_JAVA_TOOLS_DIR\=/Applications/Xcode.app/Contents/Developer/Applications/Java\ Tools
    export SYSTEM_DEVELOPER_PERFORMANCE_TOOLS_DIR\=/Applications/Xcode.app/Contents/Developer/Applications/Performance\ Tools
    export SYSTEM_DEVELOPER_RELEASENOTES_DIR\=/Applications/Xcode.app/Contents/Developer/ADC\ Reference\ Library/releasenotes
    export SYSTEM_DEVELOPER_TOOLS\=/Applications/Xcode.app/Contents/Developer/Tools
    export SYSTEM_DEVELOPER_TOOLS_DOC_DIR\=/Applications/Xcode.app/Contents/Developer/ADC\ Reference\ Library/documentation/DeveloperTools
    export SYSTEM_DEVELOPER_TOOLS_RELEASENOTES_DIR\=/Applications/Xcode.app/Contents/Developer/ADC\ Reference\ Library/releasenotes/DeveloperTools
    export SYSTEM_DEVELOPER_USR_DIR\=/Applications/Xcode.app/Contents/Developer/usr
    export SYSTEM_DEVELOPER_UTILITIES_DIR\=/Applications/Xcode.app/Contents/Developer/Applications/Utilities
    export SYSTEM_DEXT_INSTALL_PATH\=/System/Library/DriverExtensions
    export SYSTEM_DOCUMENTATION_DIR\=/Library/Documentation
    export SYSTEM_EXTENSIONS_FOLDER_PATH\=Morsel.app/SystemExtensions
    export SYSTEM_EXTENSIONS_FOLDER_PATH_SHALLOW_BUNDLE_NO\=Morsel.app/Library/SystemExtensions
    export SYSTEM_EXTENSIONS_FOLDER_PATH_SHALLOW_BUNDLE_YES\=Morsel.app/SystemExtensions
    export SYSTEM_KEXT_INSTALL_PATH\=/System/Library/Extensions
    export SYSTEM_LIBRARY_DIR\=/System/Library
    export TAPI_DEMANGLE\=YES
    export TAPI_ENABLE_PROJECT_HEADERS\=NO
    export TAPI_LANGUAGE\=objective-c
    export TAPI_LANGUAGE_STANDARD\=compiler-default
    export TAPI_USE_SRCROOT\=YES
    export TAPI_VERIFY_MODE\=Pedantic
    export TARGETED_DEVICE_FAMILY\=1
    export TARGETNAME\=Morsel
    export TARGET_BUILD_DIR\=/tmp/morsel-286-dd/Build/Products/Debug-iphonesimulator
    export TARGET_DEVICE_IDENTIFIER\=AB3BD9FD-BCC4-4851-991B-6BD5E8AE53CE
    export TARGET_DEVICE_MODEL\=iPhone18,1
    export TARGET_DEVICE_OS_VERSION\=26.5
    export TARGET_DEVICE_PLATFORM_NAME\=iphonesimulator
    export TARGET_NAME\=Morsel
    export TARGET_TEMP_DIR\=/tmp/morsel-286-dd/Build/Intermediates.noindex/Morsel.build/Debug-iphonesimulator/Morsel.build
    export TEMP_DIR\=/tmp/morsel-286-dd/Build/Intermediates.noindex/Morsel.build/Debug-iphonesimulator/Morsel.build
    export TEMP_FILES_DIR\=/tmp/morsel-286-dd/Build/Intermediates.noindex/Morsel.build/Debug-iphonesimulator/Morsel.build
    export TEMP_FILE_DIR\=/tmp/morsel-286-dd/Build/Intermediates.noindex/Morsel.build/Debug-iphonesimulator/Morsel.build
    export TEMP_ROOT\=/tmp/morsel-286-dd/Build/Intermediates.noindex
    export TEMP_SANDBOX_DIR\=/tmp/morsel-286-dd/Build/Intermediates.noindex/TemporaryTaskSandboxes
    export TEST_FRAMEWORK_SEARCH_PATHS\=\ /Applications/Xcode.app/Contents/Developer/Platforms/iPhoneSimulator.platform/Developer/Library/Frameworks\ /Applications/Xcode.app/Contents/Developer/Platforms/iPhoneSimulator.platform/Developer/SDKs/iPhoneSimulator26.5.sdk/Developer/Library/Frameworks
    export TEST_LIBRARY_SEARCH_PATHS\=\ /Applications/Xcode.app/Contents/Developer/Platforms/iPhoneSimulator.platform/Developer/usr/lib
    export TOOLCHAINS\=com.apple.dt.toolchain.XcodeDefault
    export TOOLCHAIN_DIR\=/Applications/Xcode.app/Contents/Developer/Toolchains/XcodeDefault.xctoolchain
    export TREAT_MISSING_BASELINES_AS_TEST_FAILURES\=NO
    export TREAT_MISSING_SCRIPT_PHASE_OUTPUTS_AS_ERRORS\=NO
    export UID\=501
    export UNINSTALLED_PRODUCTS_DIR\=/tmp/morsel-286-dd/Build/Intermediates.noindex/UninstalledProducts
    export UNLOCALIZED_RESOURCES_FOLDER_PATH\=Morsel.app
    export UNLOCALIZED_RESOURCES_FOLDER_PATH_SHALLOW_BUNDLE_NO\=Morsel.app/Resources
    export UNLOCALIZED_RESOURCES_FOLDER_PATH_SHALLOW_BUNDLE_YES\=Morsel.app
    export UNSTRIPPED_PRODUCT\=NO
    export USER\=jirathip
    export USER_APPS_DIR\=/Users/jirathip/Applications
    export USER_LIBRARY_DIR\=/Users/jirathip/Library
    export USE_DYNAMIC_NO_PIC\=YES
    export USE_HEADERMAP\=YES
    export USE_HEADER_SYMLINKS\=NO
    export VALIDATE_DEVELOPMENT_ASSET_PATHS\=YES_ERROR
    export VALIDATE_PRODUCT\=NO
    export VALID_ARCHS\=arm64\ x86_64
    export VERBOSE_PBXCP\=NO
    export VERSIONPLIST_PATH\=Morsel.app/version.plist
    export VERSION_INFO_BUILDER\=jirathip
    export VERSION_INFO_FILE\=Morsel_vers.c
    export VERSION_INFO_STRING\=\"@\(\#\)PROGRAM:Morsel\ \ PROJECT:Morsel-1\"
    export WORKSPACE_DIR\=/tmp/morsel-286-mutation-qcdw70bm/issue-286-hero/app/Morsel.xcodeproj
    export WRAPPER_EXTENSION\=app
    export WRAPPER_NAME\=Morsel.app
    export WRAPPER_SUFFIX\=.app
    export WRAP_ASSET_PACKS_IN_SEPARATE_DIRECTORIES\=NO
    export XCODE_APP_SUPPORT_DIR\=/Applications/Xcode.app/Contents/Developer/Library/Xcode
    export XCODE_PRODUCT_BUILD_VERSION\=17F113
    export XCODE_VERSION_ACTUAL\=2660
    export XCODE_VERSION_MAJOR\=2600
    export XCODE_VERSION_MINOR\=2660
    export XPCSERVICES_FOLDER_PATH\=Morsel.app/XPCServices
    export YACC\=yacc
    export _DISCOVER_COMMAND_LINE_LINKER_INPUTS\=YES
    export _DISCOVER_COMMAND_LINE_LINKER_INPUTS_INCLUDE_WL\=YES
    export _LD_MULTIARCH\=YES
    export _WRAPPER_CONTENTS_DIR_SHALLOW_BUNDLE_NO\=/Contents
    export _WRAPPER_PARENT_PATH_SHALLOW_BUNDLE_NO\=/..
    export _WRAPPER_RESOURCES_DIR_SHALLOW_BUNDLE_NO\=/Resources
    export __DIAGNOSE_DEPRECATED_ARCHS\=YES
    export __IS_NOT_MACOS\=YES
    export __IS_NOT_MACOS_macosx\=NO
    export __IS_NOT_SIMULATOR\=NO
    export __IS_NOT_SIMULATOR_simulator\=NO
    export __ORIGINAL_SDK_DEFINED_LLVM_TARGET_TRIPLE_SYS\=ios
    export arch\=undefined_arch
    export variant\=normal
    /bin/sh -c /tmp/morsel-286-dd/Build/Intermediates.noindex/Morsel.build/Debug-iphonesimulator/Morsel.build/Script-AAEBDFD09C6C89FF4BA7C6EF.sh
FoodArt completeness: 130 identities / 260 readable 64px PNGs (Paper + Night)

ExtractAppIntentsMetadata (in target 'Morsel' from project 'Morsel')
    cd /tmp/morsel-286-mutation-qcdw70bm/issue-286-hero/app
    /Applications/Xcode.app/Contents/Developer/Toolchains/XcodeDefault.xctoolchain/usr/bin/appintentsmetadataprocessor --toolchain-dir /Applications/Xcode.app/Contents/Developer/Toolchains/XcodeDefault.xctoolchain --module-name Morsel --sdk-root /Applications/Xcode.app/Contents/Developer/Platforms/iPhoneSimulator.platform/Developer/SDKs/iPhoneSimulator26.5.sdk --xcode-version 17F113 --platform-family iOS --deployment-target 17.0 --bundle-identifier com.jirathip.morsel --output /tmp/morsel-286-dd/Build/Products/Debug-iphonesimulator/Morsel.app --target-triple arm64-apple-ios17.0-simulator --binary-file /tmp/morsel-286-dd/Build/Products/Debug-iphonesimulator/Morsel.app/Morsel --dependency-file /tmp/morsel-286-dd/Build/Intermediates.noindex/Morsel.build/Debug-iphonesimulator/Morsel.build/Objects-normal/arm64/Morsel_dependency_info.dat --stringsdata-file /tmp/morsel-286-dd/Build/Intermediates.noindex/Morsel.build/Debug-iphonesimulator/Morsel.build/Objects-normal/arm64/ExtractedAppShortcutsMetadata.stringsdata --source-file-list /tmp/morsel-286-dd/Build/Intermediates.noindex/Morsel.build/Debug-iphonesimulator/Morsel.build/Objects-normal/arm64/Morsel.SwiftFileList --metadata-file-list /tmp/morsel-286-dd/Build/Intermediates.noindex/Morsel.build/Debug-iphonesimulator/Morsel.build/Morsel.DependencyMetadataFileList --static-metadata-file-list /tmp/morsel-286-dd/Build/Intermediates.noindex/Morsel.build/Debug-iphonesimulator/Morsel.build/Morsel.DependencyStaticMetadataFileList --swift-const-vals-list /tmp/morsel-286-dd/Build/Intermediates.noindex/Morsel.build/Debug-iphonesimulator/Morsel.build/Objects-normal/arm64/Morsel.SwiftConstValuesFileList --compile-time-extraction --deployment-aware-processing --validate-assistant-intents --no-app-shortcuts-localization
2026-09-17 12:33:34.258 appintentsmetadataprocessor[33767:12837378] Starting appintentsmetadataprocessor export
2026-09-17 12:33:34.260 appintentsmetadataprocessor[33767:12837378] warning: Metadata extraction skipped. No AppIntents.framework dependency found.

WriteAuxiliaryFile /tmp/morsel-286-dd/Build/Intermediates.noindex/Morsel.build/Debug-iphonesimulator/MorselTests.build/Objects-normal/arm64/MorselTests-OutputFileMap.json (in target 'MorselTests' from project 'Morsel')
    cd /tmp/morsel-286-mutation-qcdw70bm/issue-286-hero/app
    write-file /tmp/morsel-286-dd/Build/Intermediates.noindex/Morsel.build/Debug-iphonesimulator/MorselTests.build/Objects-normal/arm64/MorselTests-OutputFileMap.json

WriteAuxiliaryFile /tmp/morsel-286-dd/Build/Intermediates.noindex/Morsel.build/Debug-iphonesimulator/MorselTests.build/Objects-normal/arm64/MorselTests.SwiftFileList (in target 'MorselTests' from project 'Morsel')
    cd /tmp/morsel-286-mutation-qcdw70bm/issue-286-hero/app
    write-file /tmp/morsel-286-dd/Build/Intermediates.noindex/Morsel.build/Debug-iphonesimulator/MorselTests.build/Objects-normal/arm64/MorselTests.SwiftFileList

ProcessInfoPlistFile /tmp/morsel-286-dd/Build/Products/Debug-iphonesimulator/Morsel.app/Info.plist /tmp/morsel-286-mutation-qcdw70bm/issue-286-hero/fastlane/Morsel-Info.plist (in target 'Morsel' from project 'Morsel')
    cd /tmp/morsel-286-mutation-qcdw70bm/issue-286-hero/app
    builtin-infoPlistUtility /tmp/morsel-286-mutation-qcdw70bm/issue-286-hero/fastlane/Morsel-Info.plist -producttype com.apple.product-type.application -genpkginfo /tmp/morsel-286-dd/Build/Products/Debug-iphonesimulator/Morsel.app/PkgInfo -expandbuildsettings -format binary -platform iphonesimulator -additionalcontentfile /tmp/morsel-286-dd/Build/Intermediates.noindex/Morsel.build/Debug-iphonesimulator/Morsel.build/assetcatalog_generated_info.plist -scanforprivacyfile /tmp/morsel-286-dd/Build/Products/Debug-iphonesimulator/Morsel.app/swift-crypto_Crypto.bundle -o /tmp/morsel-286-dd/Build/Products/Debug-iphonesimulator/Morsel.app/Info.plist
warning: User supplied UIDeviceFamily key in the Info.plist will be overwritten. Please use the build setting TARGETED_DEVICE_FAMILY and remove UIDeviceFamily from your Info.plist. (in target 'Morsel' from project 'Morsel')

CopySwiftLibs /tmp/morsel-286-dd/Build/Products/Debug-iphonesimulator/Morsel.app (in target 'Morsel' from project 'Morsel')
    cd /tmp/morsel-286-mutation-qcdw70bm/issue-286-hero/app
    builtin-swiftStdLibTool --copy --verbose --scan-executable /tmp/morsel-286-dd/Build/Products/Debug-iphonesimulator/Morsel.app/Morsel.debug.dylib --scan-folder /tmp/morsel-286-dd/Build/Products/Debug-iphonesimulator/Morsel.app/Frameworks --scan-folder /tmp/morsel-286-dd/Build/Products/Debug-iphonesimulator/Morsel.app/PlugIns --scan-folder /tmp/morsel-286-dd/Build/Products/Debug-iphonesimulator/Morsel.app/SystemExtensions --scan-folder /tmp/morsel-286-dd/Build/Products/Debug-iphonesimulator/Morsel.app/Extensions --platform iphonesimulator --toolchain /Applications/Xcode.app/Contents/Developer/Toolchains/XcodeDefault.xctoolchain --destination /tmp/morsel-286-dd/Build/Products/Debug-iphonesimulator/Morsel.app/Frameworks --strip-bitcode --strip-bitcode-tool /Applications/Xcode.app/Contents/Developer/Toolchains/XcodeDefault.xctoolchain/usr/bin/bitcode_strip --emit-dependency-info /tmp/morsel-286-dd/Build/Intermediates.noindex/Morsel.build/Debug-iphonesimulator/Morsel.build/SwiftStdLibToolInputDependencies.dep --filter-for-swift-os
Ignoring --strip-bitcode because --sign was not passed

SwiftDriver MorselTests normal arm64 com.apple.xcode.tools.swift.compiler (in target 'MorselTests' from project 'Morsel')
    cd /tmp/morsel-286-mutation-qcdw70bm/issue-286-hero/app
    builtin-SwiftDriver -- /Applications/Xcode.app/Contents/Developer/Toolchains/XcodeDefault.xctoolchain/usr/bin/swiftc -module-name MorselTests -Onone @/tmp/morsel-286-dd/Build/Intermediates.noindex/Morsel.build/Debug-iphonesimulator/MorselTests.build/Objects-normal/arm64/MorselTests.SwiftFileList -DDEBUG -plugin-path /Applications/Xcode.app/Contents/Developer/Toolchains/XcodeDefault.xctoolchain/usr/lib/swift/host/plugins/testing -enable-bare-slash-regex -enable-experimental-feature DebugDescriptionMacro -sdk /Applications/Xcode.app/Contents/Developer/Platforms/iPhoneSimulator.platform/Developer/SDKs/iPhoneSimulator26.5.sdk -target arm64-apple-ios17.0-simulator -g -module-cache-path /tmp/morsel-286-dd/ModuleCache.noindex -Xfrontend -serialize-debugging-options -enable-testing -index-store-path /tmp/morsel-286-dd/Index.noindex/DataStore -Xcc -D_LIBCPP_HARDENING_MODE\=_LIBCPP_HARDENING_MODE_DEBUG -swift-version 5 -I /tmp/morsel-286-dd/Build/Products/Debug-iphonesimulator -Isystem /Applications/Xcode.app/Contents/Developer/Platforms/iPhoneSimulator.platform/Developer/usr/lib -F /tmp/morsel-286-dd/Build/Products/Debug-iphonesimulator/PackageFrameworks -F /tmp/morsel-286-dd/Build/Products/Debug-iphonesimulator/PackageFrameworks -F /tmp/morsel-286-dd/Build/Products/Debug-iphonesimulator/PackageFrameworks -F /tmp/morsel-286-dd/Build/Products/Debug-iphonesimulator/PackageFrameworks -F /tmp/morsel-286-dd/Build/Products/Debug-iphonesimulator/PackageFrameworks -F /tmp/morsel-286-dd/Build/Products/Debug-iphonesimulator/PackageFrameworks -F /tmp/morsel-286-dd/Build/Products/Debug-iphonesimulator/PackageFrameworks -F /tmp/morsel-286-dd/Build/Products/Debug-iphonesimulator/PackageFrameworks -F /tmp/morsel-286-dd/Build/Products/Debug-iphonesimulator/PackageFrameworks -F /tmp/morsel-286-dd/Build/Products/Debug-iphonesimulator/PackageFrameworks -F /tmp/morsel-286-dd/Build/Products/Debug-iphonesimulator/PackageFrameworks -F /tmp/morsel-286-dd/Build/Products/Debug-iphonesimulator/PackageFrameworks -F /tmp/morsel-286-dd/Build/Products/Debug-iphonesimulator/PackageFrameworks -F /tmp/morsel-286-dd/Build/Products/Debug-iphonesimulator/PackageFrameworks -F /tmp/morsel-286-dd/Build/Products/Debug-iphonesimulator -F /Applications/Xcode.app/Contents/Developer/Platforms/iPhoneSimulator.platform/Developer/Library/Frameworks -F /Applications/Xcode.app/Contents/Developer/Platforms/iPhoneSimulator.platform/Developer/SDKs/iPhoneSimulator26.5.sdk/Developer/Library/Frameworks -c -j10 -enable-batch-mode -incremental -Xcc -ivfsstatcache -Xcc /tmp/morsel-286-dd/SDKStatCaches.noindex/iphonesimulator26.5-23F81a-6cfe768891a92b912361537c460fe42b.sdkstatcache -output-file-map /tmp/morsel-286-dd/Build/Intermediates.noindex/Morsel.build/Debug-iphonesimulator/MorselTests.build/Objects-normal/arm64/MorselTests-OutputFileMap.json -use-frontend-parseable-output -save-temps -no-color-diagnostics -explicit-module-build -module-cache-path /tmp/morsel-286-dd/Build/Intermediates.noindex/SwiftExplicitPrecompiledModules -clang-scanner-module-cache-path /tmp/morsel-286-dd/ModuleCache.noindex -sdk-module-cache-path /tmp/morsel-286-dd/ModuleCache.noindex -serialize-diagnostics -emit-dependencies -emit-module -emit-module-path /tmp/morsel-286-dd/Build/Intermediates.noindex/Morsel.build/Debug-iphonesimulator/MorselTests.build/Objects-normal/arm64/MorselTests.swiftmodule -validate-clang-modules-once -clang-build-session-file /tmp/morsel-286-dd/ModuleCache.noindex/Session.modulevalidation -Xcc -I/tmp/morsel-286-dd/Build/Intermediates.noindex/Morsel.build/Debug-iphonesimulator/MorselTests.build/swift-overrides.hmap -emit-const-values -Xfrontend -const-gather-protocols-file -Xfrontend /tmp/morsel-286-dd/Build/Intermediates.noindex/Morsel.build/Debug-iphonesimulator/MorselTests.build/Objects-normal/arm64/MorselTests_const_extract_protocols.json -Xcc -iquote -Xcc /tmp/morsel-286-dd/Build/Intermediates.noindex/Morsel.build/Debug-iphonesimulator/MorselTests.build/MorselTests-generated-files.hmap -Xcc -I/tmp/morsel-286-dd/Build/Intermediates.noindex/Morsel.build/Debug-iphonesimulator/MorselTests.build/MorselTests-own-target-headers.hmap -Xcc -I/tmp/morsel-286-dd/Build/Intermediates.noindex/Morsel.build/Debug-iphonesimulator/MorselTests.build/MorselTests-all-non-framework-target-headers.hmap -Xcc -ivfsoverlay -Xcc /tmp/morsel-286-dd/Build/Intermediates.noindex/Morsel.build/Debug-iphonesimulator/Morsel-17248c3624f98dc6f156c39ec7fad702-VFS-iphonesimulator/all-product-headers.yaml -Xcc -iquote -Xcc /tmp/morsel-286-dd/Build/Intermediates.noindex/Morsel.build/Debug-iphonesimulator/MorselTests.build/MorselTests-project-headers.hmap -Xcc -I/tmp/morsel-286-dd/Build/Products/Debug-iphonesimulator/include -Xcc -I/tmp/morsel-286-dd/Build/Intermediates.noindex/Morsel.build/Debug-iphonesimulator/MorselTests.build/DerivedSources-normal/arm64 -Xcc -I/tmp/morsel-286-dd/Build/Intermediates.noindex/Morsel.build/Debug-iphonesimulator/MorselTests.build/DerivedSources/arm64 -Xcc -I/tmp/morsel-286-dd/Build/Intermediates.noindex/Morsel.build/Debug-iphonesimulator/MorselTests.build/DerivedSources -Xcc -DDEBUG\=1 -emit-objc-header -emit-objc-header-path /tmp/morsel-286-dd/Build/Intermediates.noindex/Morsel.build/Debug-iphonesimulator/MorselTests.build/Objects-normal/arm64/MorselTests-Swift.h -working-directory /tmp/morsel-286-mutation-qcdw70bm/issue-286-hero/app -experimental-emit-module-separately -disable-cmo

ProcessInfoPlistFile /tmp/morsel-286-dd/Build/Products/Debug-iphonesimulator/Morsel.app/PlugIns/MorselTests.xctest/Info.plist /tmp/morsel-286-dd/Build/Intermediates.noindex/Morsel.build/Debug-iphonesimulator/MorselTests.build/empty-MorselTests.plist (in target 'MorselTests' from project 'Morsel')
    cd /tmp/morsel-286-mutation-qcdw70bm/issue-286-hero/app
    builtin-infoPlistUtility /tmp/morsel-286-dd/Build/Intermediates.noindex/Morsel.build/Debug-iphonesimulator/MorselTests.build/empty-MorselTests.plist -producttype com.apple.product-type.bundle.unit-test -expandbuildsettings -format binary -platform iphonesimulator -scanforprivacyfile /tmp/morsel-286-dd/Build/Products/Debug-iphonesimulator/Morsel.app/PlugIns/MorselTests.xctest/swift-crypto_Crypto.bundle -o /tmp/morsel-286-dd/Build/Products/Debug-iphonesimulator/Morsel.app/PlugIns/MorselTests.xctest/Info.plist

CopyPNGFile /tmp/morsel-286-dd/Build/Products/Debug-iphonesimulator/Morsel.app/PlugIns/MorselTests.xctest/coffee-photo.png /tmp/morsel-286-mutation-qcdw70bm/issue-286-hero/docs/evidence/issue-241-artwork-native/fixtures/coffee-photo.png (in target 'MorselTests' from project 'Morsel')
    cd /tmp/morsel-286-mutation-qcdw70bm/issue-286-hero/app
    /Applications/Xcode.app/Contents/Developer/usr/bin/copypng -compress -strip-PNG-text /tmp/morsel-286-mutation-qcdw70bm/issue-286-hero/docs/evidence/issue-241-artwork-native/fixtures/coffee-photo.png /tmp/morsel-286-dd/Build/Products/Debug-iphonesimulator/Morsel.app/PlugIns/MorselTests.xctest/coffee-photo.png

SwiftCompile normal arm64 Compiling\ JournalVariantAParityTests.swift,\ LocalDayBucketTests.swift,\ LocalDayMigrationTests.swift,\ LocalStoreTests.swift,\ MealCaptureTests.swift,\ MealCorrectionsTests.swift,\ MealImageContractTests.swift,\ MealPhotoRevisionsTests.swift,\ MealPhotoThumbnailSurfaceTests.swift /tmp/morsel-286-mutation-qcdw70bm/issue-286-hero/app/Tests/MorselTests/JournalVariantAParityTests.swift /tmp/morsel-286-mutation-qcdw70bm/issue-286-hero/app/Tests/MorselTests/LocalDayBucketTests.swift /tmp/morsel-286-mutation-qcdw70bm/issue-286-hero/app/Tests/MorselTests/LocalDayMigrationTests.swift /tmp/morsel-286-mutation-qcdw70bm/issue-286-hero/app/Tests/MorselTests/LocalStoreTests.swift /tmp/morsel-286-mutation-qcdw70bm/issue-286-hero/app/Tests/MorselTests/MealCaptureTests.swift /tmp/morsel-286-mutation-qcdw70bm/issue-286-hero/app/Tests/MorselTests/MealCorrectionsTests.swift /tmp/morsel-286-mutation-qcdw70bm/issue-286-hero/app/Tests/MorselTests/MealImageContractTests.swift /tmp/morsel-286-mutation-qcdw70bm/issue-286-hero/app/Tests/MorselTests/MealPhotoRevisionsTests.swift /tmp/morsel-286-mutation-qcdw70bm/issue-286-hero/app/Tests/MorselTests/MealPhotoThumbnailSurfaceTests.swift (in target 'MorselTests' from project 'Morsel')

SwiftCompile normal arm64 /tmp/morsel-286-mutation-qcdw70bm/issue-286-hero/app/Tests/MorselTests/JournalVariantAParityTests.swift (in target 'MorselTests' from project 'Morsel')
    cd /tmp/morsel-286-mutation-qcdw70bm/issue-286-hero/app


SwiftCompile normal arm64 /tmp/morsel-286-mutation-qcdw70bm/issue-286-hero/app/Tests/MorselTests/LocalDayBucketTests.swift (in target 'MorselTests' from project 'Morsel')
    cd /tmp/morsel-286-mutation-qcdw70bm/issue-286-hero/app


SwiftCompile normal arm64 /tmp/morsel-286-mutation-qcdw70bm/issue-286-hero/app/Tests/MorselTests/LocalDayMigrationTests.swift (in target 'MorselTests' from project 'Morsel')
    cd /tmp/morsel-286-mutation-qcdw70bm/issue-286-hero/app


SwiftCompile normal arm64 /tmp/morsel-286-mutation-qcdw70bm/issue-286-hero/app/Tests/MorselTests/LocalStoreTests.swift (in target 'MorselTests' from project 'Morsel')
    cd /tmp/morsel-286-mutation-qcdw70bm/issue-286-hero/app


SwiftCompile normal arm64 /tmp/morsel-286-mutation-qcdw70bm/issue-286-hero/app/Tests/MorselTests/MealCaptureTests.swift (in target 'MorselTests' from project 'Morsel')
    cd /tmp/morsel-286-mutation-qcdw70bm/issue-286-hero/app


SwiftCompile normal arm64 /tmp/morsel-286-mutation-qcdw70bm/issue-286-hero/app/Tests/MorselTests/MealCorrectionsTests.swift (in target 'MorselTests' from project 'Morsel')
    cd /tmp/morsel-286-mutation-qcdw70bm/issue-286-hero/app


SwiftCompile normal arm64 /tmp/morsel-286-mutation-qcdw70bm/issue-286-hero/app/Tests/MorselTests/MealImageContractTests.swift (in target 'MorselTests' from project 'Morsel')
    cd /tmp/morsel-286-mutation-qcdw70bm/issue-286-hero/app


SwiftCompile normal arm64 /tmp/morsel-286-mutation-qcdw70bm/issue-286-hero/app/Tests/MorselTests/MealPhotoRevisionsTests.swift (in target 'MorselTests' from project 'Morsel')
    cd /tmp/morsel-286-mutation-qcdw70bm/issue-286-hero/app


SwiftCompile normal arm64 /tmp/morsel-286-mutation-qcdw70bm/issue-286-hero/app/Tests/MorselTests/MealPhotoThumbnailSurfaceTests.swift (in target 'MorselTests' from project 'Morsel')
    cd /tmp/morsel-286-mutation-qcdw70bm/issue-286-hero/app


SwiftCompile normal arm64 Compiling\ MealReliabilityTests.swift,\ MealThumbnailCacheTests.swift,\ MealThumbnailIntegrationTests.swift,\ MealThumbnailPreparationTests.swift,\ MealThumbnailReuseEvidenceTests.swift,\ MealThumbnailTestSupport.swift,\ NamedMenusTests.swift,\ NativeImageSigningTests.swift,\ NumericVoiceCaptureTests.swift /tmp/morsel-286-mutation-qcdw70bm/issue-286-hero/app/Tests/MorselTests/MealReliabilityTests.swift /tmp/morsel-286-mutation-qcdw70bm/issue-286-hero/app/Tests/MorselTests/MealThumbnailCacheTests.swift /tmp/morsel-286-mutation-qcdw70bm/issue-286-hero/app/Tests/MorselTests/MealThumbnailIntegrationTests.swift /tmp/morsel-286-mutation-qcdw70bm/issue-286-hero/app/Tests/MorselTests/MealThumbnailPreparationTests.swift /tmp/morsel-286-mutation-qcdw70bm/issue-286-hero/app/Tests/MorselTests/MealThumbnailReuseEvidenceTests.swift /tmp/morsel-286-mutation-qcdw70bm/issue-286-hero/app/Tests/MorselTests/MealThumbnailTestSupport.swift /tmp/morsel-286-mutation-qcdw70bm/issue-286-hero/app/Tests/MorselTests/NamedMenusTests.swift /tmp/morsel-286-mutation-qcdw70bm/issue-286-hero/app/Tests/MorselTests/NativeImageSigningTests.swift /tmp/morsel-286-mutation-qcdw70bm/issue-286-hero/app/Tests/MorselTests/NumericVoiceCaptureTests.swift (in target 'MorselTests' from project 'Morsel')
SwiftCompile normal arm64 /tmp/morsel-286-mutation-qcdw70bm/issue-286-hero/app/Tests/MorselTests/MealReliabilityTests.swift (in target 'MorselTests' from project 'Morsel')
    cd /tmp/morsel-286-mutation-qcdw70bm/issue-286-hero/app

/tmp/morsel-286-mutation-qcdw70bm/issue-286-hero/app/Tests/MorselTests/MealThumbnailTestSupport.swift:240:14: warning: instance method 'lock' is unavailable from asynchronous contexts; Use async-safe scoped locking instead; this is an error in the Swift 6 language mode
        lock.lock()
             ^
Foundation.NSLock.lock:2:11: note: 'lock()' declared here
open func lock()}
          ^
/tmp/morsel-286-mutation-qcdw70bm/issue-286-hero/app/Tests/MorselTests/MealThumbnailTestSupport.swift:241:22: warning: instance method 'unlock' is unavailable from asynchronous contexts; Use async-safe scoped locking instead; this is an error in the Swift 6 language mode
        defer { lock.unlock() }
                     ^
Foundation.NSLock.unlock:2:11: note: 'unlock()' declared here
open func unlock()}
          ^
/tmp/morsel-286-mutation-qcdw70bm/issue-286-hero/app/Tests/MorselTests/MealThumbnailTestSupport.swift:257:14: warning: instance method 'lock' is unavailable from asynchronous contexts; Use async-safe scoped locking instead; this is an error in the Swift 6 language mode
        lock.lock()
             ^
Foundation.NSLock.lock:2:11: note: 'lock()' declared here
open func lock()}
          ^
/tmp/morsel-286-mutation-qcdw70bm/issue-286-hero/app/Tests/MorselTests/MealThumbnailTestSupport.swift:258:22: warning: instance method 'unlock' is unavailable from asynchronous contexts; Use async-safe scoped locking instead; this is an error in the Swift 6 language mode
        defer { lock.unlock() }
                     ^
Foundation.NSLock.unlock:2:11: note: 'unlock()' declared here
open func unlock()}
          ^

SwiftCompile normal arm64 /tmp/morsel-286-mutation-qcdw70bm/issue-286-hero/app/Tests/MorselTests/MealThumbnailCacheTests.swift (in target 'MorselTests' from project 'Morsel')
    cd /tmp/morsel-286-mutation-qcdw70bm/issue-286-hero/app

/tmp/morsel-286-mutation-qcdw70bm/issue-286-hero/app/Tests/MorselTests/MealThumbnailTestSupport.swift:240:14: warning: instance method 'lock' is unavailable from asynchronous contexts; Use async-safe scoped locking instead; this is an error in the Swift 6 language mode
        lock.lock()
             ^
Foundation.NSLock.lock:2:11: note: 'lock()' declared here
open func lock()}
          ^
/tmp/morsel-286-mutation-qcdw70bm/issue-286-hero/app/Tests/MorselTests/MealThumbnailTestSupport.swift:241:22: warning: instance method 'unlock' is unavailable from asynchronous contexts; Use async-safe scoped locking instead; this is an error in the Swift 6 language mode
        defer { lock.unlock() }
                     ^
Foundation.NSLock.unlock:2:11: note: 'unlock()' declared here
open func unlock()}
          ^
/tmp/morsel-286-mutation-qcdw70bm/issue-286-hero/app/Tests/MorselTests/MealThumbnailTestSupport.swift:257:14: warning: instance method 'lock' is unavailable from asynchronous contexts; Use async-safe scoped locking instead; this is an error in the Swift 6 language mode
        lock.lock()
             ^
Foundation.NSLock.lock:2:11: note: 'lock()' declared here
open func lock()}
          ^
/tmp/morsel-286-mutation-qcdw70bm/issue-286-hero/app/Tests/MorselTests/MealThumbnailTestSupport.swift:258:22: warning: instance method 'unlock' is unavailable from asynchronous contexts; Use async-safe scoped locking instead; this is an error in the Swift 6 language mode
        defer { lock.unlock() }
                     ^
Foundation.NSLock.unlock:2:11: note: 'unlock()' declared here
open func unlock()}
          ^

SwiftCompile normal arm64 /tmp/morsel-286-mutation-qcdw70bm/issue-286-hero/app/Tests/MorselTests/MealThumbnailIntegrationTests.swift (in target 'MorselTests' from project 'Morsel')
    cd /tmp/morsel-286-mutation-qcdw70bm/issue-286-hero/app

/tmp/morsel-286-mutation-qcdw70bm/issue-286-hero/app/Tests/MorselTests/MealThumbnailTestSupport.swift:240:14: warning: instance method 'lock' is unavailable from asynchronous contexts; Use async-safe scoped locking instead; this is an error in the Swift 6 language mode
        lock.lock()
             ^
Foundation.NSLock.lock:2:11: note: 'lock()' declared here
open func lock()}
          ^
/tmp/morsel-286-mutation-qcdw70bm/issue-286-hero/app/Tests/MorselTests/MealThumbnailTestSupport.swift:241:22: warning: instance method 'unlock' is unavailable from asynchronous contexts; Use async-safe scoped locking instead; this is an error in the Swift 6 language mode
        defer { lock.unlock() }
                     ^
Foundation.NSLock.unlock:2:11: note: 'unlock()' declared here
open func unlock()}
          ^
/tmp/morsel-286-mutation-qcdw70bm/issue-286-hero/app/Tests/MorselTests/MealThumbnailTestSupport.swift:257:14: warning: instance method 'lock' is unavailable from asynchronous contexts; Use async-safe scoped locking instead; this is an error in the Swift 6 language mode
        lock.lock()
             ^
Foundation.NSLock.lock:2:11: note: 'lock()' declared here
open func lock()}
          ^
/tmp/morsel-286-mutation-qcdw70bm/issue-286-hero/app/Tests/MorselTests/MealThumbnailTestSupport.swift:258:22: warning: instance method 'unlock' is unavailable from asynchronous contexts; Use async-safe scoped locking instead; this is an error in the Swift 6 language mode
        defer { lock.unlock() }
                     ^
Foundation.NSLock.unlock:2:11: note: 'unlock()' declared here
open func unlock()}
          ^

SwiftCompile normal arm64 /tmp/morsel-286-mutation-qcdw70bm/issue-286-hero/app/Tests/MorselTests/MealThumbnailPreparationTests.swift (in target 'MorselTests' from project 'Morsel')
    cd /tmp/morsel-286-mutation-qcdw70bm/issue-286-hero/app

/tmp/morsel-286-mutation-qcdw70bm/issue-286-hero/app/Tests/MorselTests/MealThumbnailTestSupport.swift:240:14: warning: instance method 'lock' is unavailable from asynchronous contexts; Use async-safe scoped locking instead; this is an error in the Swift 6 language mode
        lock.lock()
             ^
Foundation.NSLock.lock:2:11: note: 'lock()' declared here
open func lock()}
          ^
/tmp/morsel-286-mutation-qcdw70bm/issue-286-hero/app/Tests/MorselTests/MealThumbnailTestSupport.swift:241:22: warning: instance method 'unlock' is unavailable from asynchronous contexts; Use async-safe scoped locking instead; this is an error in the Swift 6 language mode
        defer { lock.unlock() }
                     ^
Foundation.NSLock.unlock:2:11: note: 'unlock()' declared here
open func unlock()}
          ^
/tmp/morsel-286-mutation-qcdw70bm/issue-286-hero/app/Tests/MorselTests/MealThumbnailTestSupport.swift:257:14: warning: instance method 'lock' is unavailable from asynchronous contexts; Use async-safe scoped locking instead; this is an error in the Swift 6 language mode
        lock.lock()
             ^
Foundation.NSLock.lock:2:11: note: 'lock()' declared here
open func lock()}
          ^
/tmp/morsel-286-mutation-qcdw70bm/issue-286-hero/app/Tests/MorselTests/MealThumbnailTestSupport.swift:258:22: warning: instance method 'unlock' is unavailable from asynchronous contexts; Use async-safe scoped locking instead; this is an error in the Swift 6 language mode
        defer { lock.unlock() }
                     ^
Foundation.NSLock.unlock:2:11: note: 'unlock()' declared here
open func unlock()}
          ^

SwiftCompile normal arm64 /tmp/morsel-286-mutation-qcdw70bm/issue-286-hero/app/Tests/MorselTests/MealThumbnailReuseEvidenceTests.swift (in target 'MorselTests' from project 'Morsel')
    cd /tmp/morsel-286-mutation-qcdw70bm/issue-286-hero/app

/tmp/morsel-286-mutation-qcdw70bm/issue-286-hero/app/Tests/MorselTests/MealThumbnailTestSupport.swift:240:14: warning: instance method 'lock' is unavailable from asynchronous contexts; Use async-safe scoped locking instead; this is an error in the Swift 6 language mode
        lock.lock()
             ^
Foundation.NSLock.lock:2:11: note: 'lock()' declared here
open func lock()}
          ^
/tmp/morsel-286-mutation-qcdw70bm/issue-286-hero/app/Tests/MorselTests/MealThumbnailTestSupport.swift:241:22: warning: instance method 'unlock' is unavailable from asynchronous contexts; Use async-safe scoped locking instead; this is an error in the Swift 6 language mode
        defer { lock.unlock() }
                     ^
Foundation.NSLock.unlock:2:11: note: 'unlock()' declared here
open func unlock()}
          ^
/tmp/morsel-286-mutation-qcdw70bm/issue-286-hero/app/Tests/MorselTests/MealThumbnailTestSupport.swift:257:14: warning: instance method 'lock' is unavailable from asynchronous contexts; Use async-safe scoped locking instead; this is an error in the Swift 6 language mode
        lock.lock()
             ^
Foundation.NSLock.lock:2:11: note: 'lock()' declared here
open func lock()}
          ^
/tmp/morsel-286-mutation-qcdw70bm/issue-286-hero/app/Tests/MorselTests/MealThumbnailTestSupport.swift:258:22: warning: instance method 'unlock' is unavailable from asynchronous contexts; Use async-safe scoped locking instead; this is an error in the Swift 6 language mode
        defer { lock.unlock() }
                     ^
Foundation.NSLock.unlock:2:11: note: 'unlock()' declared here
open func unlock()}
          ^

SwiftCompile normal arm64 /tmp/morsel-286-mutation-qcdw70bm/issue-286-hero/app/Tests/MorselTests/MealThumbnailTestSupport.swift (in target 'MorselTests' from project 'Morsel')
    cd /tmp/morsel-286-mutation-qcdw70bm/issue-286-hero/app

/tmp/morsel-286-mutation-qcdw70bm/issue-286-hero/app/Tests/MorselTests/MealThumbnailTestSupport.swift:240:14: warning: instance method 'lock' is unavailable from asynchronous contexts; Use async-safe scoped locking instead; this is an error in the Swift 6 language mode
        lock.lock()
             ^
Foundation.NSLock.lock:2:11: note: 'lock()' declared here
open func lock()}
          ^
/tmp/morsel-286-mutation-qcdw70bm/issue-286-hero/app/Tests/MorselTests/MealThumbnailTestSupport.swift:241:22: warning: instance method 'unlock' is unavailable from asynchronous contexts; Use async-safe scoped locking instead; this is an error in the Swift 6 language mode
        defer { lock.unlock() }
                     ^
Foundation.NSLock.unlock:2:11: note: 'unlock()' declared here
open func unlock()}
          ^
/tmp/morsel-286-mutation-qcdw70bm/issue-286-hero/app/Tests/MorselTests/MealThumbnailTestSupport.swift:257:14: warning: instance method 'lock' is unavailable from asynchronous contexts; Use async-safe scoped locking instead; this is an error in the Swift 6 language mode
        lock.lock()
             ^
Foundation.NSLock.lock:2:11: note: 'lock()' declared here
open func lock()}
          ^
/tmp/morsel-286-mutation-qcdw70bm/issue-286-hero/app/Tests/MorselTests/MealThumbnailTestSupport.swift:258:22: warning: instance method 'unlock' is unavailable from asynchronous contexts; Use async-safe scoped locking instead; this is an error in the Swift 6 language mode
        defer { lock.unlock() }
                     ^
Foundation.NSLock.unlock:2:11: note: 'unlock()' declared here
open func unlock()}
          ^

SwiftCompile normal arm64 /tmp/morsel-286-mutation-qcdw70bm/issue-286-hero/app/Tests/MorselTests/NamedMenusTests.swift (in target 'MorselTests' from project 'Morsel')
    cd /tmp/morsel-286-mutation-qcdw70bm/issue-286-hero/app

/tmp/morsel-286-mutation-qcdw70bm/issue-286-hero/app/Tests/MorselTests/MealThumbnailTestSupport.swift:240:14: warning: instance method 'lock' is unavailable from asynchronous contexts; Use async-safe scoped locking instead; this is an error in the Swift 6 language mode
        lock.lock()
             ^
Foundation.NSLock.lock:2:11: note: 'lock()' declared here
open func lock()}
          ^
/tmp/morsel-286-mutation-qcdw70bm/issue-286-hero/app/Tests/MorselTests/MealThumbnailTestSupport.swift:241:22: warning: instance method 'unlock' is unavailable from asynchronous contexts; Use async-safe scoped locking instead; this is an error in the Swift 6 language mode
        defer { lock.unlock() }
                     ^
Foundation.NSLock.unlock:2:11: note: 'unlock()' declared here
open func unlock()}
          ^
/tmp/morsel-286-mutation-qcdw70bm/issue-286-hero/app/Tests/MorselTests/MealThumbnailTestSupport.swift:257:14: warning: instance method 'lock' is unavailable from asynchronous contexts; Use async-safe scoped locking instead; this is an error in the Swift 6 language mode
        lock.lock()
             ^
Foundation.NSLock.lock:2:11: note: 'lock()' declared here
open func lock()}
          ^
/tmp/morsel-286-mutation-qcdw70bm/issue-286-hero/app/Tests/MorselTests/MealThumbnailTestSupport.swift:258:22: warning: instance method 'unlock' is unavailable from asynchronous contexts; Use async-safe scoped locking instead; this is an error in the Swift 6 language mode
        defer { lock.unlock() }
                     ^
Foundation.NSLock.unlock:2:11: note: 'unlock()' declared here
open func unlock()}
          ^

SwiftCompile normal arm64 /tmp/morsel-286-mutation-qcdw70bm/issue-286-hero/app/Tests/MorselTests/NativeImageSigningTests.swift (in target 'MorselTests' from project 'Morsel')
    cd /tmp/morsel-286-mutation-qcdw70bm/issue-286-hero/app

/tmp/morsel-286-mutation-qcdw70bm/issue-286-hero/app/Tests/MorselTests/MealThumbnailTestSupport.swift:240:14: warning: instance method 'lock' is unavailable from asynchronous contexts; Use async-safe scoped locking instead; this is an error in the Swift 6 language mode
        lock.lock()
             ^
Foundation.NSLock.lock:2:11: note: 'lock()' declared here
open func lock()}
          ^
/tmp/morsel-286-mutation-qcdw70bm/issue-286-hero/app/Tests/MorselTests/MealThumbnailTestSupport.swift:241:22: warning: instance method 'unlock' is unavailable from asynchronous contexts; Use async-safe scoped locking instead; this is an error in the Swift 6 language mode
        defer { lock.unlock() }
                     ^
Foundation.NSLock.unlock:2:11: note: 'unlock()' declared here
open func unlock()}
          ^
/tmp/morsel-286-mutation-qcdw70bm/issue-286-hero/app/Tests/MorselTests/MealThumbnailTestSupport.swift:257:14: warning: instance method 'lock' is unavailable from asynchronous contexts; Use async-safe scoped locking instead; this is an error in the Swift 6 language mode
        lock.lock()
             ^
Foundation.NSLock.lock:2:11: note: 'lock()' declared here
open func lock()}
          ^
/tmp/morsel-286-mutation-qcdw70bm/issue-286-hero/app/Tests/MorselTests/MealThumbnailTestSupport.swift:258:22: warning: instance method 'unlock' is unavailable from asynchronous contexts; Use async-safe scoped locking instead; this is an error in the Swift 6 language mode
        defer { lock.unlock() }
                     ^
Foundation.NSLock.unlock:2:11: note: 'unlock()' declared here
open func unlock()}
          ^
/tmp/morsel-286-mutation-qcdw70bm/issue-286-hero/app/Tests/MorselTests/NativeImageSigningTests.swift:261:14: warning: instance method 'lock' is unavailable from asynchronous contexts; Use async-safe scoped locking instead; this is an error in the Swift 6 language mode
        lock.lock()
             ^
Foundation.NSLock.lock:2:11: note: 'lock()' declared here
open func lock()}
          ^
/tmp/morsel-286-mutation-qcdw70bm/issue-286-hero/app/Tests/MorselTests/NativeImageSigningTests.swift:263:14: warning: instance method 'unlock' is unavailable from asynchronous contexts; Use async-safe scoped locking instead; this is an error in the Swift 6 language mode
        lock.unlock()
             ^
Foundation.NSLock.unlock:2:11: note: 'unlock()' declared here
open func unlock()}
          ^

SwiftCompile normal arm64 /tmp/morsel-286-mutation-qcdw70bm/issue-286-hero/app/Tests/MorselTests/NumericVoiceCaptureTests.swift (in target 'MorselTests' from project 'Morsel')
    cd /tmp/morsel-286-mutation-qcdw70bm/issue-286-hero/app

/tmp/morsel-286-mutation-qcdw70bm/issue-286-hero/app/Tests/MorselTests/MealThumbnailTestSupport.swift:240:14: warning: instance method 'lock' is unavailable from asynchronous contexts; Use async-safe scoped locking instead; this is an error in the Swift 6 language mode
        lock.lock()
             ^
Foundation.NSLock.lock:2:11: note: 'lock()' declared here
open func lock()}
          ^
/tmp/morsel-286-mutation-qcdw70bm/issue-286-hero/app/Tests/MorselTests/MealThumbnailTestSupport.swift:241:22: warning: instance method 'unlock' is unavailable from asynchronous contexts; Use async-safe scoped locking instead; this is an error in the Swift 6 language mode
        defer { lock.unlock() }
                     ^
Foundation.NSLock.unlock:2:11: note: 'unlock()' declared here
open func unlock()}
          ^
/tmp/morsel-286-mutation-qcdw70bm/issue-286-hero/app/Tests/MorselTests/MealThumbnailTestSupport.swift:257:14: warning: instance method 'lock' is unavailable from asynchronous contexts; Use async-safe scoped locking instead; this is an error in the Swift 6 language mode
        lock.lock()
             ^
Foundation.NSLock.lock:2:11: note: 'lock()' declared here
open func lock()}
          ^
/tmp/morsel-286-mutation-qcdw70bm/issue-286-hero/app/Tests/MorselTests/MealThumbnailTestSupport.swift:258:22: warning: instance method 'unlock' is unavailable from asynchronous contexts; Use async-safe scoped locking instead; this is an error in the Swift 6 language mode
        defer { lock.unlock() }
                     ^
Foundation.NSLock.unlock:2:11: note: 'unlock()' declared here
open func unlock()}
          ^

SwiftCompile normal arm64 Compiling\ DayReadDegradeEvidenceTests.swift,\ DayReadDegradeTests.swift,\ EndpointCopyTests.swift,\ FoodArtworkFallbackTests.swift,\ FoodLibraryIntegrationTests.swift,\ GoalsContextLazyLoadTests.swift,\ GoalsDirectionOwnershipTests.swift,\ GoalsDirectionProfileTests.swift,\ GoalsDirectionRaceTests.swift /tmp/morsel-286-mutation-qcdw70bm/issue-286-hero/app/Tests/MorselTests/DayReadDegradeEvidenceTests.swift /tmp/morsel-286-mutation-qcdw70bm/issue-286-hero/app/Tests/MorselTests/DayReadDegradeTests.swift /tmp/morsel-286-mutation-qcdw70bm/issue-286-hero/app/Tests/MorselTests/EndpointCopyTests.swift /tmp/morsel-286-mutation-qcdw70bm/issue-286-hero/app/Tests/MorselTests/FoodArtworkFallbackTests.swift /tmp/morsel-286-mutation-qcdw70bm/issue-286-hero/app/Tests/MorselTests/FoodLibraryIntegrationTests.swift /tmp/morsel-286-mutation-qcdw70bm/issue-286-hero/app/Tests/MorselTests/GoalsContextLazyLoadTests.swift /tmp/morsel-286-mutation-qcdw70bm/issue-286-hero/app/Tests/MorselTests/GoalsDirectionOwnershipTests.swift /tmp/morsel-286-mutation-qcdw70bm/issue-286-hero/app/Tests/MorselTests/GoalsDirectionProfileTests.swift /tmp/morsel-286-mutation-qcdw70bm/issue-286-hero/app/Tests/MorselTests/GoalsDirectionRaceTests.swift (in target 'MorselTests' from project 'Morsel')

SwiftCompile normal arm64 /tmp/morsel-286-mutation-qcdw70bm/issue-286-hero/app/Tests/MorselTests/DayReadDegradeEvidenceTests.swift (in target 'MorselTests' from project 'Morsel')
    cd /tmp/morsel-286-mutation-qcdw70bm/issue-286-hero/app


SwiftCompile normal arm64 /tmp/morsel-286-mutation-qcdw70bm/issue-286-hero/app/Tests/MorselTests/DayReadDegradeTests.swift (in target 'MorselTests' from project 'Morsel')
    cd /tmp/morsel-286-mutation-qcdw70bm/issue-286-hero/app


SwiftCompile normal arm64 /tmp/morsel-286-mutation-qcdw70bm/issue-286-hero/app/Tests/MorselTests/EndpointCopyTests.swift (in target 'MorselTests' from project 'Morsel')
    cd /tmp/morsel-286-mutation-qcdw70bm/issue-286-hero/app


SwiftCompile normal arm64 /tmp/morsel-286-mutation-qcdw70bm/issue-286-hero/app/Tests/MorselTests/FoodArtworkFallbackTests.swift (in target 'MorselTests' from project 'Morsel')
    cd /tmp/morsel-286-mutation-qcdw70bm/issue-286-hero/app


SwiftCompile normal arm64 /tmp/morsel-286-mutation-qcdw70bm/issue-286-hero/app/Tests/MorselTests/FoodLibraryIntegrationTests.swift (in target 'MorselTests' from project 'Morsel')
    cd /tmp/morsel-286-mutation-qcdw70bm/issue-286-hero/app


SwiftCompile normal arm64 /tmp/morsel-286-mutation-qcdw70bm/issue-286-hero/app/Tests/MorselTests/GoalsContextLazyLoadTests.swift (in target 'MorselTests' from project 'Morsel')
    cd /tmp/morsel-286-mutation-qcdw70bm/issue-286-hero/app


SwiftCompile normal arm64 /tmp/morsel-286-mutation-qcdw70bm/issue-286-hero/app/Tests/MorselTests/GoalsDirectionOwnershipTests.swift (in target 'MorselTests' from project 'Morsel')
    cd /tmp/morsel-286-mutation-qcdw70bm/issue-286-hero/app


SwiftCompile normal arm64 /tmp/morsel-286-mutation-qcdw70bm/issue-286-hero/app/Tests/MorselTests/GoalsDirectionProfileTests.swift (in target 'MorselTests' from project 'Morsel')
    cd /tmp/morsel-286-mutation-qcdw70bm/issue-286-hero/app


SwiftCompile normal arm64 /tmp/morsel-286-mutation-qcdw70bm/issue-286-hero/app/Tests/MorselTests/GoalsDirectionRaceTests.swift (in target 'MorselTests' from project 'Morsel')
    cd /tmp/morsel-286-mutation-qcdw70bm/issue-286-hero/app


SwiftCompile normal arm64 Compiling\ HealthSyncCopyTests.swift,\ HealthTruthfulnessTests.swift,\ HeroDatedTargetTests.swift,\ HeroNativeRoundTripTests.swift,\ HistoryCachePaintTests.swift,\ HistoryCacheScopeTests.swift,\ HistoryCacheStateTests.swift,\ HistoryCacheTestSupport.swift,\ HistoryFreezeRegressionTests.swift /tmp/morsel-286-mutation-qcdw70bm/issue-286-hero/app/Tests/MorselTests/HealthSyncCopyTests.swift /tmp/morsel-286-mutation-qcdw70bm/issue-286-hero/app/Tests/MorselTests/HealthTruthfulnessTests.swift /tmp/morsel-286-mutation-qcdw70bm/issue-286-hero/app/Tests/MorselTests/HeroDatedTargetTests.swift /tmp/morsel-286-mutation-qcdw70bm/issue-286-hero/app/Tests/MorselTests/HeroNativeRoundTripTests.swift /tmp/morsel-286-mutation-qcdw70bm/issue-286-hero/app/Tests/MorselTests/HistoryCachePaintTests.swift /tmp/morsel-286-mutation-qcdw70bm/issue-286-hero/app/Tests/MorselTests/HistoryCacheScopeTests.swift /tmp/morsel-286-mutation-qcdw70bm/issue-286-hero/app/Tests/MorselTests/HistoryCacheStateTests.swift /tmp/morsel-286-mutation-qcdw70bm/issue-286-hero/app/Tests/MorselTests/HistoryCacheTestSupport.swift /tmp/morsel-286-mutation-qcdw70bm/issue-286-hero/app/Tests/MorselTests/HistoryFreezeRegressionTests.swift (in target 'MorselTests' from project 'Morsel')

SwiftCompile normal arm64 /tmp/morsel-286-mutation-qcdw70bm/issue-286-hero/app/Tests/MorselTests/HealthSyncCopyTests.swift (in target 'MorselTests' from project 'Morsel')
    cd /tmp/morsel-286-mutation-qcdw70bm/issue-286-hero/app


SwiftCompile normal arm64 /tmp/morsel-286-mutation-qcdw70bm/issue-286-hero/app/Tests/MorselTests/HealthTruthfulnessTests.swift (in target 'MorselTests' from project 'Morsel')
    cd /tmp/morsel-286-mutation-qcdw70bm/issue-286-hero/app


SwiftCompile normal arm64 /tmp/morsel-286-mutation-qcdw70bm/issue-286-hero/app/Tests/MorselTests/HeroDatedTargetTests.swift (in target 'MorselTests' from project 'Morsel')
    cd /tmp/morsel-286-mutation-qcdw70bm/issue-286-hero/app


SwiftCompile normal arm64 /tmp/morsel-286-mutation-qcdw70bm/issue-286-hero/app/Tests/MorselTests/HeroNativeRoundTripTests.swift (in target 'MorselTests' from project 'Morsel')
    cd /tmp/morsel-286-mutation-qcdw70bm/issue-286-hero/app


SwiftCompile normal arm64 /tmp/morsel-286-mutation-qcdw70bm/issue-286-hero/app/Tests/MorselTests/HistoryCachePaintTests.swift (in target 'MorselTests' from project 'Morsel')
    cd /tmp/morsel-286-mutation-qcdw70bm/issue-286-hero/app


SwiftCompile normal arm64 /tmp/morsel-286-mutation-qcdw70bm/issue-286-hero/app/Tests/MorselTests/HistoryCacheScopeTests.swift (in target 'MorselTests' from project 'Morsel')
    cd /tmp/morsel-286-mutation-qcdw70bm/issue-286-hero/app


SwiftCompile normal arm64 /tmp/morsel-286-mutation-qcdw70bm/issue-286-hero/app/Tests/MorselTests/HistoryCacheStateTests.swift (in target 'MorselTests' from project 'Morsel')
    cd /tmp/morsel-286-mutation-qcdw70bm/issue-286-hero/app


SwiftCompile normal arm64 /tmp/morsel-286-mutation-qcdw70bm/issue-286-hero/app/Tests/MorselTests/HistoryCacheTestSupport.swift (in target 'MorselTests' from project 'Morsel')
    cd /tmp/morsel-286-mutation-qcdw70bm/issue-286-hero/app


SwiftCompile normal arm64 /tmp/morsel-286-mutation-qcdw70bm/issue-286-hero/app/Tests/MorselTests/HistoryFreezeRegressionTests.swift (in target 'MorselTests' from project 'Morsel')
    cd /tmp/morsel-286-mutation-qcdw70bm/issue-286-hero/app


SwiftCompile normal arm64 Compiling\ GoalsEditorTests.swift,\ GoalsPageRequestSpy.swift,\ GoalsPageTests.swift,\ GoalsPolishTests.swift,\ GoalsRestoreRenderingTests.swift,\ GoalsRestoreTests.swift,\ GoalsRestoreTransport.swift,\ HealthReliabilityTests.swift,\ HealthStatusAsyncTests.swift /tmp/morsel-286-mutation-qcdw70bm/issue-286-hero/app/Tests/MorselTests/GoalsEditorTests.swift /tmp/morsel-286-mutation-qcdw70bm/issue-286-hero/app/Tests/MorselTests/GoalsPageRequestSpy.swift /tmp/morsel-286-mutation-qcdw70bm/issue-286-hero/app/Tests/MorselTests/GoalsPageTests.swift /tmp/morsel-286-mutation-qcdw70bm/issue-286-hero/app/Tests/MorselTests/GoalsPolishTests.swift /tmp/morsel-286-mutation-qcdw70bm/issue-286-hero/app/Tests/MorselTests/GoalsRestoreRenderingTests.swift /tmp/morsel-286-mutation-qcdw70bm/issue-286-hero/app/Tests/MorselTests/GoalsRestoreTests.swift /tmp/morsel-286-mutation-qcdw70bm/issue-286-hero/app/Tests/MorselTests/GoalsRestoreTransport.swift /tmp/morsel-286-mutation-qcdw70bm/issue-286-hero/app/Tests/MorselTests/HealthReliabilityTests.swift /tmp/morsel-286-mutation-qcdw70bm/issue-286-hero/app/Tests/MorselTests/HealthStatusAsyncTests.swift (in target 'MorselTests' from project 'Morsel')

SwiftCompile normal arm64 /tmp/morsel-286-mutation-qcdw70bm/issue-286-hero/app/Tests/MorselTests/GoalsEditorTests.swift (in target 'MorselTests' from project 'Morsel')
    cd /tmp/morsel-286-mutation-qcdw70bm/issue-286-hero/app


SwiftCompile normal arm64 /tmp/morsel-286-mutation-qcdw70bm/issue-286-hero/app/Tests/MorselTests/GoalsPageRequestSpy.swift (in target 'MorselTests' from project 'Morsel')
    cd /tmp/morsel-286-mutation-qcdw70bm/issue-286-hero/app


SwiftCompile normal arm64 /tmp/morsel-286-mutation-qcdw70bm/issue-286-hero/app/Tests/MorselTests/GoalsPageTests.swift (in target 'MorselTests' from project 'Morsel')
    cd /tmp/morsel-286-mutation-qcdw70bm/issue-286-hero/app


SwiftCompile normal arm64 /tmp/morsel-286-mutation-qcdw70bm/issue-286-hero/app/Tests/MorselTests/GoalsPolishTests.swift (in target 'MorselTests' from project 'Morsel')
    cd /tmp/morsel-286-mutation-qcdw70bm/issue-286-hero/app


SwiftCompile normal arm64 /tmp/morsel-286-mutation-qcdw70bm/issue-286-hero/app/Tests/MorselTests/GoalsRestoreRenderingTests.swift (in target 'MorselTests' from project 'Morsel')
    cd /tmp/morsel-286-mutation-qcdw70bm/issue-286-hero/app


SwiftCompile normal arm64 /tmp/morsel-286-mutation-qcdw70bm/issue-286-hero/app/Tests/MorselTests/GoalsRestoreTests.swift (in target 'MorselTests' from project 'Morsel')
    cd /tmp/morsel-286-mutation-qcdw70bm/issue-286-hero/app


SwiftCompile normal arm64 /tmp/morsel-286-mutation-qcdw70bm/issue-286-hero/app/Tests/MorselTests/GoalsRestoreTransport.swift (in target 'MorselTests' from project 'Morsel')
    cd /tmp/morsel-286-mutation-qcdw70bm/issue-286-hero/app


SwiftCompile normal arm64 /tmp/morsel-286-mutation-qcdw70bm/issue-286-hero/app/Tests/MorselTests/HealthReliabilityTests.swift (in target 'MorselTests' from project 'Morsel')
    cd /tmp/morsel-286-mutation-qcdw70bm/issue-286-hero/app


SwiftCompile normal arm64 /tmp/morsel-286-mutation-qcdw70bm/issue-286-hero/app/Tests/MorselTests/HealthStatusAsyncTests.swift (in target 'MorselTests' from project 'Morsel')
    cd /tmp/morsel-286-mutation-qcdw70bm/issue-286-hero/app


SwiftCompile normal arm64 Compiling\ HitRegionTests.swift,\ InteractionOwnershipTests.swift,\ JournalCalendarTests.swift,\ JournalDiaryLoadTests.swift,\ JournalFollowUpTests.swift,\ JournalFontRenderingTests.swift,\ JournalPagerRaceTests.swift,\ JournalRenderingTestSupport.swift,\ JournalSemanticsTests.swift /tmp/morsel-286-mutation-qcdw70bm/issue-286-hero/app/Tests/MorselTests/HitRegionTests.swift /tmp/morsel-286-mutation-qcdw70bm/issue-286-hero/app/Tests/MorselTests/InteractionOwnershipTests.swift /tmp/morsel-286-mutation-qcdw70bm/issue-286-hero/app/Tests/MorselTests/JournalCalendarTests.swift /tmp/morsel-286-mutation-qcdw70bm/issue-286-hero/app/Tests/MorselTests/JournalDiaryLoadTests.swift /tmp/morsel-286-mutation-qcdw70bm/issue-286-hero/app/Tests/MorselTests/JournalFollowUpTests.swift /tmp/morsel-286-mutation-qcdw70bm/issue-286-hero/app/Tests/MorselTests/JournalFontRenderingTests.swift /tmp/morsel-286-mutation-qcdw70bm/issue-286-hero/app/Tests/MorselTests/JournalPagerRaceTests.swift /tmp/morsel-286-mutation-qcdw70bm/issue-286-hero/app/Tests/MorselTests/JournalRenderingTestSupport.swift /tmp/morsel-286-mutation-qcdw70bm/issue-286-hero/app/Tests/MorselTests/JournalSemanticsTests.swift (in target 'MorselTests' from project 'Morsel')

SwiftCompile normal arm64 /tmp/morsel-286-mutation-qcdw70bm/issue-286-hero/app/Tests/MorselTests/HitRegionTests.swift (in target 'MorselTests' from project 'Morsel')
    cd /tmp/morsel-286-mutation-qcdw70bm/issue-286-hero/app

/tmp/morsel-286-mutation-qcdw70bm/issue-286-hero/app/Tests/MorselTests/HitRegionTests.swift:38:66: warning: main actor-isolated static property 'phoneWidth' can not be referenced from a nonisolated context; this is an error in the Swift 6 language mode
    private func fittedSize(of view: some View, width: CGFloat = phoneWidth, height: CGFloat = 844) -> CGSize {
                                                                 ^
/tmp/morsel-286-mutation-qcdw70bm/issue-286-hero/app/Tests/MorselTests/HitRegionTests.swift:23:24: note: static property declared here
    private static let phoneWidth: CGFloat = 390
                       ^

SwiftCompile normal arm64 /tmp/morsel-286-mutation-qcdw70bm/issue-286-hero/app/Tests/MorselTests/InteractionOwnershipTests.swift (in target 'MorselTests' from project 'Morsel')
    cd /tmp/morsel-286-mutation-qcdw70bm/issue-286-hero/app


SwiftCompile normal arm64 /tmp/morsel-286-mutation-qcdw70bm/issue-286-hero/app/Tests/MorselTests/JournalCalendarTests.swift (in target 'MorselTests' from project 'Morsel')
    cd /tmp/morsel-286-mutation-qcdw70bm/issue-286-hero/app


SwiftCompile normal arm64 /tmp/morsel-286-mutation-qcdw70bm/issue-286-hero/app/Tests/MorselTests/JournalDiaryLoadTests.swift (in target 'MorselTests' from project 'Morsel')
    cd /tmp/morsel-286-mutation-qcdw70bm/issue-286-hero/app


SwiftCompile normal arm64 /tmp/morsel-286-mutation-qcdw70bm/issue-286-hero/app/Tests/MorselTests/JournalFollowUpTests.swift (in target 'MorselTests' from project 'Morsel')
    cd /tmp/morsel-286-mutation-qcdw70bm/issue-286-hero/app


SwiftCompile normal arm64 /tmp/morsel-286-mutation-qcdw70bm/issue-286-hero/app/Tests/MorselTests/JournalFontRenderingTests.swift (in target 'MorselTests' from project 'Morsel')
    cd /tmp/morsel-286-mutation-qcdw70bm/issue-286-hero/app


SwiftCompile normal arm64 /tmp/morsel-286-mutation-qcdw70bm/issue-286-hero/app/Tests/MorselTests/JournalPagerRaceTests.swift (in target 'MorselTests' from project 'Morsel')
    cd /tmp/morsel-286-mutation-qcdw70bm/issue-286-hero/app


SwiftCompile normal arm64 /tmp/morsel-286-mutation-qcdw70bm/issue-286-hero/app/Tests/MorselTests/JournalRenderingTestSupport.swift (in target 'MorselTests' from project 'Morsel')
    cd /tmp/morsel-286-mutation-qcdw70bm/issue-286-hero/app


SwiftCompile normal arm64 /tmp/morsel-286-mutation-qcdw70bm/issue-286-hero/app/Tests/MorselTests/JournalSemanticsTests.swift (in target 'MorselTests' from project 'Morsel')
    cd /tmp/morsel-286-mutation-qcdw70bm/issue-286-hero/app


SwiftCompile normal arm64 Compiling\ RowArtworkRendererTests.swift,\ RowNoiseRegressionTests.swift,\ SharedButtonTargetTests.swift,\ StubSupabaseReadTransport.swift,\ TodayRefreshLifecycleTests.swift,\ TodayRefreshRegressionTests.swift,\ TodayRefreshTestSupport.swift,\ TrainingDayEvidenceTests.swift /tmp/morsel-286-mutation-qcdw70bm/issue-286-hero/app/Tests/MorselTests/RowArtworkRendererTests.swift /tmp/morsel-286-mutation-qcdw70bm/issue-286-hero/app/Tests/MorselTests/RowNoiseRegressionTests.swift /tmp/morsel-286-mutation-qcdw70bm/issue-286-hero/app/Tests/MorselTests/SharedButtonTargetTests.swift /tmp/morsel-286-mutation-qcdw70bm/issue-286-hero/app/Tests/MorselTests/StubSupabaseReadTransport.swift /tmp/morsel-286-mutation-qcdw70bm/issue-286-hero/app/Tests/MorselTests/TodayRefreshLifecycleTests.swift /tmp/morsel-286-mutation-qcdw70bm/issue-286-hero/app/Tests/MorselTests/TodayRefreshRegressionTests.swift /tmp/morsel-286-mutation-qcdw70bm/issue-286-hero/app/Tests/MorselTests/TodayRefreshTestSupport.swift /tmp/morsel-286-mutation-qcdw70bm/issue-286-hero/app/Tests/MorselTests/TrainingDayEvidenceTests.swift (in target 'MorselTests' from project 'Morsel')

SwiftCompile normal arm64 /tmp/morsel-286-mutation-qcdw70bm/issue-286-hero/app/Tests/MorselTests/RowArtworkRendererTests.swift (in target 'MorselTests' from project 'Morsel')
    cd /tmp/morsel-286-mutation-qcdw70bm/issue-286-hero/app


SwiftCompile normal arm64 /tmp/morsel-286-mutation-qcdw70bm/issue-286-hero/app/Tests/MorselTests/RowNoiseRegressionTests.swift (in target 'MorselTests' from project 'Morsel')
    cd /tmp/morsel-286-mutation-qcdw70bm/issue-286-hero/app

/tmp/morsel-286-mutation-qcdw70bm/issue-286-hero/app/Tests/MorselTests/RowNoiseRegressionTests.swift:115:22: warning: instance method 'run' is unavailable from asynchronous contexts; run(until:) cannot be used from async contexts.; this is an error in the Swift 6 language mode
        RunLoop.main.run(until: Date().addingTimeInterval(0.6))
                     ^
Foundation.RunLoop.run:2:11: note: 'run(until:)' declared here
open func run(until limitDate: Date)}
          ^
/tmp/morsel-286-mutation-qcdw70bm/issue-286-hero/app/Tests/MorselTests/RowNoiseRegressionTests.swift:134:22: warning: instance method 'run' is unavailable from asynchronous contexts; run(until:) cannot be used from async contexts.; this is an error in the Swift 6 language mode
        RunLoop.main.run(until: Date().addingTimeInterval(0.5))
                     ^
Foundation.RunLoop.run:2:11: note: 'run(until:)' declared here
open func run(until limitDate: Date)}
          ^

SwiftCompile normal arm64 /tmp/morsel-286-mutation-qcdw70bm/issue-286-hero/app/Tests/MorselTests/SharedButtonTargetTests.swift (in target 'MorselTests' from project 'Morsel')
    cd /tmp/morsel-286-mutation-qcdw70bm/issue-286-hero/app

/tmp/morsel-286-mutation-qcdw70bm/issue-286-hero/app/Tests/MorselTests/SharedButtonTargetTests.swift:16:73: warning: call to main actor-isolated initializer 'init()' in a synchronous nonisolated context
            case "primary": return AnyView(Button(label) {}.buttonStyle(MorselPrimaryButtonStyle()))
                                                                        ^
Morsel.MorselPrimaryButtonStyle.init:2:21: note: calls to initializer 'init()' from outside of its actor context are implicitly asynchronous
@MainActor internal init()}
                    ^
/tmp/morsel-286-mutation-qcdw70bm/issue-286-hero/app/Tests/MorselTests/SharedButtonTargetTests.swift:17:71: warning: call to main actor-isolated initializer 'init()' in a synchronous nonisolated context
            case "ghost": return AnyView(Button(label) {}.buttonStyle(MorselGhostButtonStyle()))
                                                                      ^
Morsel.MorselGhostButtonStyle.init:2:21: note: calls to initializer 'init()' from outside of its actor context are implicitly asynchronous
@MainActor internal init()}
                    ^
/tmp/morsel-286-mutation-qcdw70bm/issue-286-hero/app/Tests/MorselTests/SharedButtonTargetTests.swift:18:66: warning: call to main actor-isolated initializer 'init()' in a synchronous nonisolated context
            default: return AnyView(Button(label) {}.buttonStyle(MorselDestructiveButtonStyle()))
                                                                 ^
Morsel.MorselDestructiveButtonStyle.init:2:21: note: calls to initializer 'init()' from outside of its actor context are implicitly asynchronous
@MainActor internal init()}
                    ^

SwiftCompile normal arm64 /tmp/morsel-286-mutation-qcdw70bm/issue-286-hero/app/Tests/MorselTests/StubSupabaseReadTransport.swift (in target 'MorselTests' from project 'Morsel')
    cd /tmp/morsel-286-mutation-qcdw70bm/issue-286-hero/app

/tmp/morsel-286-mutation-qcdw70bm/issue-286-hero/app/Tests/MorselTests/StubSupabaseReadTransport.swift:234:17: warning: stored property 'values' of 'Sendable'-conforming class 'StubSessionStorage' is mutable; this is an error in the Swift 6 language mode
    private var values: [String: Data] = [:]
                ^

SwiftCompile normal arm64 /tmp/morsel-286-mutation-qcdw70bm/issue-286-hero/app/Tests/MorselTests/TodayRefreshLifecycleTests.swift (in target 'MorselTests' from project 'Morsel')
    cd /tmp/morsel-286-mutation-qcdw70bm/issue-286-hero/app


SwiftCompile normal arm64 /tmp/morsel-286-mutation-qcdw70bm/issue-286-hero/app/Tests/MorselTests/TodayRefreshRegressionTests.swift (in target 'MorselTests' from project 'Morsel')
    cd /tmp/morsel-286-mutation-qcdw70bm/issue-286-hero/app


SwiftCompile normal arm64 /tmp/morsel-286-mutation-qcdw70bm/issue-286-hero/app/Tests/MorselTests/TodayRefreshTestSupport.swift (in target 'MorselTests' from project 'Morsel')
    cd /tmp/morsel-286-mutation-qcdw70bm/issue-286-hero/app


SwiftCompile normal arm64 /tmp/morsel-286-mutation-qcdw70bm/issue-286-hero/app/Tests/MorselTests/TrainingDayEvidenceTests.swift (in target 'MorselTests' from project 'Morsel')
    cd /tmp/morsel-286-mutation-qcdw70bm/issue-286-hero/app


SwiftCompile normal arm64 Compiling\ TrainingDayFixture.swift,\ TrainingDayTests.swift,\ TrainingFuelEvidenceTests.swift,\ TrainingFuelTests.swift,\ WeightDeltaCaptureTests.swift,\ WeightDeltaSurfaceTests.swift,\ WeightDeltaTests.swift,\ WeightImportTests.swift /tmp/morsel-286-mutation-qcdw70bm/issue-286-hero/app/Tests/MorselTests/TrainingDayFixture.swift /tmp/morsel-286-mutation-qcdw70bm/issue-286-hero/app/Tests/MorselTests/TrainingDayTests.swift /tmp/morsel-286-mutation-qcdw70bm/issue-286-hero/app/Tests/MorselTests/TrainingFuelEvidenceTests.swift /tmp/morsel-286-mutation-qcdw70bm/issue-286-hero/app/Tests/MorselTests/TrainingFuelTests.swift /tmp/morsel-286-mutation-qcdw70bm/issue-286-hero/app/Tests/MorselTests/WeightDeltaCaptureTests.swift /tmp/morsel-286-mutation-qcdw70bm/issue-286-hero/app/Tests/MorselTests/WeightDeltaSurfaceTests.swift /tmp/morsel-286-mutation-qcdw70bm/issue-286-hero/app/Tests/MorselTests/WeightDeltaTests.swift /tmp/morsel-286-mutation-qcdw70bm/issue-286-hero/app/Tests/MorselTests/WeightImportTests.swift (in target 'MorselTests' from project 'Morsel')

SwiftCompile normal arm64 /tmp/morsel-286-mutation-qcdw70bm/issue-286-hero/app/Tests/MorselTests/TrainingDayFixture.swift (in target 'MorselTests' from project 'Morsel')
    cd /tmp/morsel-286-mutation-qcdw70bm/issue-286-hero/app


SwiftCompile normal arm64 /tmp/morsel-286-mutation-qcdw70bm/issue-286-hero/app/Tests/MorselTests/TrainingDayTests.swift (in target 'MorselTests' from project 'Morsel')
    cd /tmp/morsel-286-mutation-qcdw70bm/issue-286-hero/app


SwiftCompile normal arm64 /tmp/morsel-286-mutation-qcdw70bm/issue-286-hero/app/Tests/MorselTests/TrainingFuelEvidenceTests.swift (in target 'MorselTests' from project 'Morsel')
    cd /tmp/morsel-286-mutation-qcdw70bm/issue-286-hero/app


SwiftCompile normal arm64 /tmp/morsel-286-mutation-qcdw70bm/issue-286-hero/app/Tests/MorselTests/TrainingFuelTests.swift (in target 'MorselTests' from project 'Morsel')
    cd /tmp/morsel-286-mutation-qcdw70bm/issue-286-hero/app


SwiftCompile normal arm64 /tmp/morsel-286-mutation-qcdw70bm/issue-286-hero/app/Tests/MorselTests/WeightDeltaCaptureTests.swift (in target 'MorselTests' from project 'Morsel')
    cd /tmp/morsel-286-mutation-qcdw70bm/issue-286-hero/app


SwiftCompile normal arm64 /tmp/morsel-286-mutation-qcdw70bm/issue-286-hero/app/Tests/MorselTests/WeightDeltaSurfaceTests.swift (in target 'MorselTests' from project 'Morsel')
    cd /tmp/morsel-286-mutation-qcdw70bm/issue-286-hero/app


SwiftCompile normal arm64 /tmp/morsel-286-mutation-qcdw70bm/issue-286-hero/app/Tests/MorselTests/WeightDeltaTests.swift (in target 'MorselTests' from project 'Morsel')
    cd /tmp/morsel-286-mutation-qcdw70bm/issue-286-hero/app


SwiftCompile normal arm64 /tmp/morsel-286-mutation-qcdw70bm/issue-286-hero/app/Tests/MorselTests/WeightImportTests.swift (in target 'MorselTests' from project 'Morsel')
    cd /tmp/morsel-286-mutation-qcdw70bm/issue-286-hero/app


SwiftEmitModule normal arm64 Emitting\ module\ for\ MorselTests (in target 'MorselTests' from project 'Morsel')

EmitSwiftModule normal arm64 (in target 'MorselTests' from project 'Morsel')
    cd /tmp/morsel-286-mutation-qcdw70bm/issue-286-hero/app

/tmp/morsel-286-mutation-qcdw70bm/issue-286-hero/app/Tests/MorselTests/HitRegionTests.swift:38:66: warning: main actor-isolated static property 'phoneWidth' can not be referenced from a nonisolated context; this is an error in the Swift 6 language mode
    private func fittedSize(of view: some View, width: CGFloat = phoneWidth, height: CGFloat = 844) -> CGSize {
                                                                 ^
/tmp/morsel-286-mutation-qcdw70bm/issue-286-hero/app/Tests/MorselTests/HitRegionTests.swift:23:24: note: static property declared here
    private static let phoneWidth: CGFloat = 390
                       ^
/tmp/morsel-286-mutation-qcdw70bm/issue-286-hero/app/Tests/MorselTests/StubSupabaseReadTransport.swift:234:17: warning: stored property 'values' of 'Sendable'-conforming class 'StubSessionStorage' is mutable; this is an error in the Swift 6 language mode
    private var values: [String: Data] = [:]
                ^

SwiftCompile normal arm64 Compiling\ AddMealReliabilityRegressionTests.swift,\ AppearanceThemeTests.swift,\ ArtworkIdentityReadTests.swift,\ ArtworkIdentitySurfaceTests.swift,\ ArtworkIdentityTests.swift,\ AuthEmailErrorCopyTests.swift,\ DashboardMathTests.swift,\ DatedTargetReadRenderTests.swift,\ DayReadCompositionTests.swift /tmp/morsel-286-mutation-qcdw70bm/issue-286-hero/app/Tests/MorselTests/AddMealReliabilityRegressionTests.swift /tmp/morsel-286-mutation-qcdw70bm/issue-286-hero/app/Tests/MorselTests/AppearanceThemeTests.swift /tmp/morsel-286-mutation-qcdw70bm/issue-286-hero/app/Tests/MorselTests/ArtworkIdentityReadTests.swift /tmp/morsel-286-mutation-qcdw70bm/issue-286-hero/app/Tests/MorselTests/ArtworkIdentitySurfaceTests.swift /tmp/morsel-286-mutation-qcdw70bm/issue-286-hero/app/Tests/MorselTests/ArtworkIdentityTests.swift /tmp/morsel-286-mutation-qcdw70bm/issue-286-hero/app/Tests/MorselTests/AuthEmailErrorCopyTests.swift /tmp/morsel-286-mutation-qcdw70bm/issue-286-hero/app/Tests/MorselTests/DashboardMathTests.swift /tmp/morsel-286-mutation-qcdw70bm/issue-286-hero/app/Tests/MorselTests/DatedTargetReadRenderTests.swift /tmp/morsel-286-mutation-qcdw70bm/issue-286-hero/app/Tests/MorselTests/DayReadCompositionTests.swift (in target 'MorselTests' from project 'Morsel')

SwiftCompile normal arm64 /tmp/morsel-286-mutation-qcdw70bm/issue-286-hero/app/Tests/MorselTests/AddMealReliabilityRegressionTests.swift (in target 'MorselTests' from project 'Morsel')
    cd /tmp/morsel-286-mutation-qcdw70bm/issue-286-hero/app


SwiftCompile normal arm64 /tmp/morsel-286-mutation-qcdw70bm/issue-286-hero/app/Tests/MorselTests/AppearanceThemeTests.swift (in target 'MorselTests' from project 'Morsel')
    cd /tmp/morsel-286-mutation-qcdw70bm/issue-286-hero/app


SwiftCompile normal arm64 /tmp/morsel-286-mutation-qcdw70bm/issue-286-hero/app/Tests/MorselTests/ArtworkIdentityReadTests.swift (in target 'MorselTests' from project 'Morsel')
    cd /tmp/morsel-286-mutation-qcdw70bm/issue-286-hero/app


SwiftCompile normal arm64 /tmp/morsel-286-mutation-qcdw70bm/issue-286-hero/app/Tests/MorselTests/ArtworkIdentitySurfaceTests.swift (in target 'MorselTests' from project 'Morsel')
    cd /tmp/morsel-286-mutation-qcdw70bm/issue-286-hero/app


SwiftCompile normal arm64 /tmp/morsel-286-mutation-qcdw70bm/issue-286-hero/app/Tests/MorselTests/ArtworkIdentityTests.swift (in target 'MorselTests' from project 'Morsel')
    cd /tmp/morsel-286-mutation-qcdw70bm/issue-286-hero/app


SwiftCompile normal arm64 /tmp/morsel-286-mutation-qcdw70bm/issue-286-hero/app/Tests/MorselTests/AuthEmailErrorCopyTests.swift (in target 'MorselTests' from project 'Morsel')
    cd /tmp/morsel-286-mutation-qcdw70bm/issue-286-hero/app


SwiftCompile normal arm64 /tmp/morsel-286-mutation-qcdw70bm/issue-286-hero/app/Tests/MorselTests/DashboardMathTests.swift (in target 'MorselTests' from project 'Morsel')
    cd /tmp/morsel-286-mutation-qcdw70bm/issue-286-hero/app


SwiftCompile normal arm64 /tmp/morsel-286-mutation-qcdw70bm/issue-286-hero/app/Tests/MorselTests/DatedTargetReadRenderTests.swift (in target 'MorselTests' from project 'Morsel')
    cd /tmp/morsel-286-mutation-qcdw70bm/issue-286-hero/app


SwiftCompile normal arm64 /tmp/morsel-286-mutation-qcdw70bm/issue-286-hero/app/Tests/MorselTests/DayReadCompositionTests.swift (in target 'MorselTests' from project 'Morsel')
    cd /tmp/morsel-286-mutation-qcdw70bm/issue-286-hero/app


SwiftCompile normal arm64 Compiling\ NumericVoiceTests.swift,\ OnboardingTests.swift,\ PageIdentityTests.swift,\ PaperDeleteAndSkeletonTests.swift,\ ParallelReadsTests.swift,\ PhotoAttachOnEditRegressionTests.swift,\ PhotoPipelineRegressionTests.swift,\ PhotoPreparationOffMainTests.swift,\ PhotoPreparationPublicationTests.swift /tmp/morsel-286-mutation-qcdw70bm/issue-286-hero/app/Tests/MorselTests/NumericVoiceTests.swift /tmp/morsel-286-mutation-qcdw70bm/issue-286-hero/app/Tests/MorselTests/OnboardingTests.swift /tmp/morsel-286-mutation-qcdw70bm/issue-286-hero/app/Tests/MorselTests/PageIdentityTests.swift /tmp/morsel-286-mutation-qcdw70bm/issue-286-hero/app/Tests/MorselTests/PaperDeleteAndSkeletonTests.swift /tmp/morsel-286-mutation-qcdw70bm/issue-286-hero/app/Tests/MorselTests/ParallelReadsTests.swift /tmp/morsel-286-mutation-qcdw70bm/issue-286-hero/app/Tests/MorselTests/PhotoAttachOnEditRegressionTests.swift /tmp/morsel-286-mutation-qcdw70bm/issue-286-hero/app/Tests/MorselTests/PhotoPipelineRegressionTests.swift /tmp/morsel-286-mutation-qcdw70bm/issue-286-hero/app/Tests/MorselTests/PhotoPreparationOffMainTests.swift /tmp/morsel-286-mutation-qcdw70bm/issue-286-hero/app/Tests/MorselTests/PhotoPreparationPublicationTests.swift (in target 'MorselTests' from project 'Morsel')
SwiftCompile normal arm64 /tmp/morsel-286-mutation-qcdw70bm/issue-286-hero/app/Tests/MorselTests/NumericVoiceTests.swift (in target 'MorselTests' from project 'Morsel')
    cd /tmp/morsel-286-mutation-qcdw70bm/issue-286-hero/app


SwiftCompile normal arm64 /tmp/morsel-286-mutation-qcdw70bm/issue-286-hero/app/Tests/MorselTests/OnboardingTests.swift (in target 'MorselTests' from project 'Morsel')
    cd /tmp/morsel-286-mutation-qcdw70bm/issue-286-hero/app


SwiftCompile normal arm64 /tmp/morsel-286-mutation-qcdw70bm/issue-286-hero/app/Tests/MorselTests/PageIdentityTests.swift (in target 'MorselTests' from project 'Morsel')
    cd /tmp/morsel-286-mutation-qcdw70bm/issue-286-hero/app


SwiftCompile normal arm64 /tmp/morsel-286-mutation-qcdw70bm/issue-286-hero/app/Tests/MorselTests/PaperDeleteAndSkeletonTests.swift (in target 'MorselTests' from project 'Morsel')
    cd /tmp/morsel-286-mutation-qcdw70bm/issue-286-hero/app


SwiftCompile normal arm64 /tmp/morsel-286-mutation-qcdw70bm/issue-286-hero/app/Tests/MorselTests/ParallelReadsTests.swift (in target 'MorselTests' from project 'Morsel')
    cd /tmp/morsel-286-mutation-qcdw70bm/issue-286-hero/app


SwiftCompile normal arm64 /tmp/morsel-286-mutation-qcdw70bm/issue-286-hero/app/Tests/MorselTests/PhotoAttachOnEditRegressionTests.swift (in target 'MorselTests' from project 'Morsel')
    cd /tmp/morsel-286-mutation-qcdw70bm/issue-286-hero/app


SwiftCompile normal arm64 /tmp/morsel-286-mutation-qcdw70bm/issue-286-hero/app/Tests/MorselTests/PhotoPipelineRegressionTests.swift (in target 'MorselTests' from project 'Morsel')
    cd /tmp/morsel-286-mutation-qcdw70bm/issue-286-hero/app


SwiftCompile normal arm64 /tmp/morsel-286-mutation-qcdw70bm/issue-286-hero/app/Tests/MorselTests/PhotoPreparationOffMainTests.swift (in target 'MorselTests' from project 'Morsel')
    cd /tmp/morsel-286-mutation-qcdw70bm/issue-286-hero/app


SwiftCompile normal arm64 /tmp/morsel-286-mutation-qcdw70bm/issue-286-hero/app/Tests/MorselTests/PhotoPreparationPublicationTests.swift (in target 'MorselTests' from project 'Morsel')
    cd /tmp/morsel-286-mutation-qcdw70bm/issue-286-hero/app


SwiftDriverJobDiscovery normal arm64 Emitting module for MorselTests (in target 'MorselTests' from project 'Morsel')

SwiftDriver\ Compilation\ Requirements MorselTests normal arm64 com.apple.xcode.tools.swift.compiler (in target 'MorselTests' from project 'Morsel')
    cd /tmp/morsel-286-mutation-qcdw70bm/issue-286-hero/app
    builtin-Swift-Compilation-Requirements -- /Applications/Xcode.app/Contents/Developer/Toolchains/XcodeDefault.xctoolchain/usr/bin/swiftc -module-name MorselTests -Onone @/tmp/morsel-286-dd/Build/Intermediates.noindex/Morsel.build/Debug-iphonesimulator/MorselTests.build/Objects-normal/arm64/MorselTests.SwiftFileList -DDEBUG -plugin-path /Applications/Xcode.app/Contents/Developer/Toolchains/XcodeDefault.xctoolchain/usr/lib/swift/host/plugins/testing -enable-bare-slash-regex -enable-experimental-feature DebugDescriptionMacro -sdk /Applications/Xcode.app/Contents/Developer/Platforms/iPhoneSimulator.platform/Developer/SDKs/iPhoneSimulator26.5.sdk -target arm64-apple-ios17.0-simulator -g -module-cache-path /tmp/morsel-286-dd/ModuleCache.noindex -Xfrontend -serialize-debugging-options -enable-testing -index-store-path /tmp/morsel-286-dd/Index.noindex/DataStore -Xcc -D_LIBCPP_HARDENING_MODE\=_LIBCPP_HARDENING_MODE_DEBUG -swift-version 5 -I /tmp/morsel-286-dd/Build/Products/Debug-iphonesimulator -Isystem /Applications/Xcode.app/Contents/Developer/Platforms/iPhoneSimulator.platform/Developer/usr/lib -F /tmp/morsel-286-dd/Build/Products/Debug-iphonesimulator/PackageFrameworks -F /tmp/morsel-286-dd/Build/Products/Debug-iphonesimulator/PackageFrameworks -F /tmp/morsel-286-dd/Build/Products/Debug-iphonesimulator/PackageFrameworks -F /tmp/morsel-286-dd/Build/Products/Debug-iphonesimulator/PackageFrameworks -F /tmp/morsel-286-dd/Build/Products/Debug-iphonesimulator/PackageFrameworks -F /tmp/morsel-286-dd/Build/Products/Debug-iphonesimulator/PackageFrameworks -F /tmp/morsel-286-dd/Build/Products/Debug-iphonesimulator/PackageFrameworks -F /tmp/morsel-286-dd/Build/Products/Debug-iphonesimulator/PackageFrameworks -F /tmp/morsel-286-dd/Build/Products/Debug-iphonesimulator/PackageFrameworks -F /tmp/morsel-286-dd/Build/Products/Debug-iphonesimulator/PackageFrameworks -F /tmp/morsel-286-dd/Build/Products/Debug-iphonesimulator/PackageFrameworks -F /tmp/morsel-286-dd/Build/Products/Debug-iphonesimulator/PackageFrameworks -F /tmp/morsel-286-dd/Build/Products/Debug-iphonesimulator/PackageFrameworks -F /tmp/morsel-286-dd/Build/Products/Debug-iphonesimulator/PackageFrameworks -F /tmp/morsel-286-dd/Build/Products/Debug-iphonesimulator -F /Applications/Xcode.app/Contents/Developer/Platforms/iPhoneSimulator.platform/Developer/Library/Frameworks -F /Applications/Xcode.app/Contents/Developer/Platforms/iPhoneSimulator.platform/Developer/SDKs/iPhoneSimulator26.5.sdk/Developer/Library/Frameworks -c -j10 -enable-batch-mode -incremental -Xcc -ivfsstatcache -Xcc /tmp/morsel-286-dd/SDKStatCaches.noindex/iphonesimulator26.5-23F81a-6cfe768891a92b912361537c460fe42b.sdkstatcache -output-file-map /tmp/morsel-286-dd/Build/Intermediates.noindex/Morsel.build/Debug-iphonesimulator/MorselTests.build/Objects-normal/arm64/MorselTests-OutputFileMap.json -use-frontend-parseable-output -save-temps -no-color-diagnostics -explicit-module-build -module-cache-path /tmp/morsel-286-dd/Build/Intermediates.noindex/SwiftExplicitPrecompiledModules -clang-scanner-module-cache-path /tmp/morsel-286-dd/ModuleCache.noindex -sdk-module-cache-path /tmp/morsel-286-dd/ModuleCache.noindex -serialize-diagnostics -emit-dependencies -emit-module -emit-module-path /tmp/morsel-286-dd/Build/Intermediates.noindex/Morsel.build/Debug-iphonesimulator/MorselTests.build/Objects-normal/arm64/MorselTests.swiftmodule -validate-clang-modules-once -clang-build-session-file /tmp/morsel-286-dd/ModuleCache.noindex/Session.modulevalidation -Xcc -I/tmp/morsel-286-dd/Build/Intermediates.noindex/Morsel.build/Debug-iphonesimulator/MorselTests.build/swift-overrides.hmap -emit-const-values -Xfrontend -const-gather-protocols-file -Xfrontend /tmp/morsel-286-dd/Build/Intermediates.noindex/Morsel.build/Debug-iphonesimulator/MorselTests.build/Objects-normal/arm64/MorselTests_const_extract_protocols.json -Xcc -iquote -Xcc /tmp/morsel-286-dd/Build/Intermediates.noindex/Morsel.build/Debug-iphonesimulator/MorselTests.build/MorselTests-generated-files.hmap -Xcc -I/tmp/morsel-286-dd/Build/Intermediates.noindex/Morsel.build/Debug-iphonesimulator/MorselTests.build/MorselTests-own-target-headers.hmap -Xcc -I/tmp/morsel-286-dd/Build/Intermediates.noindex/Morsel.build/Debug-iphonesimulator/MorselTests.build/MorselTests-all-non-framework-target-headers.hmap -Xcc -ivfsoverlay -Xcc /tmp/morsel-286-dd/Build/Intermediates.noindex/Morsel.build/Debug-iphonesimulator/Morsel-17248c3624f98dc6f156c39ec7fad702-VFS-iphonesimulator/all-product-headers.yaml -Xcc -iquote -Xcc /tmp/morsel-286-dd/Build/Intermediates.noindex/Morsel.build/Debug-iphonesimulator/MorselTests.build/MorselTests-project-headers.hmap -Xcc -I/tmp/morsel-286-dd/Build/Products/Debug-iphonesimulator/include -Xcc -I/tmp/morsel-286-dd/Build/Intermediates.noindex/Morsel.build/Debug-iphonesimulator/MorselTests.build/DerivedSources-normal/arm64 -Xcc -I/tmp/morsel-286-dd/Build/Intermediates.noindex/Morsel.build/Debug-iphonesimulator/MorselTests.build/DerivedSources/arm64 -Xcc -I/tmp/morsel-286-dd/Build/Intermediates.noindex/Morsel.build/Debug-iphonesimulator/MorselTests.build/DerivedSources -Xcc -DDEBUG\=1 -emit-objc-header -emit-objc-header-path /tmp/morsel-286-dd/Build/Intermediates.noindex/Morsel.build/Debug-iphonesimulator/MorselTests.build/Objects-normal/arm64/MorselTests-Swift.h -working-directory /tmp/morsel-286-mutation-qcdw70bm/issue-286-hero/app -experimental-emit-module-separately -disable-cmo

SwiftDriverJobDiscovery normal arm64 Compiling JournalVariantAParityTests.swift, LocalDayBucketTests.swift, LocalDayMigrationTests.swift, LocalStoreTests.swift, MealCaptureTests.swift, MealCorrectionsTests.swift, MealImageContractTests.swift, MealPhotoRevisionsTests.swift, MealPhotoThumbnailSurfaceTests.swift (in target 'MorselTests' from project 'Morsel')

Copy /tmp/morsel-286-dd/Build/Products/Debug-iphonesimulator/MorselTests.swiftmodule/arm64-apple-ios-simulator.swiftmodule /tmp/morsel-286-dd/Build/Intermediates.noindex/Morsel.build/Debug-iphonesimulator/MorselTests.build/Objects-normal/arm64/MorselTests.swiftmodule (in target 'MorselTests' from project 'Morsel')
    cd /tmp/morsel-286-mutation-qcdw70bm/issue-286-hero/app
    builtin-copy -exclude .DS_Store -exclude CVS -exclude .svn -exclude .git -exclude .hg -resolve-src-symlinks -rename /tmp/morsel-286-dd/Build/Intermediates.noindex/Morsel.build/Debug-iphonesimulator/MorselTests.build/Objects-normal/arm64/MorselTests.swiftmodule /tmp/morsel-286-dd/Build/Products/Debug-iphonesimulator/MorselTests.swiftmodule/arm64-apple-ios-simulator.swiftmodule

Copy /tmp/morsel-286-dd/Build/Products/Debug-iphonesimulator/MorselTests.swiftmodule/arm64-apple-ios-simulator.abi.json /tmp/morsel-286-dd/Build/Intermediates.noindex/Morsel.build/Debug-iphonesimulator/MorselTests.build/Objects-normal/arm64/MorselTests.abi.json (in target 'MorselTests' from project 'Morsel')
    cd /tmp/morsel-286-mutation-qcdw70bm/issue-286-hero/app
    builtin-copy -exclude .DS_Store -exclude CVS -exclude .svn -exclude .git -exclude .hg -resolve-src-symlinks -rename /tmp/morsel-286-dd/Build/Intermediates.noindex/Morsel.build/Debug-iphonesimulator/MorselTests.build/Objects-normal/arm64/MorselTests.abi.json /tmp/morsel-286-dd/Build/Products/Debug-iphonesimulator/MorselTests.swiftmodule/arm64-apple-ios-simulator.abi.json

Copy /tmp/morsel-286-dd/Build/Products/Debug-iphonesimulator/MorselTests.swiftmodule/Project/arm64-apple-ios-simulator.swiftsourceinfo /tmp/morsel-286-dd/Build/Intermediates.noindex/Morsel.build/Debug-iphonesimulator/MorselTests.build/Objects-normal/arm64/MorselTests.swiftsourceinfo (in target 'MorselTests' from project 'Morsel')
    cd /tmp/morsel-286-mutation-qcdw70bm/issue-286-hero/app
    builtin-copy -exclude .DS_Store -exclude CVS -exclude .svn -exclude .git -exclude .hg -resolve-src-symlinks -rename /tmp/morsel-286-dd/Build/Intermediates.noindex/Morsel.build/Debug-iphonesimulator/MorselTests.build/Objects-normal/arm64/MorselTests.swiftsourceinfo /tmp/morsel-286-dd/Build/Products/Debug-iphonesimulator/MorselTests.swiftmodule/Project/arm64-apple-ios-simulator.swiftsourceinfo

SwiftDriverJobDiscovery normal arm64 Compiling TrainingDayFixture.swift, TrainingDayTests.swift, TrainingFuelEvidenceTests.swift, TrainingFuelTests.swift, WeightDeltaCaptureTests.swift, WeightDeltaSurfaceTests.swift, WeightDeltaTests.swift, WeightImportTests.swift (in target 'MorselTests' from project 'Morsel')

SwiftDriverJobDiscovery normal arm64 Compiling AddMealReliabilityRegressionTests.swift, AppearanceThemeTests.swift, ArtworkIdentityReadTests.swift, ArtworkIdentitySurfaceTests.swift, ArtworkIdentityTests.swift, AuthEmailErrorCopyTests.swift, DashboardMathTests.swift, DatedTargetReadRenderTests.swift, DayReadCompositionTests.swift (in target 'MorselTests' from project 'Morsel')

SwiftDriverJobDiscovery normal arm64 Compiling HealthSyncCopyTests.swift, HealthTruthfulnessTests.swift, HeroDatedTargetTests.swift, HeroNativeRoundTripTests.swift, HistoryCachePaintTests.swift, HistoryCacheScopeTests.swift, HistoryCacheStateTests.swift, HistoryCacheTestSupport.swift, HistoryFreezeRegressionTests.swift (in target 'MorselTests' from project 'Morsel')

SwiftDriverJobDiscovery normal arm64 Compiling GoalsEditorTests.swift, GoalsPageRequestSpy.swift, GoalsPageTests.swift, GoalsPolishTests.swift, GoalsRestoreRenderingTests.swift, GoalsRestoreTests.swift, GoalsRestoreTransport.swift, HealthReliabilityTests.swift, HealthStatusAsyncTests.swift (in target 'MorselTests' from project 'Morsel')

SwiftDriverJobDiscovery normal arm64 Compiling RowArtworkRendererTests.swift, RowNoiseRegressionTests.swift, SharedButtonTargetTests.swift, StubSupabaseReadTransport.swift, TodayRefreshLifecycleTests.swift, TodayRefreshRegressionTests.swift, TodayRefreshTestSupport.swift, TrainingDayEvidenceTests.swift (in target 'MorselTests' from project 'Morsel')

SwiftDriverJobDiscovery normal arm64 Compiling DayReadDegradeEvidenceTests.swift, DayReadDegradeTests.swift, EndpointCopyTests.swift, FoodArtworkFallbackTests.swift, FoodLibraryIntegrationTests.swift, GoalsContextLazyLoadTests.swift, GoalsDirectionOwnershipTests.swift, GoalsDirectionProfileTests.swift, GoalsDirectionRaceTests.swift (in target 'MorselTests' from project 'Morsel')

SwiftDriverJobDiscovery normal arm64 Compiling HitRegionTests.swift, InteractionOwnershipTests.swift, JournalCalendarTests.swift, JournalDiaryLoadTests.swift, JournalFollowUpTests.swift, JournalFontRenderingTests.swift, JournalPagerRaceTests.swift, JournalRenderingTestSupport.swift, JournalSemanticsTests.swift (in target 'MorselTests' from project 'Morsel')

SwiftDriverJobDiscovery normal arm64 Compiling MealReliabilityTests.swift, MealThumbnailCacheTests.swift, MealThumbnailIntegrationTests.swift, MealThumbnailPreparationTests.swift, MealThumbnailReuseEvidenceTests.swift, MealThumbnailTestSupport.swift, NamedMenusTests.swift, NativeImageSigningTests.swift, NumericVoiceCaptureTests.swift (in target 'MorselTests' from project 'Morsel')

SwiftDriverJobDiscovery normal arm64 Compiling NumericVoiceTests.swift, OnboardingTests.swift, PageIdentityTests.swift, PaperDeleteAndSkeletonTests.swift, ParallelReadsTests.swift, PhotoAttachOnEditRegressionTests.swift, PhotoPipelineRegressionTests.swift, PhotoPreparationOffMainTests.swift, PhotoPreparationPublicationTests.swift (in target 'MorselTests' from project 'Morsel')

SwiftDriver\ Compilation MorselTests normal arm64 com.apple.xcode.tools.swift.compiler (in target 'MorselTests' from project 'Morsel')
    cd /tmp/morsel-286-mutation-qcdw70bm/issue-286-hero/app
    builtin-Swift-Compilation -- /Applications/Xcode.app/Contents/Developer/Toolchains/XcodeDefault.xctoolchain/usr/bin/swiftc -module-name MorselTests -Onone @/tmp/morsel-286-dd/Build/Intermediates.noindex/Morsel.build/Debug-iphonesimulator/MorselTests.build/Objects-normal/arm64/MorselTests.SwiftFileList -DDEBUG -plugin-path /Applications/Xcode.app/Contents/Developer/Toolchains/XcodeDefault.xctoolchain/usr/lib/swift/host/plugins/testing -enable-bare-slash-regex -enable-experimental-feature DebugDescriptionMacro -sdk /Applications/Xcode.app/Contents/Developer/Platforms/iPhoneSimulator.platform/Developer/SDKs/iPhoneSimulator26.5.sdk -target arm64-apple-ios17.0-simulator -g -module-cache-path /tmp/morsel-286-dd/ModuleCache.noindex -Xfrontend -serialize-debugging-options -enable-testing -index-store-path /tmp/morsel-286-dd/Index.noindex/DataStore -Xcc -D_LIBCPP_HARDENING_MODE\=_LIBCPP_HARDENING_MODE_DEBUG -swift-version 5 -I /tmp/morsel-286-dd/Build/Products/Debug-iphonesimulator -Isystem /Applications/Xcode.app/Contents/Developer/Platforms/iPhoneSimulator.platform/Developer/usr/lib -F /tmp/morsel-286-dd/Build/Products/Debug-iphonesimulator/PackageFrameworks -F /tmp/morsel-286-dd/Build/Products/Debug-iphonesimulator/PackageFrameworks -F /tmp/morsel-286-dd/Build/Products/Debug-iphonesimulator/PackageFrameworks -F /tmp/morsel-286-dd/Build/Products/Debug-iphonesimulator/PackageFrameworks -F /tmp/morsel-286-dd/Build/Products/Debug-iphonesimulator/PackageFrameworks -F /tmp/morsel-286-dd/Build/Products/Debug-iphonesimulator/PackageFrameworks -F /tmp/morsel-286-dd/Build/Products/Debug-iphonesimulator/PackageFrameworks -F /tmp/morsel-286-dd/Build/Products/Debug-iphonesimulator/PackageFrameworks -F /tmp/morsel-286-dd/Build/Products/Debug-iphonesimulator/PackageFrameworks -F /tmp/morsel-286-dd/Build/Products/Debug-iphonesimulator/PackageFrameworks -F /tmp/morsel-286-dd/Build/Products/Debug-iphonesimulator/PackageFrameworks -F /tmp/morsel-286-dd/Build/Products/Debug-iphonesimulator/PackageFrameworks -F /tmp/morsel-286-dd/Build/Products/Debug-iphonesimulator/PackageFrameworks -F /tmp/morsel-286-dd/Build/Products/Debug-iphonesimulator/PackageFrameworks -F /tmp/morsel-286-dd/Build/Products/Debug-iphonesimulator -F /Applications/Xcode.app/Contents/Developer/Platforms/iPhoneSimulator.platform/Developer/Library/Frameworks -F /Applications/Xcode.app/Contents/Developer/Platforms/iPhoneSimulator.platform/Developer/SDKs/iPhoneSimulator26.5.sdk/Developer/Library/Frameworks -c -j10 -enable-batch-mode -incremental -Xcc -ivfsstatcache -Xcc /tmp/morsel-286-dd/SDKStatCaches.noindex/iphonesimulator26.5-23F81a-6cfe768891a92b912361537c460fe42b.sdkstatcache -output-file-map /tmp/morsel-286-dd/Build/Intermediates.noindex/Morsel.build/Debug-iphonesimulator/MorselTests.build/Objects-normal/arm64/MorselTests-OutputFileMap.json -use-frontend-parseable-output -save-temps -no-color-diagnostics -explicit-module-build -module-cache-path /tmp/morsel-286-dd/Build/Intermediates.noindex/SwiftExplicitPrecompiledModules -clang-scanner-module-cache-path /tmp/morsel-286-dd/ModuleCache.noindex -sdk-module-cache-path /tmp/morsel-286-dd/ModuleCache.noindex -serialize-diagnostics -emit-dependencies -emit-module -emit-module-path /tmp/morsel-286-dd/Build/Intermediates.noindex/Morsel.build/Debug-iphonesimulator/MorselTests.build/Objects-normal/arm64/MorselTests.swiftmodule -validate-clang-modules-once -clang-build-session-file /tmp/morsel-286-dd/ModuleCache.noindex/Session.modulevalidation -Xcc -I/tmp/morsel-286-dd/Build/Intermediates.noindex/Morsel.build/Debug-iphonesimulator/MorselTests.build/swift-overrides.hmap -emit-const-values -Xfrontend -const-gather-protocols-file -Xfrontend /tmp/morsel-286-dd/Build/Intermediates.noindex/Morsel.build/Debug-iphonesimulator/MorselTests.build/Objects-normal/arm64/MorselTests_const_extract_protocols.json -Xcc -iquote -Xcc /tmp/morsel-286-dd/Build/Intermediates.noindex/Morsel.build/Debug-iphonesimulator/MorselTests.build/MorselTests-generated-files.hmap -Xcc -I/tmp/morsel-286-dd/Build/Intermediates.noindex/Morsel.build/Debug-iphonesimulator/MorselTests.build/MorselTests-own-target-headers.hmap -Xcc -I/tmp/morsel-286-dd/Build/Intermediates.noindex/Morsel.build/Debug-iphonesimulator/MorselTests.build/MorselTests-all-non-framework-target-headers.hmap -Xcc -ivfsoverlay -Xcc /tmp/morsel-286-dd/Build/Intermediates.noindex/Morsel.build/Debug-iphonesimulator/Morsel-17248c3624f98dc6f156c39ec7fad702-VFS-iphonesimulator/all-product-headers.yaml -Xcc -iquote -Xcc /tmp/morsel-286-dd/Build/Intermediates.noindex/Morsel.build/Debug-iphonesimulator/MorselTests.build/MorselTests-project-headers.hmap -Xcc -I/tmp/morsel-286-dd/Build/Products/Debug-iphonesimulator/include -Xcc -I/tmp/morsel-286-dd/Build/Intermediates.noindex/Morsel.build/Debug-iphonesimulator/MorselTests.build/DerivedSources-normal/arm64 -Xcc -I/tmp/morsel-286-dd/Build/Intermediates.noindex/Morsel.build/Debug-iphonesimulator/MorselTests.build/DerivedSources/arm64 -Xcc -I/tmp/morsel-286-dd/Build/Intermediates.noindex/Morsel.build/Debug-iphonesimulator/MorselTests.build/DerivedSources -Xcc -DDEBUG\=1 -emit-objc-header -emit-objc-header-path /tmp/morsel-286-dd/Build/Intermediates.noindex/Morsel.build/Debug-iphonesimulator/MorselTests.build/Objects-normal/arm64/MorselTests-Swift.h -working-directory /tmp/morsel-286-mutation-qcdw70bm/issue-286-hero/app -experimental-emit-module-separately -disable-cmo

Ld /tmp/morsel-286-dd/Build/Products/Debug-iphonesimulator/Morsel.app/PlugIns/MorselTests.xctest/MorselTests normal (in target 'MorselTests' from project 'Morsel')
    cd /tmp/morsel-286-mutation-qcdw70bm/issue-286-hero/app
    /Applications/Xcode.app/Contents/Developer/Toolchains/XcodeDefault.xctoolchain/usr/bin/clang -Xlinker -reproducible -target arm64-apple-ios17.0-simulator -bundle -isysroot /Applications/Xcode.app/Contents/Developer/Platforms/iPhoneSimulator.platform/Developer/SDKs/iPhoneSimulator26.5.sdk -O0 -L/tmp/morsel-286-dd/Build/Intermediates.noindex/EagerLinkingTBDs/Debug-iphonesimulator -L/tmp/morsel-286-dd/Build/Products/Debug-iphonesimulator -L/Applications/Xcode.app/Contents/Developer/Platforms/iPhoneSimulator.platform/Developer/usr/lib -F/tmp/morsel-286-dd/Build/Intermediates.noindex/EagerLinkingTBDs/Debug-iphonesimulator -F/tmp/morsel-286-dd/Build/Products/Debug-iphonesimulator/PackageFrameworks -F/tmp/morsel-286-dd/Build/Products/Debug-iphonesimulator/PackageFrameworks -F/tmp/morsel-286-dd/Build/Products/Debug-iphonesimulator/PackageFrameworks -F/tmp/morsel-286-dd/Build/Products/Debug-iphonesimulator/PackageFrameworks -F/tmp/morsel-286-dd/Build/Products/Debug-iphonesimulator/PackageFrameworks -F/tmp/morsel-286-dd/Build/Products/Debug-iphonesimulator/PackageFrameworks -F/tmp/morsel-286-dd/Build/Products/Debug-iphonesimulator/PackageFrameworks -F/tmp/morsel-286-dd/Build/Products/Debug-iphonesimulator/PackageFrameworks -F/tmp/morsel-286-dd/Build/Products/Debug-iphonesimulator/PackageFrameworks -F/tmp/morsel-286-dd/Build/Products/Debug-iphonesimulator/PackageFrameworks -F/tmp/morsel-286-dd/Build/Products/Debug-iphonesimulator/PackageFrameworks -F/tmp/morsel-286-dd/Build/Products/Debug-iphonesimulator/PackageFrameworks -F/tmp/morsel-286-dd/Build/Products/Debug-iphonesimulator/PackageFrameworks -F/tmp/morsel-286-dd/Build/Products/Debug-iphonesimulator/PackageFrameworks -F/tmp/morsel-286-dd/Build/Products/Debug-iphonesimulator -iframework /Applications/Xcode.app/Contents/Developer/Platforms/iPhoneSimulator.platform/Developer/Library/Frameworks -iframework /Applications/Xcode.app/Contents/Developer/Platforms/iPhoneSimulator.platform/Developer/SDKs/iPhoneSimulator26.5.sdk/Developer/Library/Frameworks -filelist /tmp/morsel-286-dd/Build/Intermediates.noindex/Morsel.build/Debug-iphonesimulator/MorselTests.build/Objects-normal/arm64/MorselTests.LinkFileList -Xlinker -rpath -Xlinker /usr/lib/swift -Xlinker -rpath -Xlinker /tmp/morsel-286-dd/Build/Products/Debug-iphonesimulator/PackageFrameworks -Xlinker -rpath -Xlinker @loader_path/Frameworks -Xlinker -rpath -Xlinker @executable_path/Frameworks -Xlinker -dead_strip -bundle_loader /tmp/morsel-286-dd/Build/Products/Debug-iphonesimulator/Morsel.app/Morsel -Xlinker -object_path_lto -Xlinker /tmp/morsel-286-dd/Build/Intermediates.noindex/Morsel.build/Debug-iphonesimulator/MorselTests.build/Objects-normal/arm64/MorselTests_lto.o -rdynamic -Xlinker -no_deduplicate -Xlinker -objc_abi_version -Xlinker 2 -Xlinker -dependency_info -Xlinker /tmp/morsel-286-dd/Build/Intermediates.noindex/Morsel.build/Debug-iphonesimulator/MorselTests.build/Objects-normal/arm64/MorselTests_dependency_info.dat -fobjc-link-runtime -L/Applications/Xcode.app/Contents/Developer/Toolchains/XcodeDefault.xctoolchain/usr/lib/swift/iphonesimulator -L/usr/lib/swift -Xlinker -add_ast_path -Xlinker /tmp/morsel-286-dd/Build/Intermediates.noindex/Morsel.build/Debug-iphonesimulator/MorselTests.build/Objects-normal/arm64/MorselTests.swiftmodule @/tmp/morsel-286-dd/Build/Intermediates.noindex/Morsel.build/Debug-iphonesimulator/MorselTests.build/Objects-normal/arm64/MorselTests-linker-args.resp -Wl,-no_warn_duplicate_libraries -Wl,-no_warn_duplicate_libraries -Wl,-no_warn_duplicate_libraries -Wl,-no_warn_duplicate_libraries -Wl,-no_warn_duplicate_libraries -Wl,-no_warn_duplicate_libraries -Wl,-no_warn_duplicate_libraries -Wl,-no_warn_duplicate_libraries -Wl,-no_warn_duplicate_libraries -Wl,-no_warn_duplicate_libraries -Wl,-no_warn_duplicate_libraries -Wl,-no_warn_duplicate_libraries -Wl,-no_warn_duplicate_libraries -Wl,-no_warn_duplicate_libraries -Xlinker -needed_framework -Xlinker XCTest -framework XCTest -Xlinker -needed-lXCTestSwiftSupport -lXCTestSwiftSupport /tmp/morsel-286-dd/Build/Products/Debug-iphonesimulator/Morsel.app/Morsel.debug.dylib -o /tmp/morsel-286-dd/Build/Products/Debug-iphonesimulator/Morsel.app/PlugIns/MorselTests.xctest/MorselTests

CopySwiftLibs /tmp/morsel-286-dd/Build/Products/Debug-iphonesimulator/Morsel.app/PlugIns/MorselTests.xctest (in target 'MorselTests' from project 'Morsel')
    cd /tmp/morsel-286-mutation-qcdw70bm/issue-286-hero/app
    builtin-swiftStdLibTool --copy --verbose --scan-executable /tmp/morsel-286-dd/Build/Products/Debug-iphonesimulator/Morsel.app/PlugIns/MorselTests.xctest/MorselTests --scan-folder /tmp/morsel-286-dd/Build/Products/Debug-iphonesimulator/Morsel.app/PlugIns/MorselTests.xctest/Frameworks --scan-folder /tmp/morsel-286-dd/Build/Products/Debug-iphonesimulator/Morsel.app/PlugIns/MorselTests.xctest/PlugIns --scan-folder /tmp/morsel-286-dd/Build/Products/Debug-iphonesimulator/Morsel.app/PlugIns/MorselTests.xctest/SystemExtensions --scan-folder /tmp/morsel-286-dd/Build/Products/Debug-iphonesimulator/Morsel.app/PlugIns/MorselTests.xctest/Extensions --platform iphonesimulator --toolchain /Applications/Xcode.app/Contents/Developer/Toolchains/XcodeDefault.xctoolchain --destination /tmp/morsel-286-dd/Build/Products/Debug-iphonesimulator/Morsel.app/PlugIns/MorselTests.xctest/Frameworks --strip-bitcode --scan-executable /Applications/Xcode.app/Contents/Developer/Platforms/iPhoneSimulator.platform/Developer/usr/lib/libXCTestSwiftSupport.dylib --strip-bitcode-tool /Applications/Xcode.app/Contents/Developer/Toolchains/XcodeDefault.xctoolchain/usr/bin/bitcode_strip --emit-dependency-info /tmp/morsel-286-dd/Build/Intermediates.noindex/Morsel.build/Debug-iphonesimulator/MorselTests.build/SwiftStdLibToolInputDependencies.dep --filter-for-swift-os
Ignoring --strip-bitcode because --sign was not passed

ExtractAppIntentsMetadata (in target 'MorselTests' from project 'Morsel')
    cd /tmp/morsel-286-mutation-qcdw70bm/issue-286-hero/app
    /Applications/Xcode.app/Contents/Developer/Toolchains/XcodeDefault.xctoolchain/usr/bin/appintentsmetadataprocessor --toolchain-dir /Applications/Xcode.app/Contents/Developer/Toolchains/XcodeDefault.xctoolchain --module-name MorselTests --sdk-root /Applications/Xcode.app/Contents/Developer/Platforms/iPhoneSimulator.platform/Developer/SDKs/iPhoneSimulator26.5.sdk --xcode-version 17F113 --platform-family iOS --deployment-target 17.0 --bundle-identifier com.jirathip.morsel.tests --output /tmp/morsel-286-dd/Build/Products/Debug-iphonesimulator/Morsel.app/PlugIns/MorselTests.xctest --target-triple arm64-apple-ios17.0-simulator --binary-file /tmp/morsel-286-dd/Build/Products/Debug-iphonesimulator/Morsel.app/PlugIns/MorselTests.xctest/MorselTests --dependency-file /tmp/morsel-286-dd/Build/Intermediates.noindex/Morsel.build/Debug-iphonesimulator/MorselTests.build/Objects-normal/arm64/MorselTests_dependency_info.dat --stringsdata-file /tmp/morsel-286-dd/Build/Intermediates.noindex/Morsel.build/Debug-iphonesimulator/MorselTests.build/Objects-normal/arm64/ExtractedAppShortcutsMetadata.stringsdata --source-file-list /tmp/morsel-286-dd/Build/Intermediates.noindex/Morsel.build/Debug-iphonesimulator/MorselTests.build/Objects-normal/arm64/MorselTests.SwiftFileList --metadata-file-list /tmp/morsel-286-dd/Build/Intermediates.noindex/Morsel.build/Debug-iphonesimulator/MorselTests.build/MorselTests.DependencyMetadataFileList --static-metadata-file-list /tmp/morsel-286-dd/Build/Intermediates.noindex/Morsel.build/Debug-iphonesimulator/MorselTests.build/MorselTests.DependencyStaticMetadataFileList --swift-const-vals-list /tmp/morsel-286-dd/Build/Intermediates.noindex/Morsel.build/Debug-iphonesimulator/MorselTests.build/Objects-normal/arm64/MorselTests.SwiftConstValuesFileList --compile-time-extraction --deployment-aware-processing --validate-assistant-intents --no-app-shortcuts-localization
2026-09-17 12:33:47.625 appintentsmetadataprocessor[34475:12839157] Starting appintentsmetadataprocessor export
2026-09-17 12:33:47.628 appintentsmetadataprocessor[34475:12839157] warning: Metadata extraction skipped. No AppIntents.framework dependency found.

Validate /tmp/morsel-286-dd/Build/Products/Debug-iphonesimulator/Morsel.app (in target 'Morsel' from project 'Morsel')
    cd /tmp/morsel-286-mutation-qcdw70bm/issue-286-hero/app
    builtin-validationUtility /tmp/morsel-286-dd/Build/Products/Debug-iphonesimulator/Morsel.app -shallow-bundle -infoplist-subpath Info.plist

note: Run script build phase 'Validate food-art completeness' will be run during every build because the option to run the script phase "Based on dependency analysis" is unchecked. (in target 'Morsel' from project 'Morsel')
2026-09-17 12:33:59.943713+0700 Morsel[34785:12841601] [General] Failed to send CA Event for app launch measurements for ca_event_type: 0 event_name: com.apple.app_launch_measurement.FirstFramePresentationMetric
2026-09-17 12:34:00.073750+0700 Morsel[34785:12841601] [General] Failed to send CA Event for app launch measurements for ca_event_type: 1 event_name: com.apple.app_launch_measurement.ExtendedLaunchMetrics
Test Suite 'Selected tests' started at 2569-09-17 12:34:00.423 PM.
Test Suite 'MorselTests.xctest' started at 2569-09-17 12:34:00.424 PM.
Test Suite 'HeroDatedTargetTests' started at 2569-09-17 12:34:00.424 PM.
Test Case '-[MorselTests.HeroDatedTargetTests testPastUsesSavedCaloriesAndMacrosNotTodaysGoal]' started.
2026-09-17 12:34:00.432858+0700 Morsel[34785:12840469] GSFont: file already registered - "file:///Users/jirathip/Library/Developer/CoreSimulator/Devices/AB3BD9FD-BCC4-4851-991B-6BD5E8AE53CE/data/Containers/Bundle/Application/FCBF1678-6913-4153-B199-090064C0AB30/Morsel.app/Caveat%5Bwght%5D.ttf"
2026-09-17 12:34:00.437566+0700 Morsel[34785:12840469] GSFont: file already registered - "file:///Users/jirathip/Library/Developer/CoreSimulator/Devices/AB3BD9FD-BCC4-4851-991B-6BD5E8AE53CE/data/Containers/Bundle/Application/FCBF1678-6913-4153-B199-090064C0AB30/Morsel.app/EBGaramond%5Bwght%5D.ttf"
2026-09-17 12:34:00.438322+0700 Morsel[34785:12840469] GSFont: file already registered - "file:///Users/jirathip/Library/Developer/CoreSimulator/Devices/AB3BD9FD-BCC4-4851-991B-6BD5E8AE53CE/data/Containers/Bundle/Application/FCBF1678-6913-4153-B199-090064C0AB30/Morsel.app/EBGaramond-Italic%5Bwght%5D.ttf"
2026-09-17 12:34:00.439072+0700 Morsel[34785:12840469] GSFont: file already registered - "file:///Users/jirathip/Library/Developer/CoreSimulator/Devices/AB3BD9FD-BCC4-4851-991B-6BD5E8AE53CE/data/Containers/Bundle/Application/FCBF1678-6913-4153-B199-090064C0AB30/Morsel.app/IBMPlexMono-Regular.ttf"
2026-09-17 12:34:00.439727+0700 Morsel[34785:12840469] GSFont: file already registered - "file:///Users/jirathip/Library/Developer/CoreSimulator/Devices/AB3BD9FD-BCC4-4851-991B-6BD5E8AE53CE/data/Containers/Bundle/Application/FCBF1678-6913-4153-B199-090064C0AB30/Morsel.app/IBMPlexMono-Medium.ttf"
2026-09-17 12:34:01.448586+0700 Morsel[34785:12841632] fopen failed for data file: errno = 2 (No such file or directory)
2026-09-17 12:34:01.923792+0700 Morsel[34785:12841632] fopen failed for data file: errno = 2 (No such file or directory)
2026-09-17 12:34:03.902965+0700 Morsel[34785:12841621] [Query] Error for queryMetaDataSync: 2
/tmp/morsel-286-mutation-qcdw70bm/issue-286-hero/app/Tests/MorselTests/HeroDatedTargetTests.swift:12: error: -[MorselTests.HeroDatedTargetTests testPastUsesSavedCaloriesAndMacrosNotTodaysGoal] : XCTAssertTrue failed - Wednesday, 16 September
Wednesday,
16 Sep
+
EATEN
1,953 kcal
From your logged food
16.SEP.2026
Saved target. 3,000 kcal
Protein
Carbs
Fat
124 / 180g
162 / 350g
80 / 100g
TODAY'S LOG
1 meals • 1,953 kcal
Lunch 7:00PM
1,953 kcal
X
Repro meal
1 serving
P 124g. C 162g. F 80g
1,953
kcal
>
/tmp/morsel-286-mutation-qcdw70bm/issue-286-hero/app/Tests/MorselTests/HeroDatedTargetTests.swift:13: error: -[MorselTests.HeroDatedTargetTests testPastUsesSavedCaloriesAndMacrosNotTodaysGoal] : XCTAssertTrue failed - Wednesday, 16 September
Wednesday,
16 Sep
+
EATEN
1,953 kcal
From your logged food
16.SEP.2026
Saved target. 3,000 kcal
Protein
Carbs
Fat
124 / 180g
162 / 350g
80 / 100g
TODAY'S LOG
1 meals • 1,953 kcal
Lunch 7:00PM
1,953 kcal
X
Repro meal
1 serving
P 124g. C 162g. F 80g
1,953
kcal
>
/tmp/morsel-286-mutation-qcdw70bm/issue-286-hero/app/Tests/MorselTests/HeroDatedTargetTests.swift:13: error: -[MorselTests.HeroDatedTargetTests testPastUsesSavedCaloriesAndMacrosNotTodaysGoal] : XCTAssertTrue failed - Wednesday, 16 September
Wednesday,
16 Sep
+
EATEN
1,953 kcal
From your logged food
16.SEP.2026
Saved target. 3,000 kcal
Protein
Carbs
Fat
124 / 180g
162 / 350g
80 / 100g
TODAY'S LOG
1 meals • 1,953 kcal
Lunch 7:00PM
1,953 kcal
X
Repro meal
1 serving
P 124g. C 162g. F 80g
1,953
kcal
>
/tmp/morsel-286-mutation-qcdw70bm/issue-286-hero/app/Tests/MorselTests/HeroDatedTargetTests.swift:13: error: -[MorselTests.HeroDatedTargetTests testPastUsesSavedCaloriesAndMacrosNotTodaysGoal] : XCTAssertTrue failed - Wednesday, 16 September
Wednesday,
16 Sep
+
EATEN
1,953 kcal
From your logged food
16.SEP.2026
Saved target. 3,000 kcal
Protein
Carbs
Fat
124 / 180g
162 / 350g
80 / 100g
TODAY'S LOG
1 meals • 1,953 kcal
Lunch 7:00PM
1,953 kcal
X
Repro meal
1 serving
P 124g. C 162g. F 80g
1,953
kcal
>
/tmp/morsel-286-mutation-qcdw70bm/issue-286-hero/app/Tests/MorselTests/HeroDatedTargetTests.swift:14: error: -[MorselTests.HeroDatedTargetTests testPastUsesSavedCaloriesAndMacrosNotTodaysGoal] : XCTAssertFalse failed - Wednesday, 16 September
Wednesday,
16 Sep
+
EATEN
1,953 kcal
From your logged food
16.SEP.2026
Saved target. 3,000 kcal
Protein
Carbs
Fat
124 / 180g
162 / 350g
80 / 100g
TODAY'S LOG
1 meals • 1,953 kcal
Lunch 7:00PM
1,953 kcal
X
Repro meal
1 serving
P 124g. C 162g. F 80g
1,953
kcal
>
ISSUE286-SAVED paper: Wednesday, 16 September | Wednesday, | 16 Sep | + | EATEN | 1,953 kcal | From your logged food | 16.SEP.2026 | Saved target. 3,000 kcal | Protein | Carbs | Fat | 124 / 180g | 162 / 350g | 80 / 100g | TODAY'S LOG | 1 meals • 1,953 kcal | Lunch 7:00PM | 1,953 kcal | X | Repro meal | 1 serving | P 124g. C 162g. F 80g | 1,953 | kcal | >
2026-09-17 12:34:05.235852+0700 Morsel[34785:12840469] GSFont: file already registered - "file:///Users/jirathip/Library/Developer/CoreSimulator/Devices/AB3BD9FD-BCC4-4851-991B-6BD5E8AE53CE/data/Containers/Bundle/Application/FCBF1678-6913-4153-B199-090064C0AB30/Morsel.app/Caveat%5Bwght%5D.ttf"
2026-09-17 12:34:05.236466+0700 Morsel[34785:12840469] GSFont: file already registered - "file:///Users/jirathip/Library/Developer/CoreSimulator/Devices/AB3BD9FD-BCC4-4851-991B-6BD5E8AE53CE/data/Containers/Bundle/Application/FCBF1678-6913-4153-B199-090064C0AB30/Morsel.app/EBGaramond%5Bwght%5D.ttf"
2026-09-17 12:34:05.236921+0700 Morsel[34785:12840469] GSFont: file already registered - "file:///Users/jirathip/Library/Developer/CoreSimulator/Devices/AB3BD9FD-BCC4-4851-991B-6BD5E8AE53CE/data/Containers/Bundle/Application/FCBF1678-6913-4153-B199-090064C0AB30/Morsel.app/EBGaramond-Italic%5Bwght%5D.ttf"
2026-09-17 12:34:05.237367+0700 Morsel[34785:12840469] GSFont: file already registered - "file:///Users/jirathip/Library/Developer/CoreSimulator/Devices/AB3BD9FD-BCC4-4851-991B-6BD5E8AE53CE/data/Containers/Bundle/Application/FCBF1678-6913-4153-B199-090064C0AB30/Morsel.app/IBMPlexMono-Regular.ttf"
2026-09-17 12:34:05.240942+0700 Morsel[34785:12840469] GSFont: file already registered - "file:///Users/jirathip/Library/Developer/CoreSimulator/Devices/AB3BD9FD-BCC4-4851-991B-6BD5E8AE53CE/data/Containers/Bundle/Application/FCBF1678-6913-4153-B199-090064C0AB30/Morsel.app/IBMPlexMono-Medium.ttf"
/tmp/morsel-286-mutation-qcdw70bm/issue-286-hero/app/Tests/MorselTests/HeroDatedTargetTests.swift:12: error: -[MorselTests.HeroDatedTargetTests testPastUsesSavedCaloriesAndMacrosNotTodaysGoal] : XCTAssertTrue failed - Wednesday, 16 September
Wednesday,
16 Sep
+
EATEN
1,953 kcal
From your logged food
16. SEP.2026
Saved target • 3,000 kcal
Protein
Carbs
Fat
124 / 180g
162 / 350g
80 / 100g
TODAY'S LOG
1 meals • 1,953 kcal
Lunch 7:00PM
1,953 kcal
X
Repro meal
1 serving
P 124g. C 162g. F 80g
1,953
kcal
/tmp/morsel-286-mutation-qcdw70bm/issue-286-hero/app/Tests/MorselTests/HeroDatedTargetTests.swift:13: error: -[MorselTests.HeroDatedTargetTests testPastUsesSavedCaloriesAndMacrosNotTodaysGoal] : XCTAssertTrue failed - Wednesday, 16 September
Wednesday,
16 Sep
+
EATEN
1,953 kcal
From your logged food
16. SEP.2026
Saved target • 3,000 kcal
Protein
Carbs
Fat
124 / 180g
162 / 350g
80 / 100g
TODAY'S LOG
1 meals • 1,953 kcal
Lunch 7:00PM
1,953 kcal
X
Repro meal
1 serving
P 124g. C 162g. F 80g
1,953
kcal
/tmp/morsel-286-mutation-qcdw70bm/issue-286-hero/app/Tests/MorselTests/HeroDatedTargetTests.swift:13: error: -[MorselTests.HeroDatedTargetTests testPastUsesSavedCaloriesAndMacrosNotTodaysGoal] : XCTAssertTrue failed - Wednesday, 16 September
Wednesday,
16 Sep
+
EATEN
1,953 kcal
From your logged food
16. SEP.2026
Saved target • 3,000 kcal
Protein
Carbs
Fat
124 / 180g
162 / 350g
80 / 100g
TODAY'S LOG
1 meals • 1,953 kcal
Lunch 7:00PM
1,953 kcal
X
Repro meal
1 serving
P 124g. C 162g. F 80g
1,953
kcal
/tmp/morsel-286-mutation-qcdw70bm/issue-286-hero/app/Tests/MorselTests/HeroDatedTargetTests.swift:13: error: -[MorselTests.HeroDatedTargetTests testPastUsesSavedCaloriesAndMacrosNotTodaysGoal] : XCTAssertTrue failed - Wednesday, 16 September
Wednesday,
16 Sep
+
EATEN
1,953 kcal
From your logged food
16. SEP.2026
Saved target • 3,000 kcal
Protein
Carbs
Fat
124 / 180g
162 / 350g
80 / 100g
TODAY'S LOG
1 meals • 1,953 kcal
Lunch 7:00PM
1,953 kcal
X
Repro meal
1 serving
P 124g. C 162g. F 80g
1,953
kcal
/tmp/morsel-286-mutation-qcdw70bm/issue-286-hero/app/Tests/MorselTests/HeroDatedTargetTests.swift:14: error: -[MorselTests.HeroDatedTargetTests testPastUsesSavedCaloriesAndMacrosNotTodaysGoal] : XCTAssertFalse failed - Wednesday, 16 September
Wednesday,
16 Sep
+
EATEN
1,953 kcal
From your logged food
16. SEP.2026
Saved target • 3,000 kcal
Protein
Carbs
Fat
124 / 180g
162 / 350g
80 / 100g
TODAY'S LOG
1 meals • 1,953 kcal
Lunch 7:00PM
1,953 kcal
X
Repro meal
1 serving
P 124g. C 162g. F 80g
1,953
kcal
ISSUE286-SAVED night: Wednesday, 16 September | Wednesday, | 16 Sep | + | EATEN | 1,953 kcal | From your logged food | 16. SEP.2026 | Saved target • 3,000 kcal | Protein | Carbs | Fat | 124 / 180g | 162 / 350g | 80 / 100g | TODAY'S LOG | 1 meals • 1,953 kcal | Lunch 7:00PM | 1,953 kcal | X | Repro meal | 1 serving | P 124g. C 162g. F 80g | 1,953 | kcal
Test Case '-[MorselTests.HeroDatedTargetTests testPastUsesSavedCaloriesAndMacrosNotTodaysGoal]' failed (7.216 seconds).
Test Suite 'HeroDatedTargetTests' failed at 2569-09-17 12:34:07.642 PM.
	 Executed 1 test, with 10 failures (0 unexpected) in 7.216 (7.218) seconds
Test Suite 'MorselTests.xctest' failed at 2569-09-17 12:34:07.642 PM.
	 Executed 1 test, with 10 failures (0 unexpected) in 7.216 (7.219) seconds
Test Suite 'Selected tests' failed at 2569-09-17 12:34:07.643 PM.
	 Executed 1 test, with 10 failures (0 unexpected) in 7.216 (7.220) seconds
2026-09-17 12:34:37.248 xcodebuild[24420:12817057] [MT] IDETestOperationsObserverDebug: 49.393 elapsed -- Testing started completed.
2026-09-17 12:34:37.248 xcodebuild[24420:12817057] [MT] IDETestOperationsObserverDebug: 0.000 sec, +0.000 sec -- start
2026-09-17 12:34:37.248 xcodebuild[24420:12817057] [MT] IDETestOperationsObserverDebug: 49.393 sec, +49.393 sec -- end

Test session results, code coverage, and logs:
	/Users/jirathip/.herdr/worktrees/morsel/issue-286-hero/.lane-logs/mutation-red.xcresult

Failing tests:
	HeroDatedTargetTests.testPastUsesSavedCaloriesAndMacrosNotTodaysGoal()
	HeroDatedTargetTests.testPastUsesSavedCaloriesAndMacrosNotTodaysGoal()
	HeroDatedTargetTests.testPastUsesSavedCaloriesAndMacrosNotTodaysGoal()
	HeroDatedTargetTests.testPastUsesSavedCaloriesAndMacrosNotTodaysGoal()
	HeroDatedTargetTests.testPastUsesSavedCaloriesAndMacrosNotTodaysGoal()
	HeroDatedTargetTests.testPastUsesSavedCaloriesAndMacrosNotTodaysGoal()

** TEST FAILED **

Testing started

RAW_EXIT=65
